features,VIF Factor
log_P(atm),14.797075513440825
log_Fuel(%),417.7697658678074
log_Oxidizer(%),221.15924112917853
T0/S_H__T,22.975860094996474
T0/T,52.860114931517955
