features,VIF Factor
log_P(atm),4.448210078508463
log_Fuel(%),20.112130289100975
log_Oxidizer(%),17.176384606010295
T0/S_H__T,2.2142930678431143
T0/T,6.674958862898433
