,y_predicted,y_actual,Relative Error
1437,16.217350346580854,16,0.0135843966613034
330,17.89608603871036,18,0.00577299784942436
1481,20.43467224282976,22,0.07115126168955642
719,17.1505228804302,17,0.008854287084129327
689,21.567791518404373,23,0.06226993398241855
3731,10.08429125424653,13,0.2242852881348823
1378,14.268440405403362,13,0.09757233887718172
498,23.70988891447177,29,0.1824176236389045
