Constant,log_P(atm),log_Fuel(%),log_Oxidizer(%),T0/S_H__T,T0/T,Training_R2,Testing_R2
-2.3668,-0.7703,-0.522,-0.0091,4.4667,11.5605,0.9528053150535931,0.8730299562640069
