,Constant,log_P(atm),log_Fuel(%),log_Oxidizer(%),T0/S_H__T,T0/T
14,1.0,0.7747271675523681,-3.506557897319982,-0.9480394301887354,0.036635404454865184,0.5861664712778429
24,1.0,0.7654678421395714,-3.506557897319982,-0.7657178733947807,0.036635404454865184,0.5861664712778429
127,1.0,3.295836866004329,0.11600367575630613,3.033509637888021,0.0687757909215956,1.375515818431912
172,1.0,2.740840023925201,-2.3025850929940455,1.308332819650179,0.035161744022503515,0.7032348804500703
181,1.0,0.8020015854720274,-3.2941383093687477,-0.2876820724517809,0.03026634382566586,0.6053268765133172
184,1.0,0.8153648132841944,-3.146555163288575,-0.2876820724517809,0.030543677458766034,0.6108735491753207
192,1.0,3.3568971227655755,0.11600367575630613,3.033509637888021,0.0646830530401035,1.2936610608020698
200,1.0,0.8020015854720274,-3.2188758248682006,-0.2876820724517809,0.031545741324921134,0.6309148264984227
341,1.0,0.7030975114131134,-2.995732273553991,-1.1239300966523995,0.1419647927314026,0.5678591709256104
