,y_predicted,y_actual,Relative Error
0,7.546098123715775,7.266827347520591,0.03843090840605563
1,7.991960914766698,7.855932199718614,0.017315413574083005
2,8.244539521876103,7.497207223203318,0.09968142488576887
3,7.24225200907238,7.358193752733032,0.01575682124673444
4,7.0615945252321435,7.088408778675395,0.003782831137492881
