features,VIF Factor
fixed_acidity,3.5089128491484813
volatile_acidity,1.1351952143452624
citric_acid,1.2584150041120095
residual_sugar,17.803238299947132
chlorides,1.1677097259708598
free_sulfur_dioxide,2.0351512239427576
total_sulfur_dioxide,2.5438734114168597
density,38.183952024752806
pH,2.819675797827036
sulphates,1.2024832690363947
alcohol,8.690353149780492
