features,VIF Factor
fixed_acidity,4.599492756558209
volatile_acidity,1.3631714772513577
citric_acid,1.3681801630023431
residual_sugar,13.118320922435124
chlorides,1.6239390514701246
free_sulfur_dioxide,2.8691069816903436
total_sulfur_dioxide,4.137900039903127
density,29.13818197630212
pH,3.693514951954597
sulphates,1.6570741747825564
alcohol,8.265071792297308
