,y_predicted,y_actual,Relative Error
0,5.622740203182491,5.3230099791384085,0.056308409193062806
1,6.699550740789611,6.480044561926653,0.033874177371041786
2,8.419581808105,8.422442854870427,0.00033969322377437936
3,8.49033331491104,8.428799040653642,0.007300479458651954
4,6.540187349627811,5.966146739123692,0.09621630771160576
5,7.212608824120635,7.088408778675395,0.017521569272201273
