,y_predicted,y_actual,Relative Error
0,4.6121054469540805,4.060443010546419,0.13586262261895987
1,5.037830807992695,6.182084906716632,0.18509194163295026
2,5.732767021480913,6.297109319933935,0.0896192633446203
3,4.847148914379186,4.454347296253507,0.0881838779064352
4,4.800133224387966,4.532599493153256,0.059024348310243176
5,5.075667320485348,5.003946305945459,0.01433289051376769
