,y_predicted,y_actual,Relative Error
2664,17.483143413994107,18.0,0.028714254778105186
3162,21.839117319038163,22.0,0.00731284913462896
432,16.088609747633523,15.0,0.07257398317556821
935,14.323504155541205,15.0,0.045099722963919696
