,y_predicted,y_actual,Relative Error
376,5.270568090475166,5.278114659230517,0.001429784921809763
340,4.806773653893582,4.976733742420574,0.03415093057486488
1,5.06781757452976,5.003946305945459,0.012764179445413205
267,4.666414295024135,4.875197323201151,0.04282555440031394
