,y_predicted,y_actual,Relative Error
1536,4.0107167112503195,4,0.0026791778125798693
134,4.051972690606489,4,0.012993172651622142
1097,3.989670690803907,4,0.0025823272990233015
1581,3.9400875942201044,4,0.014978101444973912
996,4.009463628697241,4,0.002365907174310289
