features,VIF Factor
len,72.01246311215361
dia,83.37908460395117
hei,10.987138868040985
w_wei,201.37081479027012
s_wei,48.402777126372676
v_wei,24.281158416029417
sh_wei,44.892294766032464
