features,VIF Factor
log_P(atm),1.5793621888926146
log_Fuel(%),11.788253070474214
log_Oxidizer(%),13.489717801179324
T0/S_H__T,2.382478052935367
T0/T,4.006370527846046
