,y_predicted,y_actual,Relative Error
175,4.703813502996362,4.912654885736052,0.04251090043920314
0,5.201201813646916,5.44673737166631,0.04507938262209206
287,4.541667089461354,4.605170185988092,0.013789522202665843
44,7.067382933975493,6.690842277418564,0.05627701878846331
