features,VIF Factor
log_P(atm),4.891763003145123
log_Fuel(%),15.987336783426443
log_Oxidizer(%),12.386923690730587
T0/S_H__T,3.8124707302213516
T0/T,6.5528821874475796
