features,VIF Factor
log_P(atm),2.93702158671275
log_Fuel(%),8.779177703111419
log_Oxidizer(%),8.707377130378381
T0/S_H__T,2.0734834907135613
T0/T,3.916342120727222
