features,VIF Factor
log_P(atm),4.04202870536311
log_Fuel(%),9.449282746221604
log_Oxidizer(%),8.433457857223127
T0/S_H__T,2.7412263151698877
T0/T,4.727286199856484
