features,VIF Factor
log_P(atm),2.273308121516873
log_Fuel(%),7.172840926821552
log_Oxidizer(%),7.3008108491564165
T0/S_H__T,2.071478424943187
T0/T,3.1382251709118325
