features,VIF Factor
log_P(atm),3.123543215991615
log_Fuel(%),13.608462794761936
log_Oxidizer(%),11.117384054794824
T0/S_H__T,2.62349367095838
T0/T,3.491460255251702
