features,VIF Factor
log_P(atm),3.4067639726892733
log_Fuel(%),7.110813780120101
log_Oxidizer(%),10.890410301065142
T0/S_H__T,2.444962106714237
T0/T,6.229538261365487
