features,VIF Factor
log_P(atm),1.9716268989530032
log_Fuel(%),4.952685234509119
log_Oxidizer(%),6.223715163981058
T0/S_H__T,1.9199107604175305
T0/T,2.786876174975847
