features,VIF Factor
log_P(atm),2.3081098111324643
log_Fuel(%),14.643714438686075
log_Oxidizer(%),14.387741945321292
T0/S_H__T,2.738102808692214
T0/T,3.2608564797254016
