features,VIF Factor
log_P(atm),2.961034132326871
log_Fuel(%),21.149325031292424
log_Oxidizer(%),21.57526150907513
T0/S_H__T,2.363437276633524
T0/T,3.9349088661163845
