features,VIF Factor
log_P(atm),1.4429034810847192
log_Fuel(%),5.930196117516511
log_Oxidizer(%),7.145122311602008
T0/S_H__T,2.260689481137959
T0/T,3.1643427151290955
