features,VIF Factor
log_P(atm),5.0025702533897665
log_Fuel(%),23.43581889442151
log_Oxidizer(%),21.0957825490191
T0/S_H__T,2.5174546995725406
T0/T,5.727547647062644
