features,VIF Factor
log_P(atm),4.886995326789793
log_Fuel(%),20.803618624005253
log_Oxidizer(%),16.97352245613301
T0/S_H__T,2.840480093769136
T0/T,7.0040035511768215
