features,VIF Factor
log_P(atm),2.117193046545415
log_Fuel(%),6.6465320632112865
log_Oxidizer(%),8.451973325903582
T0/S_H__T,1.971816640229349
T0/T,3.009999193441317
