features,VIF Factor
log_P(atm),2.9932881640171605
log_Fuel(%),11.09562584682921
log_Oxidizer(%),12.027442111457075
T0/S_H__T,2.062514851993488
T0/T,3.8669636050999543
