features,VIF Factor
log_P(atm),2.1789641198515457
log_Fuel(%),8.926414992190873
log_Oxidizer(%),9.19026145967111
T0/S_H__T,2.2454643186292116
T0/T,3.0440734810915027
