features,VIF Factor
log_P(atm),2.385362258645706
log_Fuel(%),7.6107916419193575
log_Oxidizer(%),7.753267152933949
T0/S_H__T,2.1264079875085717
T0/T,3.1913437471683093
