features,VIF Factor
log_P(atm),3.978802934939507
log_Fuel(%),12.283433434408453
log_Oxidizer(%),11.032085306216123
T0/S_H__T,2.470734810478534
T0/T,5.170910348940771
