,Constant,log_P(atm),log_Fuel(%),log_Oxidizer(%),T0/S_H__T,T0/T,Class,Time(μs)_actual,Time(μs)_predicted
19,1.0,1.8421356765531218,0.5888971591861462,3.044522437723423,0.05324813631522897,1.0649627263045793,11,6.298949246855942,5.845209702109601
29,1.0,1.5953389880545987,0.9427379018890034,3.044522437723423,0.05328218243819267,0.8525149190110827,11,6.856461984594587,4.852003207679523
33,1.0,0.0769610411361284,0.0,2.5649493574615367,0.17580872011251758,0.7032348804500703,11,4.875197323201151,4.737193767265994
