,Constant,log_P(atm),log_Fuel(%),log_Oxidizer(%),T0/S_H__T,T0/T,Class,Time(μs)_actual,Time(μs)_predicted
21,1.0,3.122364924487357,-0.5709295478356962,3.0392705755684744,0.054945054945054944,1.098901098901099,7,7.665753431861699,7.026401581784334
31,1.0,0.5653138090500605,-1.5606477482646683,1.3862943611198906,0.09811616954474098,0.7849293563579278,7,7.110696122978827,6.086798371723618
38,1.0,0.5364933705145685,-1.854699269001929,1.3862943611198906,0.026396367859782496,0.7390983000739099,7,6.56244409369372,5.728915062535562
