,Constant,log_P(atm),log_Fuel(%),log_Oxidizer(%),T0/S_H__T,T0/T,Class,Time(μs)_actual,Time(μs)_predicted
3,1.0,0.19885085874516517,-0.916290731874155,2.174751721484161,0.07423904974016332,0.7423904974016332,8,5.777652323222656,5.501592062936385
4,1.0,0.19885085874516517,-1.0216512475319814,1.4816045409242156,0.06702412868632708,0.6702412868632708,8,4.948759890378168,5.022937740034299
5,1.0,4.014579593753238,0.6280751838162305,3.0252910757955354,0.1072961373390558,1.0729613733905579,8,5.777652323222656,5.539310150578483
15,1.0,0.7608058290337602,-3.101092789211817,-0.2876820724517809,0.03158559696778269,0.6317119393556538,8,4.499809670330265,4.63588793657726
20,1.0,0.7747271675523681,-3.123565645063876,-0.2876820724517809,0.032552083333333336,0.6510416666666666,8,4.941642422609304,4.766433847911934
28,1.0,3.292126286607793,0.11600367575630613,3.033509637888021,0.061124694376528114,1.2224938875305624,8,6.78105762593618,7.0500290243630745
36,1.0,0.131028262406404,0.0,2.5649493574615367,0.1849112426035503,0.7396449704142012,8,5.726847747587197,5.43227640851798
