,y_predicted,y_actual,Relative Error
153,3.8054163525655254,3.6109179126442243,0.053863988223114306
185,6.944279790557436,6.298949246855942,0.10245050696726987
180,6.444267945331223,5.723585101952381,0.12591458509684939
