,y_predicted,y_actual,Relative Error
2199,8.507971582320863,8,0.06349644779010788
1829,7.2652239637722005,7,0.03788913768174292
821,8.018464993211417,8,0.0023081241514271156
3240,7.981211519024178,8,0.0023485601219777053
