,y_predicted,y_actual,Relative Error
341,6.381920446649251,7,0.088297079050107
1378,12.20426130147765,13,0.061210669117103794
