,y_predicted,y_actual,Relative Error
0,3.9584837478155457,3,0.3194945826051819
1,4.109348615648685,5,0.17813027687026306
2,7.597695276985609,9,0.15581163589048785
3,11.039512301543304,9,0.22661247794925604
4,7.094865590003529,9,0.211681601110719
5,3.836827658413138,3,0.2789425528043794
6,6.045290269978172,6,0.0075483783296953115
