,y_predicted,y_actual,Relative Error
0,18.6739448028141,18,0.03744137793411658
1,13.675371346491879,8,0.7094214183114849
2,13.641263514108449,6,1.2735439190180748
3,15.686128414640262,9,0.7429031571822513
4,14.040406331843553,9,0.560045147982617
5,21.5531074742705,15,0.4368738316180334
6,14.673687336978677,10,0.4673687336978677
7,13.942374655769722,10,0.3942374655769722
8,18.358275660265527,13,0.4121750507896559
9,16.99145214404294,15,0.13276347626952922
