,y_predicted,y_actual,Relative Error
0,5.166312455222696,7,0.2619553635396148
1,4.040495801905273,6,0.32658403301578787
