,y_predicted,y_actual,Relative Error
3122,4.9933979053166695,5,0.0013204189366661013
267,5.394548060010692,5,0.07890961200213838
1551,4.904837305735555,5,0.019032538852889046
2783,4.8984869274978,5,0.020302614500440085
585,4.194534071542222,4,0.04863351788555548
1635,5.027448570468464,5,0.005489714093692833
