,y_predicted,y_actual,Relative Error
0,19.28630351378842,13.8,0.39755822563684184
1,16.147485776632283,14.3,0.12919480955470508
2,17.64022206343959,17.3,0.01966601522772198
3,17.993112219218,18.6,0.03262837531086037
