,y_predicted,y_actual,Relative Error
1419,13.870947537831025,13,0.0669959644485404
1045,16.791279917175082,16,0.04945499482344262
566,16.08850874554129,17,0.05361713261521823
778,16.366828775188637,16,0.022926798449289798
3300,19.977082405680616,19,0.051425389772663976
1437,14.523076973194271,16,0.09230768917535803
1873,19.95679512910717,21,0.04967642242346806
