,y_predicted,y_actual,Relative Error
1345,6.9152139558628125,7,0.012112292019598212
2855,5.9153270152493,6,0.014112164125116658
81,6.998882682590311,7,0.00015961677281265248
