features,VIF Factor
log_P(atm),2.1281362381353497
log_Fuel(%),5.927803720990805
log_Oxidizer(%),6.654576078614152
T0/S_H__T,2.0806245371648844
T0/T,3.09327029153926
