Constant,fixed_acidity,volatile_acidity,citric_acid,residual_sugar,chlorides,free_sulfur_dioxide,total_sulfur_dioxide,density,pH,sulphates,alcohol,training_adj_r2
104.55650847317543,0.06052612356404474,-0.19670804603986314,-0.01704183259097984,0.0740167012293004,-0.0020021870619827964,0.03264920208364644,-0.033730901122762336,-10.433159350684527,0.6102061894024846,0.06271960694929841,0.2765679368365076,0.988610550812459
