Constant,fixed_acidity,volatile_acidity,citric_acid,residual_sugar,chlorides,free_sulfur_dioxide,total_sulfur_dioxide,density,pH,sulphates,alcohol,training_adj_r2
174.73716350666854,0.005984231190877497,-0.18203253372527534,0.01994053171494989,0.08749696496332497,-0.0004494697202553704,0.01583558815211524,0.08972508382362793,-17.376508930747505,0.3346301614983503,0.07107129464591828,0.1247410366930951,0.5094166825100598
