features,VIF Factor
log_P(atm),1.6530975470165479
log_Fuel(%),12.82137039696688
log_Oxidizer(%),13.091615157949684
T0/S_H__T,2.679804931677756
T0/T,4.436896346861097
