,y_predicted,y_actual,Relative Error
10,4.496708504975722,4.48863636973214,0.0017983491151152605
549,6.127614484532414,6.320768294250582,0.030558596791763874
