,y_predicted,y_actual,Relative Error
0,50.55574028842851,50.0,0.011114805768570192
1,30.606645829366265,28.7,0.06643365259115908
2,46.69597157425813,37.6,0.24191413761324812
