,y_predicted,y_actual,Relative Error
3580,12.002160589387202,12.0,0.00018004911560017453
136,14.789748987729798,15.0,0.01401673415134681
3233,15.200309753217741,15.0,0.013353983547849424
1081,14.987075264049256,15.0,0.0008616490633829225
695,13.149276348274357,13.0,0.01148279602110441
3659,14.927801939976902,15.0,0.004813204001539854
661,9.960514668439997,10.0,0.003948533156000344
955,18.829887448581033,19.0,0.00895329217994563
350,15.627131055369976,16.0,0.023304309039376525
