,y_predicted,y_actual,Relative Error
3267,6.897300897671504,7.0,0.014671300332642316
2116,12.947851537278115,13.0,0.004011420209375744
2175,16.013153694857994,16.0,0.000822105928624639
3235,7.030811814068103,7.0,0.004401687724014661
3069,11.973026474090762,12.0,0.0022477938257698207
