,y_predicted,y_actual,Relative Error
1858,5.9700873368462055,6,0.0049854438589657475
1394,4.852110627511002,5,0.029577874497799604
594,8.531270810948701,8,0.06640885136858765
3021,6.360790268114608,6,0.06013171135243459
