,y_predicted,y_actual,Relative Error
294,5.248868450183701,5.4510384535657,0.03708834657912813
