,y_predicted,y_actual,Relative Error
105,5.776656739394278,5.777652323222656,0.00017231632723494335
248,6.945679361812479,6.946975992135418,0.00018664672577067823
83,5.246231118841863,5.332718793265369,0.016218307729394955
321,5.347917525902736,5.356586274672012,0.0016183345744406644
119,5.320593455555291,5.241747015059643,0.015042015623631014
162,5.963967948743565,6.042632833682381,0.013018312895056028
160,5.847030756847715,5.75890177387728,0.015303088406576636
279,5.384416506501029,5.375278407684165,0.0017000233520557473
