,y_predicted,y_actual,Relative Error
360,7.330717120208218,7.559038255443384,0.03020505089662006
232,5.4939823563245636,5.459585514144159,0.006300266218249106
276,7.277715926734376,7.351799869057777,0.01007698028277466
240,5.520539097966262,5.327876168789581,0.036161300126547634
