,y_predicted,y_actual,Relative Error
402,18.08586147819642,17.8,0.016059633606540447
428,21.66935309887679,19.6,0.10557923973861168
0,14.30324480721691,15.2,0.05899705215678222
336,49.01546910890467,50.0,0.01969061782190664
26,23.01422715310523,21.4,0.07543117537874922
278,21.068755250737283,20.0,0.05343776253686414
131,19.200903972516976,19.1,0.005282930498270903
