features,VIF Factor
log_P(atm),1.6665150816626162
log_Fuel(%),18.051530745200846
log_Oxidizer(%),17.75558118473065
T0/S_H__T,2.676561700908806
T0/T,5.077966369177939
