,y_predicted,y_actual,Relative Error
144,7.437667469019684,7.415175109613295,0.0030332876936687496
0,7.7176728719077925,7.5485559791698735,0.022403873430175848
91,6.5132950086632295,6.480044561926653,0.005131206493847065
145,7.310703911137083,7.501082124259871,0.0253800998268063
74,5.553055896567384,5.3230099791384085,0.04321726209993158
139,5.416991113590784,5.332718793265369,0.015802880967929905
48,6.554908000996232,6.723832440821209,0.02512323757496038
322,8.103821420540278,8.357962965845681,0.03040711550696474
