features,VIF Factor
fixed_acidity,3.7173089603843894
volatile_acidity,1.1725914537302458
citric_acid,1.3657786458819825
residual_sugar,9.900492317869821
chlorides,1.3128045073473613
free_sulfur_dioxide,2.3566486537740436
total_sulfur_dioxide,3.3119300862933634
density,20.7427414626929
pH,2.894120621862727
sulphates,1.3730063925519498
alcohol,6.100181230241091
