Constant,female,male,len,dia,hei,w_wei,sh_wei,v_wei,rings,training_adj_r2
3.0542854678950526,0.8761055075190383,0.8919331936396816,-3.4698843182656276,12.14983892333089,24.552728771278026,8.923956802818857,9.541813820003071,-12.133386585009458,0,0.9998125186784892
