Constant,female,male,len,dia,hei,w_wei,sh_wei,v_wei,rings,training_adj_r2
1.2770566334161773,0.4312724235748531,0.5161170885258016,3.7589472906724612,8.290853927611753,2.349391976636648,3.1607482689219095,5.5288514174564405,-0.8675383453487657,0,0.9256137584382174
