Constant,female,male,len,dia,hei,w_wei,sh_wei,v_wei,rings,training_adj_r2
1.9394433090461916,0.46708311303279304,0.5374479516691347,3.2051803086672463,8.443560737236742,5.133170099172512,3.938466026667345,8.185940330486568,-3.934806679247677,0,0.8505102375311342
