Constant,len,dia,hei,w_wei,sh_wei,v_wei,rings,training_adj_r2
4.470846940390423,-5.97080347547164,14.276880097425847,32.16087117799573,11.37045758087134,14.201990765179486,-14.568255888621291,0,0.9992492088701462
