Constant,female,male,len,dia,hei,w_wei,sh_wei,v_wei,rings,training_adj_r2
3.5349599984853355,0.9810334710183486,0.9683827915683816,-3.8126758791253583,11.587637458365453,25.867729619685914,9.597779830781825,11.312917098891177,-13.910345698382109,0,0.9770930583039683
