,y_predicted,y_actual,Relative Error
30,4.593251019965393,4.875197323201151,0.05783279825289745
