,y_predicted,y_actual,Relative Error
33,4.564348191467788,4.564348191467836,1.0507882539167747e-14
202,5.723585101952317,5.723585101952381,1.1172865446972271e-14
43,3.6888794541138603,3.6888794541139363,2.0585995240281228e-14
183,3.6109179126441333,3.6109179126442243,2.521195170360347e-14
69,4.45434729625344,4.454347296253507,1.5154085527633687e-14
204,5.560681631015461,5.560681631015528,1.1979355391605836e-14
