T0/S_H__T,T0/T,log_Fuel(%),log_Oxidizer(%),log_P(atm)
0.065076183731336,0.8295762846476845,-0.7367458833820993,2.198350369962611,1.6426150911556237
