T0/S_H__T,T0/T,log_Fuel(%),log_Oxidizer(%),log_P(atm)
0.06969478668611839,0.8104422142560238,-0.816015055695122,2.043269872392028,1.487184006198802
