T0/S_H__T,T0/T,log_Fuel(%),log_Oxidizer(%),log_P(atm)
0.07856784736405541,0.8040648748529798,-0.8231677509139291,1.9347993918098474,1.130197665347918
