T0/S_H__T,T0/T,log_Fuel(%),log_Oxidizer(%),log_P(atm)
0.06723206697469233,0.8440854753387385,-0.7888179136358907,2.0523177152772543,1.4305522928411543
