T0/S_H__T,T0/T,log_Fuel(%),log_Oxidizer(%),log_P(atm)
0.08266287180084433,0.7873727367436415,-1.0544163549813066,1.430810065989649,1.0045518315580173
