T0/S_H__T,T0/T,log_Fuel(%),log_Oxidizer(%),log_P(atm)
0.08231603205666002,0.7182453720530003,-1.3164380188703684,1.271099712945795,0.8561415277328367
