features,VIF Factor
log_P(atm),2.239347779911145
log_Fuel(%),6.795240434760855
log_Oxidizer(%),7.524180941799676
T0/S_H__T,2.2893038880476535
T0/T,3.194071905825067
