features,VIF Factor
log_P(atm),1.6084411807084784
log_Fuel(%),10.89715402129699
log_Oxidizer(%),11.672650617989312
T0/S_H__T,2.4695931703318177
T0/T,3.7633705005288247
