features,VIF Factor
log_P(atm),5.620338909743041
log_Fuel(%),23.945350429290233
log_Oxidizer(%),17.470675455977425
T0/S_H__T,2.0839918116435765
T0/T,9.78100734061251
