features,VIF Factor
log_P(atm),4.41553536005849
log_Fuel(%),20.579941356535425
log_Oxidizer(%),18.66206042444861
T0/S_H__T,2.9508661883488156
T0/T,6.0916835507865335
