features,VIF Factor
log_P(atm),4.634258264364442
log_Fuel(%),17.054755628020743
log_Oxidizer(%),14.777834158530037
T0/S_H__T,2.7905795953828942
T0/T,6.36220253405367
