features,VIF Factor
log_P(atm),2.2429826882821917
log_Fuel(%),5.637678094637854
log_Oxidizer(%),6.4367485544631515
T0/S_H__T,2.101271845023596
T0/T,3.215076957571948
