Constant,log_P(atm),log_Fuel(%),log_Oxidizer(%),T0/S_H__T,T0/T,Training_R2,Testing_R2
-2.2484,-0.7106,-0.3274,-0.1373,3.0618,12.2636,0.9398136370076613,0.8426275280809671
