,y_predicted,y_actual,Relative Error
355,5.962840721261262,5.755742213586912,0.035981199294415324
6,9.252226564493476,8.735525185733225,0.05914943495373612
349,7.803497364996874,7.667158255319148,0.017782221931201138
126,6.856864766029394,7.01211529430638,0.022140327384953865
69,6.527073820801416,6.569481420414296,0.006455243100482917
