features,VIF Factor
log_P(atm),1.6150564423461702
log_Fuel(%),9.293071470010926
log_Oxidizer(%),10.575718498856245
T0/S_H__T,2.348818257806516
T0/T,4.090011185475543
