Constant,log_P(atm),log_Fuel(%),log_Oxidizer(%),T0/S_H__T,T0/T,training_adj_r2
-4.8171467698484784,-0.5403217977573858,-0.6777721925852962,0.25698751223673266,4.846793393491599,11.376382926729873,0.9572780615052091
-4.817146769848478,-0.5403217977573858,-0.6777721925852962,0.25698751223673266,4.8467933934916,11.376382926729871,0.957278061505209
