Constant,log_P(atm),log_Fuel(%),log_Oxidizer(%),T0/S_H__T,T0/T,training_adj_r2
-5.065766806005431,-0.4573499539869701,-0.9432677032500348,0.5494893207138389,4.781711916622342,10.12692789903582,0.994102984780149
-5.065766806005431,-0.4573499539869701,-0.9432677032500347,0.5494893207138389,4.781711916622342,10.12692789903582,0.994102984780149
