,y_predicted,y_actual,Relative Error
163,16.365989260541106,16.4,0.002073825576761748
425,26.14257617565258,26.6,0.017196384373963258
408,19.2690204919158,19.3,0.0016051558592850156
