,Constant,CRIM,ZN,INDUS,CHAS,NOX,RM,AGE,DIS,RAD,TAX,PTRATIO,B,LSTAT
117,1.0,13.3598,0.0,18.1,0,0.693,5.8870000000000005,94.7,1.7821,24,666,20.2,396.9,16.35
276,1.0,9.59571,0.0,18.1,0,0.693,6.404,100.0,1.639,24,666,20.2,376.11,20.31
281,1.0,9.82349,0.0,18.1,0,0.6709999999999999,6.794,98.8,1.358,24,666,20.2,396.9,21.24
299,1.0,9.92485,0.0,18.1,0,0.74,6.251,96.6,2.198,24,666,20.2,388.52,16.44
385,1.0,6.44405,0.0,18.1,0,0.584,6.425,74.8,2.2004,24,666,20.2,97.95,12.03
