,Constant,CRIM,ZN,INDUS,CHAS,NOX,RM,AGE,DIS,RAD,TAX,PTRATIO,B,LSTAT
25,1.0,4.8982199999999985,0.0,18.1,0,0.631,4.97,100.0,1.3325,24,666,20.2,375.52,3.26
154,1.0,2.7797400000000003,0.0,19.58,0,0.871,4.9030000000000005,97.8,1.3459,5,403,14.7,396.9,29.29
155,1.0,9.2323,0.0,18.1,0,0.631,6.216,100.0,1.1691,24,666,20.2,366.15,9.53
159,1.0,0.20746,0.0,27.74,0,0.609,5.093,98.0,1.8226,4,711,20.1,318.43,29.68
235,1.0,0.28955,0.0,10.59,0,0.489,5.412000000000001,9.8,3.5875,4,277,18.6,348.93,29.55
375,1.0,8.26725,0.0,18.1,1,0.6679999999999999,5.875,89.6,1.1296,24,666,20.2,347.88,8.88
432,1.0,0.14455,12.5,7.87,0,0.524,6.1720000000000015,96.1,5.9505,5,311,15.2,396.9,19.15
