features,VIF Factor
len,107.29245748757755
dia,109.84864639682277
hei,1.3098190610644787
w_wei,114.51043078676292
s_wei,63.567672374683745
v_wei,13.70082820576639
sh_wei,18.17697905468951
