features,VIF Factor
len,55.129597292135095
dia,64.4639971167315
hei,13.920156118426105
w_wei,100.34306292893544
s_wei,35.3296363573079
v_wei,21.761745390153667
sh_wei,21.967413721605194
