features,VIF Factor
len,37.01275718107022
dia,43.239007566360094
hei,6.7062968803967316
w_wei,76.48127586944423
s_wei,25.537594172440436
v_wei,13.467281165262891
sh_wei,16.161596804916922
