features,VIF Factor
len,30.527844875134246
dia,21.506636261436686
hei,3.0190730557325374
w_wei,172.2282885038741
s_wei,34.64610439228724
v_wei,26.995587758559548
sh_wei,38.15575655479198
