features,VIF Factor
female,4.185524247808462
male,3.1747160108790773
len,128.32714012426453
dia,126.77343869078497
hei,21.830225124295605
w_wei,127.62339603629124
s_wei,40.604690178644084
v_wei,28.564889440800318
sh_wei,54.160792980853465
