features,VIF Factor
len,100.34278671190765
dia,112.36044450677997
hei,13.101983737063376
w_wei,78.2620542525921
s_wei,37.867851593956146
v_wei,14.028689354060143
sh_wei,17.189518108526492
