features,VIF Factor
female,2.1288929262169085
male,2.0128392505121475
len,57.51589863777764
dia,42.059788649873475
hei,4.33434153551422
w_wei,170.87604788514545
s_wei,33.18965824909177
v_wei,43.10281747496257
sh_wei,60.70089089960551
