,y_predicted,y_actual,Relative Error
0,17.55708327866597,13.8,0.27225241149753404
1,26.825937819617536,23.6,0.13669228049226842
2,15.338138890339895,15.6,0.016785968567955428
3,10.930978362596477,8.3,0.31698534489114166
4,30.786503823092833,50.0,0.3842699235381433
5,17.45796634275162,19.8,0.11828452814385752
6,33.71795152216659,43.1,0.2176809391608681
7,2.2752373055755744,8.8,0.7414503061845938
8,34.04703117572487,37.6,0.09449385170944503
9,30.353058480288556,31.7,0.04249026876061334
