,y_predicted,y_actual,Relative Error
0,16.522380570930856,17.2,0.039396478434252494
1,27.673074890731925,25.0,0.10692299562927701
