,y_predicted,y_actual,Relative Error
375,5.814794995691407,5.75890177387728,0.009705534841323625
322,5.102941403782521,5.0369526024136295,0.013100937526644657
