,Constant,log_P(atm),log_Fuel(%),log_Oxidizer(%),T0/S_H__T,T0/T,Class,Time(μs)_actual,Time(μs)_predicted
58,1.0,0.5128236264286637,-1.9449106487222296,1.3862943611198906,0.050911312493636084,0.7127583749109052,7,5.247024072160486,5.720751823478487
71,1.0,0.5128236264286637,-1.9449106487222296,1.3862943611198906,0.050911312493636084,0.7127583749109052,7,5.247024072160486,5.720751823478487
73,1.0,0.5596157879354227,-1.9449106487222296,1.3862943611198906,0.05366534292154127,0.7513148009015778,7,6.042632833682381,5.963967948743565
74,1.0,0.6259384308664954,-1.9449106487222296,1.3862943611198906,0.05291005291005291,0.7407407407407407,7,5.75890177387728,5.847030756847715
75,1.0,0.5933268452777344,-1.9449106487222296,1.3862943611198906,0.05498735290883097,0.7698229407236336,7,6.593044534142437,6.073578900001056
78,1.0,0.6097655716208943,-1.9449106487222296,1.3862943611198906,0.05157297576070139,0.7220216606498195,7,5.442417710521793,5.724796213011169
