,Constant,log_P(atm),log_Fuel(%),log_Oxidizer(%),T0/S_H__T,T0/T,Class,Time(μs)_actual,Time(μs)_predicted
60,1.0,0.598836501088704,-1.9449106487222296,1.3862943611198906,0.04859086491739553,0.6802721088435374,11,4.532599493153256,4.584867494178643
79,1.0,0.598836501088704,-1.9449106487222296,1.3862943611198906,0.04859086491739553,0.6802721088435374,11,4.532599493153256,4.584867494178643
99,1.0,0.8153648132841944,-3.146555163288575,-0.2876820724517809,0.030543677458766034,0.6108735491753207,11,3.58351893845611,3.651744993192839
