,Constant,log_P(atm),log_Fuel(%),log_Oxidizer(%),T0/S_H__T,T0/T,Class,Time(μs)_actual,Time(μs)_predicted
13,1.0,0.4824261492442928,-1.3862943611198906,1.3862943611198906,0.11671335200746966,0.7002801120448179,8,5.030437921392435,5.07018865085593
24,1.0,0.5128236264286637,-1.9449106487222296,1.3862943611198906,0.050911312493636084,0.7127583749109052,8,5.247024072160486,5.158970581846809
25,1.0,0.5766133643039938,-1.9449106487222296,1.3862943611198906,0.05105687736138058,0.7147962830593281,8,5.19295685089021,5.13952450063118
115,1.0,3.380994674344636,-0.2231435513142097,2.0794415416798357,0.5165289256198347,1.0330578512396693,8,8.470101583882387,6.201347169671693
134,1.0,3.374168709274236,-0.2231435513142097,2.0794415416798357,0.5060728744939271,1.0121457489878543,8,9.135616825780247,6.047137835723268
