Constant,log_T0/T,Training_R2,Testing_R2
5.7808,3.5763,0.9320013582550579,0.0
5.7808,3.5763,0.932001358255058,0.0
