Constant,log_P(atm),log_Fuel(%),log_Oxidizer(%),T0/S_H__T,T0/T,Training_R2,Testing_R2
-1.6227,-0.3859,-0.2447,-0.0142,3.607,8.9635,0.8292978218455621,0.19292594599128976
