Constant,log_P(atm),log_Fuel(%),log_Oxidizer(%),T0/S_H__T,T0/T,Training_R2,Testing_R2
-3.0844,-0.4407,-0.0457,-0.3953,2.5551,13.307,0.9899566710991634,0.9987723695816396
