Constant,log_P(atm),log_Fuel(%),log_Oxidizer(%),T0/S_H__T,T0/T,Training_R2,Testing_R2
-1.6092,-0.3887,-0.2234,-0.0222,3.5779,9.0357,0.8174352833119818,0.8987119648321995
-1.6092,-0.3887,-0.2234,-0.0222,3.5779,9.0357,0.8174352833119818,0.8987119648321995
-1.6092,-0.3887,-0.2234,-0.0222,3.5779,9.0357,0.8174352833119818,0.8987119648321995
-1.6092,-0.3887,-0.2234,-0.0222,3.5779,9.0357,0.8174352833119818,0.8987119648321995
