,y_predicted,y_actual,Relative Error
2,6.3082000470808985,6.320768294250582,0.0019884049825265567
34,4.719681430921653,4.430816798843313,0.06519444273880806
