,Constant,log_P(atm),log_Fuel(%),log_Oxidizer(%),T0/S_H__T,T0/T,Class,Time(μs)_actual,Time(μs)_predicted
0,1.0,0.7608058290337602,-3.036554268074246,-0.26984215432345,0.030902348578491966,0.6180469715698393,5,4.564348191467836,4.507284984543604
7,1.0,3.254242968705492,0.11600367575630613,3.033509637888021,0.05847953216374269,1.1695906432748537,5,6.774223886357614,6.516460877894993
8,1.0,1.801709800081223,0.5062150112083075,3.044522437723423,0.04878048780487805,0.975609756097561,5,6.297109319933935,5.681787743233288
9,1.0,0.7275486072772777,-2.985781942700823,-0.2974630843068863,0.032362459546925564,0.6472491909385113,5,5.568344503761097,4.722419148061641
20,1.0,1.3001916620664788,-3.506557897319982,-1.1086626245216111,0.06493506493506493,0.6493506493506493,5,5.198497031265826,4.6679348107549625
27,1.0,0.22314355131420976,-1.0216512475319814,1.4816045409242156,0.06775067750677506,0.6775067750677507,5,5.093750200806762,4.762455670219322
30,1.0,0.5364933705145685,-1.3862943611198906,1.3862943611198906,0.10871928680147858,0.6523157208088715,5,3.8918202981106265,4.650176143907807
31,1.0,0.636576829071551,-1.5606477482646683,1.3862943611198906,0.09184423218221896,0.7347538574577517,5,5.713732805509369,5.206099201462436
39,1.0,0.131028262406404,0.0,2.5649493574615367,0.1849112426035503,0.7396449704142012,5,5.726847747587197,5.32294998560248
