,Constant,log_P(atm),log_Fuel(%),log_Oxidizer(%),T0/S_H__T,T0/T,Class,Time(μs)_actual,Time(μs)_predicted
16,1.0,2.7625383863862796,-2.5902671654458267,1.024606875357614,0.04091653027823241,0.8183306055646481,1,6.437751649736401,6.656444085706225
17,1.0,2.7376090033437546,-2.5902671654458267,1.024606875357614,0.04095004095004095,0.819000819000819,1,6.529418838262226,6.682378999747796
18,1.0,0.1823215567939546,0.1823215567939546,1.8870696490323797,0.06868131868131869,0.6868131868131868,1,5.8888779583328805,5.983993601508322
23,1.0,0.8250522514398839,-3.506557897319982,-1.1086626245216111,0.07272727272727272,0.7272727272727273,1,7.415175109613295,7.531587092566977
37,1.0,1.6370530794670737,0.36464311358790924,3.044522437723423,0.057816836262719704,0.9250693802035153,1,7.4360278163518485,7.718602677234093
40,1.0,0.6626879730752367,-2.14729220858801,1.3862943611198906,0.028210336267208307,0.7898894154818326,1,7.022868086082641,7.550938822207932
