,Constant,log_P(atm),log_Fuel(%),log_Oxidizer(%),T0/S_H__T,T0/T,Class,Time(μs)_actual,Time(μs)_predicted
2,1.0,2.7166795278002644,-2.3025850929940455,0.7884573603642703,0.08136696501220504,0.8136696501220505,1,6.56244409369372,6.694383851799719
22,1.0,1.6034198401085373,0.24373018492259815,3.044522437723423,0.043591979075850044,0.8718395815170009,1,5.877735781779639,6.939793740538569
25,1.0,0.8415671856782185,-3.0261914810386994,-0.2876820724517809,0.036205648081100654,0.724112961622013,1,6.927557906278317,7.174830110331079
32,1.0,0.20701416938432612,-0.05129329438755058,1.8229350866965048,0.19592476489028213,0.7836990595611285,1,7.266827347520591,7.581817566951466
35,1.0,0.02955880224154443,0.0,1.1786549963416462,0.15006002400960383,0.6002400960384153,1,5.176149732573829,5.38928361974609
40,1.0,1.8779371654691073,-3.001750345879554,0.0,0.02818807080843387,0.7892659826361483,1,7.550661243105336,7.165393684784085
41,1.0,0.6626879730752367,-2.14729220858801,1.3862943611198906,0.028210336267208307,0.7898894154818326,1,7.022868086082641,7.566549860620734
43,1.0,1.4906543764441336,-3.4673371841667002,0.0,0.030472940029254023,0.8532423208191127,1,8.428799040653642,8.384571394775566
