,y_predicted,y_actual,Relative Error
23,5.021693040839257,5.003946305945459,0.0035465478262051335
336,4.983941468696103,5.44673737166631,0.0849675450440572
83,4.307624051587714,4.51085950651685,0.04505470734247448
2,4.554957978131638,4.969813299576001,0.08347503144227897
