Constant,log_P(atm),log_Fuel(%),log_Oxidizer(%),T0/S_H__T,T0/T,Training_R2,Testing_R2
-2.1662,-0.3448,-0.2352,-0.1216,3.4831,10.6548,0.9928917257622495,0.7653663941722478
