Constant,log_P(atm),log_Fuel(%),log_Oxidizer(%),T0/S_H__T,T0/T,Training_R2,Testing_R2
-1.5589,-0.5093,-0.1834,-0.079,2.9078,9.3363,0.9891353324089399,0.9451941072685102
