Constant,log_T0/T,Training_R2,Testing_R2
5.7861,3.5431,0.956871817568224,-3.2276537610862723
5.7861,3.5431,0.956871817568224,-3.2276537610862723
