Constant,log_P(atm),log_Fuel(%),log_Oxidizer(%),T0/S_H__T,log_T0/T,Training_R2,Testing_R2
10.2024,-0.7149,-0.2558,-0.3015,5.1758,10.9222,0.9685998493132436,0.9266610389595245
10.2024,-0.7149,-0.2558,-0.3015,5.1758,10.9222,0.9685998493132436,0.9266610389595243
