Constant,log_P(atm),log_Fuel(%),log_Oxidizer(%),T0/S_H__T,T0/T,Training_R2,Testing_R2
-2.4577,-0.506,-0.2588,-0.2067,4.1305,11.9689,0.9877152988765773,0.9658359001110602
