Constant,log_P(atm),log_Fuel(%),log_Oxidizer(%),T0/S_H__T,T0/T,Training_R2,Testing_R2
-1.8333,-0.3831,-0.2199,-0.1001,3.2291,9.9032,0.9916194002910144,0.9948494134009692
-2.2874,-0.3803,-0.2439,-0.1303,3.3259,10.8807,0.9976744280420566,0.986697173010232
-2.2874,-0.3803,-0.2439,-0.1303,3.3259,10.8807,0.9976744280420566,0.986697173010232
-2.2874,-0.3803,-0.2439,-0.1303,3.3259,10.8807,0.9976744280420566,0.986697173010232
-2.2874,-0.3803,-0.2439,-0.1303,3.3259,10.8807,0.9976744280420566,0.9866971730102319
