features,VIF Factor
log_P(atm),1.6069538306368905
log_Fuel(%),11.642995946100344
log_Oxidizer(%),13.506744004900149
T0/S_H__T,2.3391456255838787
T0/T,4.054320768365565
