features,VIF Factor
log_P(atm),5.2546632930786314
log_Fuel(%),20.575128739352593
log_Oxidizer(%),14.055093844607583
T0/S_H__T,2.756333402556699
T0/T,7.54147552306486
