features,VIF Factor
log_P(atm),10.56961361600104
log_Fuel(%),28.041138915463826
log_Oxidizer(%),21.43885564817291
T0/S_H__T,1.6929553724468407
T0/T,17.559639551511854
