features,VIF Factor
len,67.0836014076251
dia,67.51298293155797
hei,1.8335585821114846
w_wei,18.90127769582117
s_wei,24.010308746293
v_wei,30.429838406187386
sh_wei,6.5894053412340305
