features,VIF Factor
female,1.6220745533913048
male,1.6233247755448825
len,35.52091093960364
dia,36.37885157139819
hei,6.169743559088394
w_wei,162.59955720143043
s_wei,39.961028242040115
v_wei,22.79213687722736
sh_wei,21.137059775997958
