features,VIF Factor
len,24.11255453287465
dia,24.114187036625925
hei,3.6907717757654774
w_wei,53.9050897241709
s_wei,12.627641369514281
v_wei,6.824460774353005
sh_wei,10.93212058045142
