features,VIF Factor
len,33.98023479388815
dia,36.19797619308239
hei,4.4587351849956605
w_wei,76.53811644200049
s_wei,14.4249356961203
v_wei,31.245685591459846
sh_wei,22.373607398637496
