features,VIF Factor
female,2.8261930762164
male,3.1016077518844605
len,43.32857969560387
dia,47.23706516369437
hei,11.04821150870017
w_wei,117.40427563157031
s_wei,50.0688660696228
v_wei,12.222820867361566
sh_wei,19.03060205629596
