features,VIF Factor
len,38.34523747780904
dia,35.89303069449763
hei,5.48925174053679
w_wei,152.83495359118925
s_wei,38.02534313820006
v_wei,18.39472657605768
sh_wei,25.46753892371785
