features,VIF Factor
len,35.54875059460444
dia,34.76381645706453
hei,5.975396527257795
w_wei,160.3483372351093
s_wei,43.09486922804251
v_wei,25.82195802068521
sh_wei,17.02721102521792
