features,VIF Factor
len,30.31114826149252
dia,31.297462535632235
hei,4.4712029240569
w_wei,44.513045998953025
s_wei,8.347481187217479
v_wei,12.947498410775705
sh_wei,14.29476971198356
