features,VIF Factor
len,44.046489858041994
dia,52.40635177778335
hei,2.017618750895332
w_wei,25.000786726099122
s_wei,13.612347421780985
v_wei,11.057539168283755
sh_wei,18.354331936893164
