features,VIF Factor
female,2.3632516034573103
male,2.3108597760076273
len,21.41544403437984
dia,19.65024497518703
hei,3.547588116192008
w_wei,44.839173262851936
s_wei,12.987218704803556
v_wei,8.587134763840666
sh_wei,9.001150991828696
