features,VIF Factor
len,28.040251330707044
dia,34.64723945797946
hei,6.211019743759316
w_wei,115.34162634672558
s_wei,31.82047800028177
v_wei,18.21927873336318
sh_wei,17.034772565303204
