features,VIF Factor
len,31.785574135383296
dia,33.36550541190436
hei,4.390859109237313
w_wei,91.7473791741142
s_wei,25.711058493063533
v_wei,15.698850100336275
sh_wei,14.905678241474963
