features,VIF Factor
female,2.0571583108397142
male,1.950295912956306
len,46.56127559985747
dia,47.801704587007336
hei,5.203876513230911
w_wei,186.84813405325198
s_wei,48.45463070829165
v_wei,23.65607019580495
sh_wei,29.906132786572442
