features,VIF Factor
len,27.418642573663394
dia,23.14972804521303
hei,2.4848577159624807
w_wei,116.03131835457188
s_wei,22.874958745153204
v_wei,20.006542945853756
sh_wei,29.745108310259
