,y_predicted,y_actual,Relative Error
533,7.147285111588315,7.3277805384216315,0.024631663828757977
338,7.047430322589204,7.227662498728654,0.02493644053954561
445,5.5364277168389515,5.560681631015528,0.004361680057584355
