,y_predicted,y_actual,Relative Error
118,22.395816443592853,22.6,0.00903467063748444
290,13.370746260519137,10.9,0.22667396885496668
86,8.078360170044157,5.6,0.44256431607931374
67,26.596658392070974,28.2,0.05685608538755407
114,19.892759677023854,19.4,0.025399983351745113
354,15.91950149633748,17.1,0.06903500021418255
89,16.35459573299105,14.5,0.12790315399938282
232,7.066801842201734,8.3,0.14857809130099597
