,y_predicted,y_actual,Relative Error
189,52.409679681902205,50.0,0.04819359363804409
154,11.654905297360443,11.8,0.012296161240640464
