features,VIF Factor
log_P(atm),1.98524859440941
log_Fuel(%),10.748609278656494
log_Oxidizer(%),12.419365219868633
T0/S_H__T,2.1875140930457326
T0/T,5.398432688860276
