features,VIF Factor
fixed_acidity,3.380369995456217
volatile_acidity,1.190833380130417
citric_acid,1.3591133167381797
residual_sugar,10.914451310734295
chlorides,1.2947944819544228
free_sulfur_dioxide,2.2386489789100743
total_sulfur_dioxide,2.7641096571792985
density,21.789215478917015
pH,2.80857997161251
sulphates,1.3360163436746446
alcohol,6.095990006647935
