features,VIF Factor
fixed_acidity,4.023147737851463
volatile_acidity,1.576014698764088
citric_acid,1.349668447877166
residual_sugar,12.198437776398466
chlorides,1.7915864446017977
free_sulfur_dioxide,3.145859365893114
total_sulfur_dioxide,4.518590074853395
density,25.71203312995361
pH,3.5500487937012513
sulphates,1.6506366446776646
alcohol,7.791915204163527
