features,VIF Factor
fixed_acidity,3.5089128491484636
volatile_acidity,1.135195214345265
citric_acid,1.2584150041120092
residual_sugar,17.803238299947026
chlorides,1.1677097259708569
free_sulfur_dioxide,2.035151223942757
total_sulfur_dioxide,2.543873411416882
density,38.18395202475183
pH,2.8196757978270344
sulphates,1.2024832690363976
alcohol,8.690353149780602
