features,VIF Factor
fixed_acidity,9.401476435167845
volatile_acidity,6.541680314444177
citric_acid,8.162394094533711
residual_sugar,34.448527753359926
chlorides,2.60684966094184
free_sulfur_dioxide,3.370005830696816
total_sulfur_dioxide,3.536578743227591
density,62.980666470652096
pH,10.635648735049589
sulphates,2.623495668892264
alcohol,17.785000484917088
