features,VIF Factor
fixed_acidity,3.6676890709767624
volatile_acidity,1.2419121366720562
citric_acid,1.2619542275523976
residual_sugar,17.7683420881438
chlorides,1.2163079777533388
free_sulfur_dioxide,1.7954160728071804
total_sulfur_dioxide,2.18005276981481
density,46.39092091869131
pH,3.1484415803900223
sulphates,1.2061512508373888
alcohol,15.238958806798482
