features,VIF Factor
fixed_acidity,3.240050242340431
volatile_acidity,1.1337207539425689
citric_acid,1.20232061187485
residual_sugar,15.910072932696835
chlorides,1.1798908812964148
free_sulfur_dioxide,2.035425406477283
total_sulfur_dioxide,2.553562622934165
density,39.50619220891599
pH,2.540294384205308
sulphates,1.1686344595614242
alcohol,11.125134444136956
