features,VIF Factor
log_P(atm),2.300001407125524
log_Fuel(%),7.679252339993157
log_Oxidizer(%),7.812224336914161
T0/S_H__T,2.1605564316070547
T0/T,3.278628604790663
