,y_predicted,y_actual,Relative Error
498,24.798144723044217,29,0.14489156127433733
1112,20.271545754169992,19,0.06692346074578905
