,y_predicted,y_actual,Relative Error
0,16.412376925234803,17.2,0.04579203923053469
1,12.739299975868116,8.3,0.534855418779291
2,18.005775374761825,19.9,0.09518716709739566
3,20.29495816608513,15.6,0.3009588568003289
4,14.408999838350885,13.1,0.09992365178251035
