,y_predicted,y_actual,Relative Error
0,0.08164223140015991,17.9,0.9954389814860246
1,4.468024572041159,7.2,0.3794410316609501
