,y_predicted,y_actual,Relative Error
0,5.008827751356199,5.318119993844216,0.05815819177567009
1,5.0293283121367045,5.327876168789581,0.05603505922336454
2,4.571605389594592,5.886104031450156,0.22332235971910125
3,6.444769437420375,6.774223886357614,0.0486335341825234
4,4.552398530272839,4.430816798843313,0.027440026737567954
5,6.369318030151276,6.946975992135418,0.08315243389902334
6,5.36997488635375,5.777652323222656,0.07056108849442015
7,5.190418551150491,5.327876168789581,0.025799702035927557
