,Constant,log_P(atm),log_Fuel(%),log_Oxidizer(%),T0/S_H__T,T0/T,Class,Time(μs)_actual,Time(μs)_predicted
13,1.0,0.8020015854720274,-3.2188758248682006,-0.2876820724517809,0.031545741324921134,0.6309148264984227,4,4.060443010546419,4.417185046132747
24,1.0,1.8594181177018698,-0.18922533311074907,3.044522437723423,0.03894080996884735,0.778816199376947,4,4.382026634673881,4.4005341993940315
25,1.0,4.0943445622221,0.6280751838162305,3.0252910757955354,0.10834236186348863,1.0834236186348862,4,5.497168225293202,5.1417076581687144
32,1.0,1.33500106673234,-3.506557897319982,-1.1086626245216111,0.06064281382656155,0.6064281382656155,4,4.290459441148391,3.998732836705188
36,1.0,4.014579593753238,0.6280751838162305,3.0252910757955354,0.1072961373390558,1.0729613733905579,4,5.777652323222656,5.110892152994165
43,1.0,1.5953389880545987,0.9427379018890034,3.044522437723423,0.05328218243819267,0.8525149190110827,4,6.856461984594587,4.7027242262010525
