,y_predicted,y_actual,Relative Error
100,4.329822671217632,4.382026634673881,0.011913200856236823
305,5.1127208376295,5.4510384535657,0.062064800829811674
228,4.868445355850835,5.327876168789581,0.08623151109067952
