,y_predicted,y_actual,Relative Error
233,6.807309869053812,6.8658910748834385,0.008532207282449638
245,7.787635001327033,7.8628820346414905,0.009569904900384127
12,4.962263587341561,5.017279836814924,0.010965353989162485
61,5.022309965574141,4.919980925828125,0.020798665947834437
