features,VIF Factor
len,30.663609378352422
dia,35.460269034714536
hei,1.3596329095920165
w_wei,109.80722796048263
s_wei,39.70188634407499
v_wei,18.12682038038061
sh_wei,21.392753143612044
