features,VIF Factor
len,39.945749911132346
dia,42.26085642955244
hei,6.290105327342317
w_wei,124.00482821537666
s_wei,37.022956313995344
v_wei,20.329852931911716
sh_wei,24.718085761892784
