features,VIF Factor
len,30.50234867355776
dia,24.77116584814758
hei,3.4026375834560563
w_wei,40.172056898611224
s_wei,10.119150933596192
v_wei,11.514147244522913
sh_wei,10.463120060610455
