,y_predicted,y_actual,Relative Error
1536,3.994207653176305,4,0.001448086705923779
134,4.0146485551694555,4,0.003662138792363878
1097,4.016574694179644,4,0.004143673544910964
1609,3.9963864386605743,4,0.0009033903348564243
996,4.054575225751401,4,0.013643806437850348
1443,4.035421080708443,4,0.008855270177110741
642,3.9402166403630243,4,0.014945839909243919
3771,3.808114983697236,4,0.04797125407569103
301,3.8695517620020943,4,0.03261205949947643
