features,VIF Factor
log_P(atm),4.313387375237241
log_Fuel(%),23.153481107196782
log_Oxidizer(%),17.693417012918093
T0/S_H__T,2.1308039679639577
T0/T,6.865444142969997
