,y_predicted,y_actual,Relative Error
407,10.876252695896804,11.9,0.08602918521875598
279,21.075590572986382,20.0,0.0537795286493191
288,37.233759829282356,37.2,0.0009075222925363678
