features,VIF Factor
fixed_acidity,2.21858709064064
volatile_acidity,1.2275552398109377
citric_acid,1.1709487666097735
residual_sugar,11.15921571664165
chlorides,1.3453403636686565
free_sulfur_dioxide,1.6159283746746458
total_sulfur_dioxide,2.090022014109894
density,21.56330749502105
pH,2.1893695405659606
sulphates,1.1379469674724472
alcohol,5.939314124751053
