features,VIF Factor
fixed_acidity,1.9357036832358856
volatile_acidity,1.5892347242244338
citric_acid,1.2987449686502204
residual_sugar,16.105462315319237
chlorides,1.7929722321865813
free_sulfur_dioxide,1.4961958517536276
total_sulfur_dioxide,2.1509450434103754
density,21.823235104605207
pH,2.6125277583363946
sulphates,1.2328782128624391
alcohol,4.541484096532175
