features,VIF Factor
fixed_acidity,2.7916415876234146
volatile_acidity,1.3261192643772441
citric_acid,1.3382841353322878
residual_sugar,11.03541866459339
chlorides,1.2442535027652974
free_sulfur_dioxide,2.1281240354845257
total_sulfur_dioxide,2.689107712503581
density,33.12894088185174
pH,2.4273834590078684
sulphates,1.2357380978151422
alcohol,12.90385466031462
