features,VIF Factor
fixed_acidity,2.871718961670241
volatile_acidity,1.4492140604784425
citric_acid,1.9199441812280982
residual_sugar,8.65303772453041
chlorides,1.4599699092737446
free_sulfur_dioxide,2.443846938086931
total_sulfur_dioxide,2.6075362577597434
density,15.056475548181334
pH,2.903260531006691
sulphates,1.405145467334613
alcohol,4.438427682303868
