features,VIF Factor
fixed_acidity,2.6987286727342052
volatile_acidity,4.763241350943066
citric_acid,2.4508537221674147
residual_sugar,68.30521996520665
chlorides,10.62168240269372
free_sulfur_dioxide,2.6078811196014335
total_sulfur_dioxide,3.657632364935027
density,90.25858929484615
pH,5.6098097850978
sulphates,3.3405903292749666
alcohol,9.600457503261163
