,y_predicted,y_actual,Relative Error
190,6.239342992505069,6.70196036600254,0.06902717238439958
110,6.462197696810798,6.525029657843462,0.009629375547302923
239,8.121746463822149,8.357962965845681,0.028262448994906705
336,7.400605259376746,7.501082124259871,0.013394982646325672
2,6.8185565880380885,7.282761179605593,0.06374019140809507
