,y_predicted,y_actual,Relative Error
1378,5.3567756589629285,5.0,0.07135513179258571
19,3.6822693425146555,4.0,0.07943266437133611
1015,9.778037231316429,10.0,0.022196276868357144
1390,8.094892123678452,8.0,0.011861515459806515
918,5.844394060246492,6.0,0.02593432329225139
1279,6.123935037454261,6.0,0.020655839575710228
531,4.1918098281776945,4.0,0.047952457044423635
2461,4.6590020947093445,5.0,0.0681995810581311
339,3.126926763342974,3.0,0.042308921114324605
