,y_predicted,y_actual,Relative Error
318,6.388807274083067,6.405228458030842,0.0025637155732026688
386,6.593402653877121,6.54965074223381,0.006680037358509372
313,7.76444681468355,7.621195162809845,0.018796481236007384
390,6.311844626341383,6.230481447578482,0.013058891106163768
311,7.229159585026241,7.003065458786462,0.03228502254767706
