Constant,log_P(atm),log_Fuel(%),log_Oxidizer(%),T0/S_H__T,T0/T,training_adj_r2
-3.902360926315315,-0.43927518633813395,-0.465185092637088,0.13068245030785194,4.0884031746654985,10.819852558260006,0.9958174194445072
-3.902360926315315,-0.439275186338134,-0.46518509263708796,0.13068245030785197,4.0884031746654985,10.819852558260006,0.9958174194445071
