Constant,log_P(atm),log_Fuel(%),log_Oxidizer(%),T0/S_H__T,T0/T,training_adj_r2
-2.6059413335459354,-0.5056082194621274,-0.15952329163813328,-0.43421202170660267,3.203678220226558,13.209265337639387,0.9768223063506154
-2.6059413335459354,-0.5056082194621274,-0.15952329163813328,-0.43421202170660267,3.203678220226558,13.209265337639387,0.9768223063506154
