Constant,log_P(atm),log_Fuel(%),log_Oxidizer(%),T0/S_H__T,T0/T,training_adj_r2
-3.184952222912565,-0.43978111291663946,-0.20454497890321385,-0.17199569497169834,3.2904356652280717,11.612731337504625,0.9884212332080584
-3.184952222912565,-0.43978111291663946,-0.20454497890321385,-0.17199569497169837,3.2904356652280713,11.612731337504625,0.9884212332080585
