features,VIF Factor
log_P(atm),2.1331271043930795
log_Fuel(%),5.38716373533264
log_Oxidizer(%),6.179970457758302
T0/S_H__T,2.054830099967664
T0/T,3.053227776969344
