features,VIF Factor
log_P(atm),4.4542619061899
log_Fuel(%),18.1431951675151
log_Oxidizer(%),15.902137267646607
T0/S_H__T,2.848178503348984
T0/T,6.086325568251784
