features,VIF Factor
log_P(atm),1.7894506061889202
log_Fuel(%),14.664438123744265
log_Oxidizer(%),15.604024428864664
T0/S_H__T,2.8405344669527963
T0/T,4.698322746034282
