features,VIF Factor
log_P(atm),5.3229206606430886
log_Fuel(%),26.01147975670162
log_Oxidizer(%),17.95848616159737
T0/S_H__T,1.8702578579658804
T0/T,10.077383283864771
