,y_predicted,y_actual,Relative Error
113,5.451706437156744,5.537334267018537,0.01546372780343218
1,4.781767395105439,4.605170185988092,0.03834759671958934
76,5.4094543917220514,5.720311776607412,0.05434273463145446
114,5.082220119196754,4.454347296253507,0.14095731230282435
58,4.776510656926665,3.8918202981106265,0.22732045445303112
108,5.423068641971559,5.730099782973574,0.05358216307407552
37,4.874920097416267,4.941642422609304,0.013502054476415452
182,4.685549316176627,4.77912349311153,0.019579777980162527
23,4.919010434759745,5.003946305945459,0.016973777493335118
