,y_predicted,y_actual,Relative Error
0,5.060539069924973,5.19295685089021,0.025499495714573033
1,4.942677990838148,5.081404364984463,0.027300794068322313
2,4.117624915823368,4.532599493153256,0.09155333003869634
3,5.314088370602368,5.318119993844216,0.0007580918156255318
4,5.335681578054033,5.327876168789581,0.0014650132655438996
5,4.387911393781161,4.634728988229636,0.053253943234931926
6,5.445339615957045,5.777652323222656,0.05751690975414286
7,5.261658434807123,5.327876168789581,0.012428542234212931
