,y_predicted,y_actual,Relative Error
0,6.361754764637088,6.774223886357614,0.06088802623591816
1,4.35253644391285,4.430816798843313,0.017667251543981376
2,6.288132440788154,6.946975992135418,0.09483889854997815
