,y_predicted,y_actual,Relative Error
0,5.459616235963329,5.998936561946683,0.08990265531468486
1,5.808474154344764,5.655991810819852,0.026959434989494598
