,y_predicted,y_actual,Relative Error
324,5.141227278133166,4.875197323201151,0.05456803843938245
362,4.812536444909752,4.532599493153256,0.06176079580367874
5,4.887754586719283,4.454347296253507,0.09729984252245193
282,4.750204382902512,4.820281565605037,0.014537985333172021
