,y_predicted,y_actual,Relative Error
144,40.59856416458284,41.7,0.026413329386502718
403,16.874527763135223,17.2,0.01892280446888234
306,42.952091905395164,43.5,0.012595588381720358
