Constant,log_P(atm),log_Fuel(%),log_Oxidizer(%),T0/S_H__T,T0/T,Training_R2,Testing_R2
-1.8311,-0.5771,-0.5034,0.0862,2.9981,9.8643,0.8680083818042453,0.8111147568487589
