,Constant,log_P(atm),log_Fuel(%),log_Oxidizer(%),T0/S_H__T,T0/T
7,1.0,0.7080357930536959,0.0,1.8718021769015913,0.17857142857142858,0.7142857142857143
69,1.0,0.5481214085096876,-1.3862943611198906,1.3862943611198906,0.13196093956188967,0.7917656373713381
181,1.0,0.5423242908253617,-2.995732273553991,-0.5978370007556204,0.07168458781362007,0.7168458781362007
188,1.0,0.8903573498476506,-3.506557897319982,-1.1086626245216111,0.07363770250368189,0.7363770250368189
266,1.0,1.6094379124341003,-0.07289332552032483,3.044522437723423,0.05537098560354374,1.1074197120708749
298,1.0,1.6054298910365616,0.2151113796169455,3.044522437723423,0.0536480686695279,1.0729613733905579
341,1.0,0.8544153281560676,-3.0576076772720784,-0.2876820724517809,0.03526093088857546,0.7052186177715092
352,1.0,0.7275486072772777,-2.9759296462578115,-0.2781278596469693,0.0350385423966363,0.700770847932726
