,Constant,log_P(atm),log_Fuel(%),log_Oxidizer(%),T0/S_H__T,T0/T
16,1.0,1.667706820558076,-0.05129329438755058,1.8229350866965048,0.17857142857142858,0.7142857142857143
