,Constant,log_P(atm),log_Fuel(%),log_Oxidizer(%),T0/S_H__T,T0/T
58,1.0,0.5364933705145685,-1.3862943611198906,1.3862943611198906,0.10871928680147858,0.6523157208088715
