features,VIF Factor
len,101.02534089372162
dia,123.80267356602722
hei,22.916845488919584
w_wei,183.01787452465805
s_wei,82.65288684281164
v_wei,12.230410256280734
sh_wei,34.62568770265164
