features,VIF Factor
len,42.06297754447962
dia,45.27506706054914
hei,2.685663565775554
w_wei,125.38679220799138
s_wei,36.203774931530035
v_wei,19.69497585036715
sh_wei,25.388404374475634
