,Constant,len,dia,hei,w_wei,s_wei,v_wei,sh_wei,Class,Time(μs)_actual,Time(μs)_predicted
39,1.0,0.525,0.425,0.12,0.7020000000000001,0.3335,0.1465,0.22,8,12,13.069500844259089
45,1.0,0.41,0.325,0.12,0.3745,0.158,0.081,0.125,8,12,12.572465856745294
104,1.0,0.59,0.46,0.155,0.906,0.327,0.1485,0.335,8,15,18.220275086762904
193,1.0,0.46,0.36,0.125,0.547,0.2165,0.1105,0.19,8,8,13.91780789579422
242,1.0,0.385,0.295,0.095,0.335,0.147,0.094,0.09,8,7,10.723886440363632
257,1.0,0.325,0.25,0.08,0.17600000000000002,0.0595,0.0355,0.063,8,7,10.99394854647422
368,1.0,0.425,0.35,0.1,0.4425,0.175,0.0755,0.175,8,7,13.604996754597208
