,Constant,len,dia,hei,w_wei,s_wei,v_wei,sh_wei,Class,Time(μs)_actual,Time(μs)_predicted
98,1.0,0.415,0.315,0.125,0.388,0.068,0.09,0.125,5,12,18.144719502897377
102,1.0,0.53,0.405,0.13,0.738,0.2845,0.17,0.193,5,9,16.90025492141766
363,1.0,0.63,0.49,0.16,1.09,0.407,0.224,0.354,5,12,21.967357941139117
