,Constant,log_P(atm),log_Fuel(%),log_Oxidizer(%),T0/S_H__T,T0/T,Class,Time(μs)_actual,Time(μs)_predicted
5,1.0,0.20701416938432612,-0.05129329438755058,1.8229350866965048,0.19592476489028213,0.7836990595611285,3,7.266827347520591,7.546098123715775
17,1.0,1.7509374747078,-0.5561717255328675,3.044522437723423,0.047664442326024785,0.9532888465204957,3,7.855932199718614,7.991960914766698
21,1.0,1.4883995840570443,-0.18632957819149348,3.044522437723423,0.04830917874396135,0.966183574879227,3,7.497207223203318,8.244539521876103
39,1.0,0.7178397931503168,-1.1394342831883648,1.3862943611198906,0.06587615283267458,0.7905138339920948,3,7.358193752733032,7.24225200907238
40,1.0,0.6981347220709843,-1.1394342831883648,1.3862943611198906,0.06464959917248513,0.7757951900698216,3,7.088408778675395,7.0615945252321435
