,y_predicted,y_actual,Relative Error
3319,3.9747803056693414,4,0.006304923582664657
1257,3.4094111348481846,4,0.14764721628795385
494,3.7706826650389615,4,0.057329333740259614
755,4.453766014257525,4,0.11344150356438121
2178,3.9251731799121896,4,0.018706705021952597
3076,3.531182652239732,4,0.11720433694006704
3997,3.6770956141078575,3,0.2256985380359525
