,Constant,log_P(atm),log_Fuel(%),log_Oxidizer(%),T0/S_H__T,T0/T,Class,Time(μs)_actual,Time(μs)_predicted
0,1.0,0.5538851132264376,-0.6931471805599453,1.3862943611198906,0.11193194537721066,0.6715916722632639,7,4.976733742420574,4.9287260156974835
10,1.0,0.5007752879124892,-1.3862943611198906,1.3862943611198906,0.11938872970391595,0.7163323782234957,7,5.541263545158426,5.666186773853804
14,1.0,0.5596157879354227,-1.3862943611198906,1.3862943611198906,0.11930326890956812,0.7158196134574087,7,5.44673737166631,5.631621588309575
26,1.0,0.5596157879354227,-1.9449106487222296,1.3862943611198906,0.05366534292154127,0.7513148009015778,7,6.042632833682381,5.909041721732198
27,1.0,0.6259384308664954,-1.9449106487222296,1.3862943611198906,0.05291005291005291,0.7407407407407407,7,5.75890177387728,5.772610210099517
31,1.0,0.6097655716208943,-1.9449106487222296,1.3862943611198906,0.05157297576070139,0.7220216606498195,7,5.442417710521793,5.597733316867649
38,1.0,1.4327007339340465,-2.279845606024556,1.3862943611198906,0.02635740643120717,0.7380073800738007,7,5.356586274672012,5.3605445020370865
