,Constant,log_P(atm),log_Fuel(%),log_Oxidizer(%),T0/S_H__T,T0/T,Class,Time(μs)_actual,Time(μs)_predicted
8,1.0,1.2267122912954254,-0.6931471805599453,1.3862943611198906,0.11502185415228894,0.6901311249137336,5,5.087596335232384,5.139175724118447
