,Constant,log_P(atm),log_Fuel(%),log_Oxidizer(%),T0/S_H__T,T0/T,Class,Time(μs)_actual,Time(μs)_predicted
32,1.0,0.598836501088704,-1.9449106487222296,1.3862943611198906,0.04859086491739553,0.6802721088435374,11,4.532599493153256,4.405419635787323
