,Constant,log_P(atm),log_Fuel(%),log_Oxidizer(%),T0/S_H__T,T0/T,Class,Time(μs)_actual,Time(μs)_predicted
3,1.0,0.6678293725756554,-0.6931471805599453,1.3862943611198906,0.1278118609406953,0.7668711656441718,3,7.112327444710911,7.026982087019027
5,1.0,1.2837077723447896,-0.6931471805599453,1.3862943611198906,0.12790995139421846,0.7674597083653109,3,6.723832440821209,6.700056163136081
15,1.0,0.6151856390902335,-1.2517634681622845,1.3862943611198906,0.05465078150617554,0.7651109410864575,3,6.90975328164481,6.842203053427667
19,1.0,0.6471032420585384,-1.2517634681622845,1.3862943611198906,0.05370569280343716,0.7518796992481203,3,6.659293919683638,6.654475331920075
40,1.0,0.7227059828014898,-2.385966701933097,1.3862943611198906,0.030814741772463947,0.8628127696289906,3,8.261009786023827,8.153363283722353
43,1.0,0.6471032420585384,-2.397995277798704,1.3862943611198906,0.029467232437529467,0.8250825082508251,3,7.727535110475448,7.716889569577762
46,1.0,0.5364933705145685,-1.854699269001929,1.3862943611198906,0.026396367859782496,0.7390983000739099,3,6.56244409369372,6.566751854619945
