,y_predicted,y_actual,Relative Error
0,4.702008206788776,6,0.21633196553520406
1,5.221443716379611,6,0.12975938060339823
2,4.2708856832873465,4,0.06772142082183663
3,4.283257332507958,7,0.388106095356006
4,4.283257332507953,7,0.38810609535600676
5,3.9942134388183983,3,0.3314044796061328
6,3.828787838860965,4,0.042803040284758787
