,y_predicted,y_actual,Relative Error
0,4.760606731498267,4,0.19015168287456685
1,4.9380292466075755,5,0.012394150678484905
2,5.127031186890729,7,0.2675669733013244
