Constant,log_P(atm),log_Fuel(%),log_Oxidizer(%),T0/S_H__T,T0/T,training_adj_r2
-8.266281312949951,-0.6670611713583945,0.28342086739206995,-0.6328714518884473,4.050120840243938,22.008432728087033,0.9928934683984484
-8.26628131294995,-0.6670611713583945,0.28342086739206995,-0.6328714518884473,4.050120840243938,22.008432728087033,0.9928934683984485
