Constant,log_P(atm),log_Fuel(%),log_Oxidizer(%),T0/S_H__T,T0/T,training_adj_r2
-2.744196000013675,-0.5137054355826758,-0.14379202573297745,-0.4263409434213185,3.2343245995799736,13.403110969349909,0.9596224840303392
-2.744196000013675,-0.5137054355826758,-0.14379202573297745,-0.42634094342131845,3.2343245995799736,13.403110969349909,0.9596224840303392
