,y_predicted,y_actual,Relative Error
372,5.693252446543911,5.713732805509369,0.0035844096429762306
