,y_predicted,y_actual,Relative Error
330,3.627070174799607,3.7612001156935624,0.03566147420189098
