,y_predicted,y_actual,Relative Error
100,4.923836360845952,5.087596335232384,0.03218808325109617
0,4.967471993112785,4.418840607796598,0.12415731500886945
276,4.920066860863903,4.6443908991413725,0.05935675263111379
7,4.547858467526195,4.465908118654584,0.018350209340245057
