,y_predicted,y_actual,Relative Error
120,3.422417483823617,3.295836866004329,0.038406214556591954
261,3.713137657923537,3.6888794541139363,0.006576035924011415
119,3.592263584240954,3.58351893845611,0.002440239868973978
352,3.867851251036234,3.8918202981106265,0.006158826779856417
145,6.379503304931094,6.320768294250582,0.00929238471436104
249,6.644796350342127,6.695798917058491,0.0076170995198837025
163,3.3849025210526316,3.4011973816621555,0.004790918838576973
316,3.4838659089502433,3.6109179126442243,0.03518551425638548
