Constant,fixed_acidity,volatile_acidity,citric_acid,residual_sugar,chlorides,free_sulfur_dioxide,total_sulfur_dioxide,density,pH,sulphates,alcohol,training_adj_r2
169.62642292670463,0.25798583126054886,-0.27795986816459994,-0.05148976799396762,0.12577510460688654,-0.023270503604849363,0.0762910786650206,-0.3155021419187276,-17.128687566616602,1.6141242569782466,0.05742776389865119,0.15162986969326975,0.8237514218779257
