Constant,fixed_acidity,volatile_acidity,citric_acid,residual_sugar,chlorides,free_sulfur_dioxide,total_sulfur_dioxide,density,pH,sulphates,alcohol,training_adj_r2
138.38504662762134,0.13773538431101395,-0.24334758371468967,-0.037183672032240406,0.09978110231893539,0.0006028530067017967,0.030036223265359804,-0.0611418538948663,-13.920148649321499,0.9460804420617732,0.05639711174825186,0.2574924988915137,0.6031842623481533
