Constant,fixed_acidity,volatile_acidity,citric_acid,residual_sugar,chlorides,free_sulfur_dioxide,total_sulfur_dioxide,density,pH,sulphates,alcohol,training_adj_r2
169.0768667843799,0.031182913068660598,-0.18706129439509336,0.015208293958086198,0.08726795565025042,-0.0007267304709146008,0.02113272955094747,0.0742859145087611,-16.842582708592904,0.41744511227091874,0.07534423125694778,0.15503726543172608,0.9952233540039123
