Constant,log_P(atm),log_Fuel(%),log_Oxidizer(%),T0/S_H__T,T0/T,Training_R2,Testing_R2
-0.4726,-0.5232,-0.2755,0.0149,2.2059,7.975,0.9739618080643847,0.9842317700834006
