features,VIF Factor
CRIM,2.122136607214508
ZN,2.2606866620621897
INDUS,6.401924477679721
CHAS,1.4288628135774502
NOX,5.685245511691751
RM,4.162216926984689
AGE,3.4834641776358946
DIS,3.895424009994526
RAD,8.88190102315597
TAX,12.267787306941905
PTRATIO,2.5587750948397243
B,1.5553461461064448
LSTAT,5.57538439399277
