,y_predicted,y_actual,Relative Error
201,32.167942385628976,33.2,0.03108607272201888
213,24.68442293247176,24.7,0.000630650507216098
32,21.20132788684373,21.0,0.009587042230653728
247,12.726494374079842,12.7,0.0020861711873891523
138,32.388376203863515,33.1,0.021499208342492023
283,13.923919071034712,13.3,0.04691120834847454
