,y_predicted,y_actual,Relative Error
244,3.5896698452183022,3.8918202981106265,0.07763730844381743
12,4.153361178561839,4.418840607796598,0.060078978356075396
