,y_predicted,y_actual,Relative Error
549,6.234965935903891,6.320768294250582,0.013574672310759692
588,3.4173841589019074,3.4011973816621555,0.0047591408034783015
164,3.193165707895073,3.258096538021482,0.01992906881937861
138,3.602327143940566,3.6109179126442243,0.0023791093875538925
548,6.772696502978598,6.695798917058491,0.01148445269528621
217,3.698854937819738,3.6888794541139363,0.002704204306453278
511,3.5873041408653474,3.58351893845611,0.0010562808441214216
165,3.017302912311747,2.9444389791664403,0.024746287377955516
413,3.590532887400811,3.6109179126442243,0.005645385947997242
