Constant,log_P(atm),log_Fuel(%),log_Oxidizer(%),T0/S_H__T,T0/T,Training_R2,Testing_R2
-0.1411,-0.5068,-0.2116,0.0489,1.9006,6.734,0.8484111269578989,0.24383704026915065
