,y_predicted,y_actual,Relative Error
4,4.329166186359398,4.356708826689592,0.006321891461156415
21,4.6242205127930065,4.454347296253507,0.03813650019664548
