Constant,log_P(atm),log_Fuel(%),log_Oxidizer(%),T0/S_H__T,T0/T,training_adj_r2
0.026711635360495256,-0.4921888800938365,-0.16944506573192425,0.00822219007144287,1.93586459837601,6.647218942443033,0.8382974594741786
