Constant,log_P(atm),log_Fuel(%),log_Oxidizer(%),T0/S_H__T,T0/T,training_adj_r2
4.904018274490426,-0.05690696482840618,1.0780471503873201,-0.8171171561530599,-5.344755137732477,3.377872944736808,0.9810998257120407
