Constant,log_P(atm),log_Fuel(%),log_Oxidizer(%),T0/S_H__T,T0/T,training_adj_r2
1.1001631685508362,-0.5108117031506432,0.01911740710723181,0.025616869203010872,-0.9166249308443993,5.309873768815953,0.966474791695366
