,y_predicted,y_actual,Relative Error
17,4.928148510563386,4.875197323201151,0.010861342393309827
342,4.566008856987404,4.430816798843313,0.03051176888635589
88,5.269541695138623,5.278114659230517,0.0016242474151069853
4,5.087095153531196,5.14166355650266,0.010612985927959305
109,5.561948686858058,5.777652323222656,0.03733413232527008
378,6.511659668435771,6.774223886357614,0.03875930620637043
29,5.510424801708187,5.318119993844216,0.036160298768468234
127,5.097804529854804,5.187385805840755,0.01726905985768149
