,y_predicted,y_actual,Relative Error
1,4.8176344650678,4.605170185988092,0.04613603200293494
33,4.867793860407127,4.875197323201151,0.0015185975670751362
134,4.890733206838378,5.0689042022202315,0.035149805219008165
53,5.247310017563096,5.030437921392435,0.0431119714743701
164,5.282851195834571,5.19295685089021,0.01731082069918414
315,4.545819972537178,4.564348191467836,0.004059335123751795
