,y_predicted,y_actual,Relative Error
254,7.672185530161669,7.501082124259871,0.022810496281385623
262,7.115654608953989,7.213768308118642,0.013600894147685914
116,8.69908330209584,8.653819788948063,0.005230466343380963
298,6.198327597601438,6.089044875446846,0.017947432543198628
