Constant,female,male,len,dia,hei,w_wei,sh_wei,v_wei,rings,training_adj_r2
4.454887975649932,1.0214076318498475,1.10833329304082,-5.942499231707398,12.09394823594038,32.90803998618908,10.498333986484836,13.821360852350054,-15.362903631940371,0,0.9864956010321607
