Constant,female,male,len,dia,hei,w_wei,sh_wei,v_wei,rings,training_adj_r2
1.4305690811955911,0.4899971176400761,0.536678193363643,4.214426478031673,7.280942834507374,2.0813722791453144,2.822875454428645,5.291069128913611,-0.03742642837347987,0,0.9877069660614359
