Constant,female,male,len,dia,hei,w_wei,sh_wei,v_wei,rings,training_adj_r2
2.677697036267593,0.8145825907109765,0.8792247154566636,-1.433915285443761,10.8289105847357,21.126503046150003,8.893240074186089,7.746021733904203,-11.75005844388207,0,0.9816411968698552
