Constant,female,male,len,dia,hei,w_wei,sh_wei,v_wei,rings,training_adj_r2
2.5403901334810017,0.5861307892173039,0.6945391896202873,2.0193237096368017,7.264398826127518,13.107992267490943,5.760543459278843,8.92179389166796,-5.950853848137342,0,0.9881785159100588
