Constant,len,dia,hei,w_wei,sh_wei,v_wei,rings,training_adj_r2
5.151908699356811,-11.839116925864756,20.27935772103934,34.9478633095826,12.969178836868744,12.592379542710896,-17.291955445514397,0,0.9944228134961672
