Constant,len,dia,hei,w_wei,sh_wei,v_wei,rings,training_adj_r2
7.885497226924414,-30.745418089021392,41.11712538721303,51.98752401726228,14.83994007600933,19.593793671710266,-25.654703932233357,0,0.941237713066346
7.885497226924415,-30.745418089021392,41.11712538721303,51.98752401726228,14.83994007600933,19.593793671710266,-25.654703932233353,0,0.9412377130663461
