Constant,female,male,len,dia,hei,w_wei,sh_wei,v_wei,rings,training_adj_r2
3.724714312858416,1.0109128945334762,0.9604198908690891,-3.1941323349440722,10.114710336526016,25.49790664768103,10.082439479941101,10.929310291072422,-13.885431637201522,0,0.9851493481901512
