Constant,female,male,len,dia,hei,w_wei,sh_wei,v_wei,rings,training_adj_r2
1.8846849898424474,0.4280425270893887,0.5105447697011696,3.303831240028499,8.58211490481509,5.371420586270322,3.7945572156933025,8.719843112702858,-4.023663160853834,0,0.9836683902618183
