Constant,len,dia,hei,w_wei,sh_wei,v_wei,rings,training_adj_r2
1.4708101758947905,-3.8934880976044055,15.986458318922141,3.3594463222439743,5.018340615354503,5.698235779921794,-5.676230202475196,0,0.9806110378344864
1.4708101758947905,-3.8934880976044055,15.986458318922141,3.3594463222439743,5.018340615354503,5.698235779921794,-5.676230202475196,0,0.9806110378344864
6.65706130441582,-10.70190269856721,15.631888792923228,38.98488475603003,11.4676080854443,18.099671370624577,-18.174047595484343,0,0.9930904722341363
