,y_predicted,y_actual,Relative Error
1601,4.900425176329362,5,0.019914964734127592
41,12.954973600029515,13,0.0034635692284988606
1323,11.929578607319792,12,0.005868449390017331
1628,6.047233758704851,6,0.007872293117475207
1016,6.944439469210555,7,0.007937218684206446
1490,15.197274450658092,15,0.013151630043872823
657,9.003627731404098,9,0.00040308126712200004
2575,11.773617143907636,12,0.018865238007697016
262,3.888748735804337,4,0.027812816048915723
