,y_predicted,y_actual,Relative Error
24,4.643671175622966,4.605170185988092,0.008360383673120138
75,5.06344643533987,5.081404364984463,0.0035340485335786133
16,4.426606507196038,4.465908118654584,0.008800362751391804
123,4.26764724185078,4.290459441148391,0.005316959549559431
29,5.309340829537179,5.318119993844216,0.001650802222815382
203,6.297333290757321,6.297109319933935,3.556724395385914e-05
57,5.070481483651255,5.030437921392435,0.007960253736266293
31,5.318641873476951,5.327876168789581,0.001733203817071529
121,3.8694642790133225,3.8501476017100584,0.005017126432941025
