,y_predicted,y_actual,Relative Error
124,4.156131999124161,3.8918202981106265,0.06791467250989239
