,y_predicted,y_actual,Relative Error
83,4.844351315374226,4.875197323201151,0.006327130120483238
63,5.008445233255008,4.948759890378168,0.01206066655060099
13,5.021716207230944,5.0106352940962555,0.002211478681704197
224,4.707071558759342,4.812184355372417,0.02184305272837795
