,y_predicted,y_actual,Relative Error
167,4.423063791112014,4.418840607796598,0.0009557220298836856
57,7.730203966786707,7.845807502637805,0.014734434385782633
