,y_predicted,y_actual,Relative Error
266,5.205104505898727,5.198497031265826,0.001271035569157934
270,5.8829281335817125,5.902633333401366,0.0033383743672755492
67,7.887737711770853,7.8628820346414905,0.0031611407903433175
59,6.343662376761825,6.375024819828097,0.0049195797589250845
208,4.830711771812997,4.8283137373023015,0.0004966608719248083
163,4.591744144149964,4.605170185988092,0.002915427942050497
188,4.863540991445272,4.820281565605037,0.008974460361177081
155,4.481550287232534,4.465908118654584,0.003502572861410064
183,5.164687754923114,5.19295685089021,0.005443737889378052
