features,VIF Factor
len,42.502652031853955
dia,45.4869638543801
hei,2.7661084775262226
w_wei,129.14244476475707
s_wei,36.62350940995023
v_wei,19.802461333053444
sh_wei,26.26004047455605
