features,VIF Factor
len,39.369796990215036
dia,45.763636959041634
hei,5.255915035643396
w_wei,86.75077193279536
s_wei,32.27997708063068
v_wei,9.289112510620269
sh_wei,21.28411240902635
