features,VIF Factor
len,98.04657055121433
dia,114.3406633508107
hei,17.06850054414734
w_wei,192.4160698896509
s_wei,81.67321960012532
v_wei,15.35682666086479
sh_wei,35.905206272758846
