,y_predicted,y_actual,Relative Error
258,5.51203354614162,5.459585514144159,0.009606595933259679
161,6.0252820116789545,6.042632833682381,0.0028714010069767954
220,5.051858816819697,5.198497031265826,0.028207809596540734
