features,VIF Factor
log_P(atm),4.685834913628606
log_Fuel(%),28.991929794168957
log_Oxidizer(%),20.037638901412077
T0/S_H__T,1.79135751608776
T0/T,8.72287517415769
