features,VIF Factor
log_P(atm),4.08882408689492
log_Fuel(%),17.778232828701324
log_Oxidizer(%),15.334998099157463
T0/S_H__T,2.328848813627846
T0/T,5.990360911372628
