Constant,fixed_acidity,volatile_acidity,citric_acid,residual_sugar,chlorides,free_sulfur_dioxide,total_sulfur_dioxide,density,pH,sulphates,alcohol,training_adj_r2
132.8403034058357,0.0743720936184794,-0.2511291489008418,-0.04502999165719117,0.10258594181157003,0.020968352889670874,0.03174269314770075,0.007970838559584914,-13.30171029821999,0.7358738408757186,0.05249606001907997,0.30290409118394146,0.7734847547948563
