Constant,fixed_acidity,volatile_acidity,citric_acid,residual_sugar,chlorides,free_sulfur_dioxide,total_sulfur_dioxide,density,pH,sulphates,alcohol,training_adj_r2
137.6104964539685,-0.019435342262535196,-0.1690374490910101,0.024531341997276933,0.071430038003681,0.0013368819798149486,0.030518108846369636,0.04625313667999906,-13.622411974265427,0.19262351518128176,0.0627532116795886,0.18458533299289517,0.8322496175819225
