Constant,fixed_acidity,volatile_acidity,citric_acid,residual_sugar,chlorides,free_sulfur_dioxide,total_sulfur_dioxide,density,pH,sulphates,alcohol,training_adj_r2
176.59472292018523,0.2862439707928994,-0.25547026687822627,-0.0876594414100514,0.12877768806686304,-0.015423876387350455,0.05993610573668441,-0.36186615876433853,-17.786394976355165,1.517805801221667,0.05967141686373052,0.13053767752866563,0.8476963531303081
