,Constant,fixed_acidity,volatile_acidity,citric_acid,residual_sugar,chlorides,free_sulfur_dioxide,total_sulfur_dioxide,density,pH,sulphates,alcohol
808,1.0,6.2,0.37,0.3,6.6,0.34600000000000003,79.0,200.0,0.9954,3.29,0.58,9.6
2017,1.0,9.2,0.34,0.27,1.2,0.026,17.0,73.0,0.9921,3.08,0.39,10.8
3339,1.0,8.1,0.46,0.31,1.7,0.052000000000000005,50.0,183.0,0.9923,3.03,0.42,11.2
3455,1.0,7.8,0.28,0.25,3.4,0.024,27.0,99.0,0.98959,2.98,0.37,13.0
