Constant,log_P(atm),log_Fuel(%),log_Oxidizer(%),T0/S_H__T,T0/T,training_adj_r2
0.9232838730584784,-0.5065689464008822,-0.06015867658170172,0.04664197941473747,-0.8726612991548848,5.4069426941349645,0.9695168441536572
0.6400885229789877,-0.7328004369517158,0.020368737322093988,-0.09995441410059992,-1.861308840827768,6.5442408501088245,0.9754374291487315
0.9326945079972032,-0.4916391074812827,-0.015659460773418614,0.05453186259789167,0.187675997128892,5.284863425658406,0.9826958221757724
-1.7703356251115707,-0.6348434002403281,-0.4466009385897721,0.3123647775019287,1.065741274602285,7.729605969512782,0.9858455410497292
1.4631143196342948,-0.44327780274863016,0.1215583482217344,-0.07856615156241188,-1.262960683276149,5.115437118522944,0.974302092113132
1.2675444337668471,-0.4717764289261164,0.09176211701089798,-0.06877905149752593,-0.9349260503415272,5.3007280758800945,0.9756622163815876
1.0819457853739287,-0.5142085680114163,-0.006311399740121182,0.010710037149400664,-1.0112885107158576,5.380014235775629,0.9837848161135028
0.4304567390712073,-0.6556108493132833,-0.18342885553084545,0.1758432286677234,-5.66299787396723,6.1034212185417385,0.9821143357614864
0.9809039847979726,-0.47668554111786476,0.007656500765076846,0.018161220005800338,-0.12169839266524995,5.31367283408489,0.9744522808541507
