Constant,female,male,len,dia,hei,w_wei,sh_wei,v_wei,rings,training_adj_r2
2.697673039678018,0.7886828906329864,0.8469471025355559,-1.0640347546716442,10.142796723553356,21.33177407959435,8.568845660361188,8.248318114184222,-10.983573811532692,0,0.5332602791370584
