Constant,dia,female,hei,infant,len,male,rings,sh_wei,training_adj_r2,v_wei,w_wei
2.5158168293410705,10.903195390531907,1.0846335440827777,19.017643392017128,0.3091288320600599,-1.6960991090454778,1.1220544531982664,0,7.130101664629183,0.5615825763436766,-12.596371444796322,10.05283814009884
2.6913681185114418,13.123617639810547,,20.609934928391173,,-2.77936284076747,,0,6.740994428216204,0.5533409183226448,-11.9659360821122,10.3587570314439
2.6913681185114418,13.123617639810547,,20.609934928391173,,-2.77936284076747,,0,6.740994428216204,0.5533409183226448,-11.9659360821122,10.3587570314439
2.6913681185114418,13.123617639810547,,20.609934928391173,,-2.7793628407674706,,0,6.740994428216204,0.5533409183226448,-11.9659360821122,10.3587570314439
2.691368118511442,13.123617639810549,,20.60993492839117,,-2.779362840767471,,0,6.7409944282162035,0.5533409183226448,-11.9659360821122,10.3587570314439
