Constant,len,dia,hei,w_wei,sh_wei,v_wei,rings,training_adj_r2
2.5975138160693647,-1.943327415427499,11.923188728733967,23.167731265096634,8.801488971715694,8.07331814128233,-10.252413211599604,0,0.5241093998307007
2.5975138160693647,-1.943327415427499,11.923188728733967,23.167731265096634,8.801488971715694,8.07331814128233,-10.252413211599604,0,0.5241093998307007
2.5975138160693647,-1.943327415427499,11.923188728733967,23.167731265096634,8.801488971715692,8.07331814128233,-10.252413211599603,0,0.5241093998307007
