,Constant,log_P(atm),log_Fuel(%),log_Oxidizer(%),T0/S_H__T,T0/T,Class,Time(μs)_actual,Time(μs)_predicted
12,1.0,0.5364933705145685,-1.3862943611198906,1.3862943611198906,0.10871928680147858,0.6523157208088715,11,3.8918202981106265,3.9852043556425807
24,1.0,0.5128236264286637,-1.9449106487222296,1.3862943611198906,0.050911312493636084,0.7127583749109052,11,5.247024072160486,5.079659439029168
25,1.0,0.5766133643039938,-1.9449106487222296,1.3862943611198906,0.05105687736138058,0.7147962830593281,11,5.19295685089021,5.05369372222066
32,1.0,0.598836501088704,-1.9449106487222296,1.3862943611198906,0.04859086491739553,0.6802721088435374,11,4.532599493153256,4.54313626568412
