,Constant,log_P(atm),log_Fuel(%),log_Oxidizer(%),T0/S_H__T,T0/T,Class,Time(μs)_actual,Time(μs)_predicted
1,1.0,0.6043159668533296,-0.6931471805599453,1.3862943611198906,0.1168770453482936,0.7012622720897616,3,5.638354669333745,5.72571826553467
10,1.0,0.5007752879124892,-1.3862943611198906,1.3862943611198906,0.11938872970391595,0.7163323782234957,3,5.541263545158426,5.651016264415345
14,1.0,0.5596157879354227,-1.3862943611198906,1.3862943611198906,0.11930326890956812,0.7158196134574087,3,5.44673737166631,5.69062229578453
26,1.0,0.5596157879354227,-1.9449106487222296,1.3862943611198906,0.05366534292154127,0.7513148009015778,3,6.042632833682381,5.976599680836615
27,1.0,0.6259384308664954,-1.9449106487222296,1.3862943611198906,0.05291005291005291,0.7407407407407407,3,5.75890177387728,6.0157160272412975
29,1.0,0.6523251860396901,-1.9449106487222296,1.3862943611198906,0.05473453749315818,0.7662835249042146,3,6.284134161070802,6.0470689619607425
33,1.0,1.8779371654691073,-3.001750345879554,0.0,0.02818807080843387,0.7892659826361483,3,7.550661243105336,7.622014016920357
36,1.0,1.9125010869241836,-3.009831197933493,0.0,0.026792412388811488,0.7501875468867217,3,6.821107472256465,7.618913014892083
