,Constant,log_P(atm),log_Fuel(%),log_Oxidizer(%),T0/S_H__T,T0/T,Class,Time(μs)_actual,Time(μs)_predicted
10,1.0,0.11332868530700327,0.0,2.5649493574615367,0.17998560115190784,0.7199424046076314,3,5.318119993844216,5.008827751356199
11,1.0,0.10436001532424286,0.0,2.5649493574615367,0.18050541516245489,0.7220216606498195,3,5.327876168789581,5.0293283121367045
21,1.0,1.8656293177945105,-1.6971768267421072,1.3862943611198906,0.02691355366562601,0.7535795026375283,3,5.886104031450156,4.571605389594592
30,1.0,3.254242968705492,0.11600367575630613,3.033509637888021,0.05847953216374269,1.1695906432748537,3,6.774223886357614,6.444769437420375
31,1.0,0.7747271675523681,-3.079113882493042,-0.2876820724517809,0.031113876789047916,0.6222775357809583,3,4.430816798843313,4.552398530272839
32,1.0,3.1135153092103742,0.11600367575630613,3.033509637888021,0.05753739930955121,1.1507479861910241,3,6.946975992135418,6.369318030151276
39,1.0,4.014579593753238,0.6280751838162305,3.0252910757955354,0.1072961373390558,1.0729613733905579,3,5.777652323222656,5.36997488635375
40,1.0,0.7466879474879751,-3.506557897319982,-0.5418004280654213,0.04274965800273598,0.6839945280437757,3,5.327876168789581,5.190418551150491
