Constant,female,male,len,dia,hei,w_wei,sh_wei,v_wei,rings,training_adj_r2
4.360443486993455,1.0916430211304777,1.0801111343236525,-7.579906707270316,14.81858643384767,31.760854167927697,11.284581073532863,13.110543302254984,-16.660070352009324,0,0.7358795883458344
