Constant,female,male,len,dia,hei,w_wei,sh_wei,v_wei,rings,training_adj_r2
1.5810324870604413,0.42051375580418043,0.5239585803689706,3.727788877310915,8.198856973085068,3.2960380223321732,3.478146464044179,7.052186164288276,-2.544040889823701,0,0.9985991726422709
