Constant,len,dia,hei,w_wei,sh_wei,v_wei,rings,training_adj_r2
9.761603304270137,-22.557877702296906,25.574235364334363,53.17271152856814,11.646716302528336,23.7891209705174,-25.948685929308052,0,0.9182027079654882
9.761603304270137,-22.557877702296906,25.574235364334363,53.172711528568136,11.646716302528336,23.7891209705174,-25.94868592930805,0,0.9182027079654882
6.082614097923894,-10.573836957603547,17.600137248522458,39.0797653719789,11.398963977051451,16.887883606704975,-18.991745947864917,0,0.810029598029965
