Constant,dia,female,hei,infant,len,male,rings,sh_wei,training_adj_r2,v_wei,w_wei
3.7783135518604314,19.872199503275585,1.6072201800235928,31.51826548466317,0.5459692137963694,-9.785013430150496,1.6251241580404332,0,8.610064730107538,0.7705831619641355,-19.34876935246597,13.588676833419704
4.764077012296874,22.366400813324127,,29.77074964897977,,-11.452156716759223,,0,10.078928515249189,0.7453150922698644,-17.087964059112007,13.576086566521804
4.764077012296874,22.366400813324127,,29.77074964897977,,-11.452156716759223,,0,10.078928515249189,0.7453150922698644,-17.087964059112007,13.576086566521804
4.764077012296874,22.366400813324127,,29.77074964897977,,-11.452156716759223,,0,10.078928515249189,0.7453150922698644,-17.087964059112007,13.576086566521804
4.764077012296874,22.366400813324127,,29.77074964897977,,-11.452156716759223,,0,10.078928515249187,0.7453150922698644,-17.087964059112007,13.576086566521806
