Constant,female,male,len,dia,hei,w_wei,sh_wei,v_wei,rings,training_adj_r2
5.41670939921206,0.973980671737623,0.8345713030039777,-6.680741714660801,14.032334904228707,44.56834066657354,12.945100139182205,13.386893556939427,-23.86930503427153,0,0.8273962150053388
