Constant,female,male,len,dia,hei,w_wei,sh_wei,v_wei,rings,training_adj_r2
9.182769232659975,0.6667540594127628,0.35412071979385473,-10.447680384328038,11.356325448622087,52.84139542424761,9.744819789426863,26.8051863700442,-29.132745222325013,0,0.9230389822506685
