Constant,len,dia,hei,w_wei,sh_wei,v_wei,rings,training_adj_r2
3.2327164229007668,-3.267497709430195,15.973915141216441,42.07366732258912,9.956861972157137,12.458428468893098,-17.128283954571767,0,0.7708931490643841
3.2327164229007668,-3.267497709430195,15.973915141216441,42.07366732258912,9.956861972157137,12.458428468893098,-17.128283954571767,0,0.7708931490643841
4.359146256271754,-7.447386834996309,14.925085785145026,32.82556990473422,11.278942822832676,13.457593195818058,-13.67716744710922,0,0.7092729132254103
