,y_predicted,y_actual,Relative Error
12,4.203855501020103,3.8918202981106265,0.08017718676809431
