,y_predicted,y_actual,Relative Error
0,7.945378438368692,5,0.5890756876737384
1,8.075365155529454,6,0.34589419258824233
2,8.039675015178204,7,0.1485250021683149
3,7.6455240854397175,8,0.04430948932003531
4,7.257021650268058,8,0.09287229371649275
5,7.4410080649869315,6,0.24016801083115524
6,7.577807270829368,8,0.05277409114632903
7,7.592639116384078,7,0.08466273091201108
