,y_predicted,y_actual,Relative Error
0,7.7948944531274105,8,0.02563819335907369
