,y_predicted,y_actual,Relative Error
0,3.605178969020768,4,0.09870525774480798
1,3.9782925801475586,7,0.4316724885503488
