,y_predicted,y_actual,Relative Error
0,6.594398062161483,6,0.09906634369358051
