,y_predicted,y_actual,Relative Error
0,6.957871299596627,6,0.1596452165994379
1,7.0303479987862305,6,0.17172466646437176
2,6.723955242098424,6,0.12065920701640402
