,y_predicted,y_actual,Relative Error
8,7.260461109110533,7.661997558901893,0.05240623567216426
16,5.481607482634766,5.572154032177765,0.016249828884864863
0,6.548603216976684,7.358193752733032,0.11002571595177754
