,Constant,log_P(atm),log_Fuel(%),log_Oxidizer(%),T0/S_H__T,T0/T,Class,Time(μs)_actual,Time(μs)_predicted
0,1.0,1.7047480922384253,-0.05129329438755058,1.8229350866965048,0.18450184501845018,0.7380073800738007,5,5.7745515455444085,5.156523700862354
9,1.0,1.6714733033535532,-0.05129329438755058,1.8229350866965048,0.16926201760324983,0.6770480704129993,5,4.532599493153256,4.485206032878802
26,1.0,0.8458682675776092,-3.1122660898099426,-0.2876820724517809,0.03496503496503497,0.6993006993006993,5,5.855071922202427,6.312221064400303
33,1.0,1.6193882432872684,0.14669437915080344,3.044522437723423,0.05241090146750524,1.0482180293501049,5,8.335431477880796,8.062943180138314
