,Constant,log_P(atm),log_Fuel(%),log_Oxidizer(%),T0/S_H__T,T0/T,Class,Time(μs)_actual,Time(μs)_predicted
31,1.0,0.7747271675523681,-3.079113882493042,-0.2876820724517809,0.031113876789047916,0.6222775357809583,7,4.430816798843313,5.144915949250723
