Constant,fixed_acidity,volatile_acidity,citric_acid,residual_sugar,chlorides,free_sulfur_dioxide,total_sulfur_dioxide,density,pH,sulphates,alcohol,training_adj_r2
121.801864980925,0.13729779234669393,-2.2556875012757773,-0.13918376820096615,0.0790795564748661,-0.3158726544421233,0.002996800852664709,-0.000434184575045981,-122.5798321428993,0.8868597852617938,0.5115481500407959,0.2672971135695725,0.8930664786506011
