Constant,fixed_acidity,volatile_acidity,citric_acid,residual_sugar,chlorides,free_sulfur_dioxide,total_sulfur_dioxide,density,pH,sulphates,alcohol,training_adj_r2
0.00998896705664265,-0.014155089364747853,-0.05885578809371195,0.06654879586185912,0.005393210650953328,-4.448422248267538,-0.0032694461627199925,-8.991444313277176e-05,4.6098803446388965,0.06760227025109877,0.01775233291997047,-0.04505928985704477,0.8601042975510309
159.8690486481451,0.011005519957419272,-1.5551760894900133,0.2826633782732603,0.07744960417978407,0.5069136276973436,0.002605196609203462,0.0008515636986253842,-158.71671136446642,0.2370718826398719,0.5121281112939504,0.15434390588331307,0.8865197063954244
