Constant,fixed_acidity,volatile_acidity,citric_acid,residual_sugar,chlorides,free_sulfur_dioxide,total_sulfur_dioxide,density,pH,sulphates,alcohol,training_adj_r2
181.68502625376442,0.2683374403100784,-2.311557539328331,-0.470220553911768,0.10278660947097734,0.9219434162529456,0.00240287344658564,-0.0016601779174248421,-183.35155345684757,1.2070044138266978,0.13879656931447093,0.23100333098857234,0.8917253359823325
