Constant,fixed_acidity,volatile_acidity,citric_acid,residual_sugar,chlorides,free_sulfur_dioxide,total_sulfur_dioxide,density,pH,sulphates,alcohol,training_adj_r2
67.75353984691492,-0.1796025744562994,-0.7175457566539798,0.016263602643727726,0.010753553491007359,-4.13976086975606,-0.0020177389960586174,-0.00132854706951082,-59.937085002179174,-0.9272369501889688,1.3047468671139297,-0.024346292088999633,0.9333502556192927
