Constant,fixed_acidity,volatile_acidity,citric_acid,residual_sugar,chlorides,free_sulfur_dioxide,total_sulfur_dioxide,density,pH,sulphates,alcohol,training_adj_r2
274.0202866856713,-0.034374260850111624,-1.911687319782936,0.5149201289785976,0.11813814282006457,1.0198922397058388,-0.0012054912002786664,0.0012907480354488895,-272.7853148950039,0.27713302855536015,1.1851645091336025,-0.010808309784834907,0.9401767799782973
