,y_predicted,y_actual,Relative Error
254,22.093928179241715,23.0,0.03939442698949066
112,22.34587954310884,22.9,0.024197399864242745
86,6.2219828384365705,5.6,0.11106836400653051
255,12.554667710824301,13.1,0.0416284190210457
42,18.6603927897213,19.4,0.03812408300405664
