Constant,len,dia,hei,w_wei,s_wei,v_wei,sh_wei,Training_R2,Testing_R2
1.3175,-1.0011,12.1564,3.1663,3.8004,-10.0588,-4.0219,5.7455,0.9500877252390504,0.986509680661536
1.3175,-1.0011,12.1564,3.1663,3.8004,-10.0588,-4.0219,5.7455,0.9500877252390503,0.9865096806615359
