Constant,len,dia,hei,w_wei,s_wei,v_wei,sh_wei,Training_R2,Testing_R2
4.4708,-5.9708,14.2769,32.1609,11.3705,-25.3822,-14.5683,14.202,0.9992492088701462,0.9829895952681557
