Constant,log_P(atm),log_Fuel(%),log_Oxidizer(%),T0/S_H__T,T0/T,training_adj_r2
-1.2327866287184972,-0.5254473971345582,-0.4025494762021269,0.10193009280442808,4.255340194174088,7.697502727136658,0.9144024924961276
-0.4181247827853938,-0.5243476280813378,-0.1810378295168137,-0.056026378635361584,2.04936819424092,7.496899835462741,0.9199420809836004
-0.4972063338159654,-0.477968000104027,-0.2605589470199741,0.009809461282812348,2.800934358479399,7.192445840382834,0.9132243020547436
-0.7498618209779448,-0.5939312767615043,-0.2995896087529668,0.05671252977785857,2.6670005303316824,7.549980088305468,0.9106284852963925
