Constant,log_P(atm),log_Fuel(%),log_Oxidizer(%),T0/S_H__T,T0/T,Training_R2,Testing_R2
0.465,-0.5902,-0.0445,-0.0872,-0.2098,7.0574,0.8161557812761364,0.7474856552995071
