Constant,log_P(atm),log_Fuel(%),log_Oxidizer(%),T0/S_H__T,T0/T,Training_R2,Testing_R2
-1.5933,-0.6029,-0.5235,0.1416,4.3601,9.5313,0.9932358945479431,0.9930738873063057
