Constant,log_P(atm),log_Fuel(%),log_Oxidizer(%),T0/S_H__T,T0/T,Training_R2,Testing_R2
1.1002,-0.5108,0.0191,0.0256,-0.9166,5.3099,0.966474791695366,0.05785574965741169
