Constant,log_P(atm),log_Fuel(%),log_Oxidizer(%),T0/S_H__T,T0/T,Training_R2,Testing_R2
0.3176,-0.5312,-0.212,0.0714,1.2749,6.5914,0.7734161966664608,-1.0348210376886469
