Constant,fixed_acidity,volatile_acidity,citric_acid,residual_sugar,chlorides,free_sulfur_dioxide,total_sulfur_dioxide,density,pH,sulphates,alcohol,training_adj_r2
144.10985044842434,-0.017904939176705676,-2.0146426231563566,0.016360493029963875,0.07875008028771183,-1.0927580288000873,-6.409718133174291e-05,0.0014722223455362197,-142.1319164008933,0.2539865290494261,0.6314682352073306,0.09583397787420463,0.41016138690090986
