Constant,fixed_acidity,volatile_acidity,citric_acid,residual_sugar,chlorides,free_sulfur_dioxide,total_sulfur_dioxide,density,pH,sulphates,alcohol,training_adj_r2
138.6266574456081,0.08854939237662468,-2.0289686193857457,-0.1193487655480513,0.08155799959368973,0.5288797991196089,0.0021530489583561825,0.0004574980046284811,-138.71506183461935,0.6061579112065618,0.5972637967973925,0.2493343412040369,0.9830600802603133
