Constant,fixed_acidity,volatile_acidity,citric_acid,residual_sugar,chlorides,free_sulfur_dioxide,total_sulfur_dioxide,density,pH,sulphates,alcohol,training_adj_r2
231.43229030679936,-0.020271169744803898,-1.7839586278140147,0.3710817108849322,0.10292212509098785,-0.16339493380424058,-0.0016469874634721135,0.0012565781318371555,-230.49848309386482,0.38554528866363286,0.9501006681754799,0.02066687223869937,0.4547910558855035
