Constant,fixed_acidity,volatile_acidity,citric_acid,residual_sugar,chlorides,free_sulfur_dioxide,total_sulfur_dioxide,density,pH,sulphates,alcohol,training_adj_r2
-24.54016808506793,-0.14625020129403246,-1.3096935241999406,0.18769750430723164,0.004500410509729018,-0.6344226877914816,-0.0021233483346805577,-0.0006394321300337799,29.742406062140304,-0.3175741733287976,0.236343772368264,0.11944245688482638,0.10505920835438554
163.6626491218315,0.014318050454424108,-1.6509484603622808,0.24070437456198146,0.07977562843918812,0.33433984588276733,0.002441026721063359,0.000889403326259773,-162.53335983890503,0.2573723068335725,0.6102177675987733,0.13940114950137866,0.48693301395719457
