features,VIF Factor
log_P(atm),5.934391260129119
log_Fuel(%),5.048024730066604
log_Oxidizer(%),10.002383921480428
T0/S_H__T,2.3445406677040945
T0/T,12.468056333487134
