features,VIF Factor
log_P(atm),3.213620670304772
log_Fuel(%),10.237453972795077
log_Oxidizer(%),9.82973717421088
T0/S_H__T,1.6769745671630942
T0/T,4.009998369778692
