features,VIF Factor
log_P(atm),2.0702036492661664
log_Fuel(%),8.043599865681903
log_Oxidizer(%),9.677039629744451
T0/S_H__T,2.262766883779515
T0/T,3.4247352218842946
