features,VIF Factor
log_P(atm),2.1168354833579666
log_Fuel(%),7.720817240137071
log_Oxidizer(%),9.554303984339057
T0/S_H__T,2.1150656809259685
T0/T,3.2812732721133377
