features,VIF Factor
log_P(atm),1.8010975450271016
log_Fuel(%),17.437279194994648
log_Oxidizer(%),17.248878088839135
T0/S_H__T,2.596266860115594
T0/T,4.660057000951535
