T0/S_H__T,T0/T,log_Fuel(%),log_Oxidizer(%),log_P(atm)
0.07641938052615754,0.7947038790269018,-1.1879348840311206,1.5057270077142004,1.2305218474765773
