T0/S_H__T,T0/T,log_Fuel(%),log_Oxidizer(%),log_P(atm)
0.06805970888146425,0.8187750361748378,-0.7383302926650485,2.1381921668884156,1.5616571029393702
