T0/S_H__T,T0/T,log_Fuel(%),log_Oxidizer(%),log_P(atm)
0.07736762720045434,0.7442938019486008,-1.3232265138576476,1.3653322671524746,0.9838716087394545
