features,VIF Factor
log_P(atm),4.788076550593321
log_Fuel(%),25.34721171765677
log_Oxidizer(%),33.431470437210415
T0/S_H__T,1.6596969152186274
T0/T,8.465773363929621
