features,VIF Factor
log_P(atm),1.4692167101358153
log_Fuel(%),5.895850692917024
log_Oxidizer(%),4.828537491062675
T0/S_H__T,2.955578720826133
T0/T,2.360661779654005
