features,VIF Factor
log_P(atm),2.4803355915194434
log_Fuel(%),2.4117878128153727
log_Oxidizer(%),2.9394400706724326
T0/S_H__T,3.7982776889721057
T0/T,5.891133286313107
