features,VIF Factor
len,36.3193134502618
dia,41.65364341172132
hei,1.5716072016636555
w_wei,71.80532826052671
s_wei,32.587402645470085
v_wei,18.33201280062954
sh_wei,16.169584893574278
