features,VIF Factor
len,39.219582743906166
dia,36.85817055930025
hei,5.599037440737195
w_wei,154.4911609225424
s_wei,38.383200083001014
v_wei,18.59042165424343
sh_wei,25.743151166010236
