features,VIF Factor
len,48.97934088228038
dia,63.971285787855265
hei,7.836310613379873
w_wei,75.72017479152004
s_wei,36.125253822937665
v_wei,9.054790292773278
sh_wei,18.68459694082341
