features,VIF Factor
log_P(atm),2.355392438642413
log_Fuel(%),7.63436806053575
log_Oxidizer(%),7.637004841207649
T0/S_H__T,2.122514264724268
T0/T,3.2392804297510795
