features,VIF Factor
log_P(atm),1.7435348344469228
log_Fuel(%),4.417715276392442
log_Oxidizer(%),2.600173398295928
T0/S_H__T,3.5652171248763964
T0/T,2.8126845947042574
