features,VIF Factor
log_P(atm),3.0968471535262854
log_Fuel(%),53.61728609560861
log_Oxidizer(%),61.42069755630052
T0/S_H__T,5.5010018103979625
T0/T,6.16252156356333
