features,VIF Factor
log_P(atm),3.5432107578759147
log_Fuel(%),19.53202883896418
log_Oxidizer(%),9.06626365681669
T0/S_H__T,16.771120079071505
T0/T,14.198769925183305
