T0/S_H__T,T0/T,log_Fuel(%),log_Oxidizer(%),log_P(atm)
0.07859951361990863,0.7777706041219563,-1.274521794979594,1.4504420082682226,1.1846179194109336
