T0/S_H__T,T0/T,log_Fuel(%),log_Oxidizer(%),log_P(atm)
0.07427585073022823,0.8062552946579243,-0.7327660825090319,2.057989737365012,1.4993797101718371
