T0/S_H__T,T0/T,log_Fuel(%),log_Oxidizer(%),log_P(atm)
0.08971142334172616,0.7929334885523067,-0.9791358993175359,1.4825302284694482,1.0722623615564009
