Constant,log_P(atm),log_Fuel(%),log_Oxidizer(%),T0/S_H__T,T0/T,training_adj_r2
-1.7351178193307022,-0.6159439546751666,-0.48382595021025954,0.11081659868046248,2.1544652651274467,9.836269718856874,0.8759602916745434
