Constant,log_P(atm),log_Fuel(%),log_Oxidizer(%),T0/S_H__T,T0/T,training_adj_r2
-0.6386893941865055,-0.5074202443678411,-0.29105711722880234,0.050550281731506,2.9186276299027885,7.278241587232491,0.9246089086029029
