Constant,log_P(atm),log_Fuel(%),log_Oxidizer(%),T0/S_H__T,T0/T,training_adj_r2
-1.1380656533755782,-0.5803026019053267,-0.4247416835933182,0.0859330625775204,2.315903193025774,9.032931179235424,0.6171094395704784
-1.1380656533755782,-0.5803026019053267,-0.4247416835933182,0.0859330625775204,2.315903193025774,9.032931179235424,0.6171094395704784
-1.6941486450418202,-0.6235572782433125,-0.4785424178500776,0.0906184920059106,2.7126690980711854,9.806381534669033,0.7084938478630135
-1.6941486450418202,-0.6235572782433125,-0.4785424178500776,0.0906184920059106,2.7126690980711854,9.806381534669033,0.7084938478630135
-1.6941486450418202,-0.6235572782433125,-0.4785424178500776,0.0906184920059106,2.7126690980711854,9.806381534669033,0.7084938478630135
-1.69414864504182,-0.6235572782433125,-0.4785424178500776,0.0906184920059106,2.712669098071185,9.806381534669033,0.7084938478630135
