,y_predicted,y_actual,Relative Error
3011,3.970858178634046,4,0.0072854553414885
339,5.101198476734652,5,0.020239695346930375
125,5.075872837180185,5,0.015174567436037022
3239,5.018646183794829,5,0.003729236758965726
2528,5.073930318985815,5,0.014786063797163074
2772,4.916235143129317,5,0.01675297137413665
