,Constant,log_P(atm),log_Fuel(%),log_Oxidizer(%),T0/S_H__T,T0/T
89,1.0,1.9021075263969205,-0.5621189181535413,3.044522437723423,0.04180602006688963,0.8361204013377926
