features,VIF Factor
fixed_acidity,3.255798453460472
volatile_acidity,1.1402685060817914
citric_acid,1.1518001932039068
residual_sugar,15.236075473700762
chlorides,1.2440752656239846
free_sulfur_dioxide,1.7710168631011893
total_sulfur_dioxide,2.23709995456525
density,39.79611768812913
pH,2.452670313537268
sulphates,1.1849285755970678
alcohol,12.065266548560238
