features,VIF Factor
fixed_acidity,5.477119745051472
volatile_acidity,1.189371950357446
citric_acid,1.7136628865846524
residual_sugar,20.695624059470163
chlorides,1.2967173806439252
free_sulfur_dioxide,2.3210580047614946
total_sulfur_dioxide,3.2228541608946015
density,44.29953272503524
pH,3.7261852547316856
sulphates,1.6181464812847959
alcohol,11.838470110308165
