features,VIF Factor
fixed_acidity,2.9130300054508287
volatile_acidity,1.2488741538118706
citric_acid,1.2321523390131057
residual_sugar,13.316019903647259
chlorides,1.4180013756128347
free_sulfur_dioxide,1.7485662295752216
total_sulfur_dioxide,2.360889668858517
density,32.2428350218065
pH,2.2966200384634057
sulphates,1.1592923540154307
alcohol,10.078387474311748
