features,VIF Factor
fixed_acidity,3.416702900292526
volatile_acidity,1.1387497084669211
citric_acid,1.1952060778749372
residual_sugar,15.295972326988174
chlorides,1.3076979457896551
free_sulfur_dioxide,1.6906334073892992
total_sulfur_dioxide,2.0874350026706487
density,35.29111881882552
pH,2.472122496811288
sulphates,1.226872331499729
alcohol,9.107413118460904
