features,VIF Factor
fixed_acidity,3.850129673191104
volatile_acidity,1.4342658993085793
citric_acid,1.2912720585639048
residual_sugar,34.809338546535855
chlorides,1.7720926813186608
free_sulfur_dioxide,1.5702388560355285
total_sulfur_dioxide,2.979932968338984
density,94.73381346759575
pH,3.7415810396817704
sulphates,1.3996946787213016
alcohol,25.786717913638288
