features,VIF Factor
fixed_acidity,3.705049134279242
volatile_acidity,1.118000173907148
citric_acid,1.1749120560666688
residual_sugar,22.91940158617682
chlorides,1.1854808094361322
free_sulfur_dioxide,2.049670143700218
total_sulfur_dioxide,2.509876994608591
density,55.17186619255238
pH,2.6602017204204023
sulphates,1.1488045215003044
alcohol,12.798380363989043
