features,VIF Factor
fixed_acidity,14.291998622172628
volatile_acidity,2.698767357596557
citric_acid,2.606615547010462
residual_sugar,24.57327432269241
chlorides,2.824382535174579
free_sulfur_dioxide,8.355826892878909
total_sulfur_dioxide,11.308875330804467
density,90.22662510443804
pH,7.971091161862011
sulphates,4.5035068929980415
alcohol,14.763823720585886
