features,VIF Factor
fixed_acidity,2.0839932835871138
volatile_acidity,1.2743664295306367
citric_acid,1.3135426949450437
residual_sugar,10.327681371492176
chlorides,1.6040417202545512
free_sulfur_dioxide,1.5980540655474365
total_sulfur_dioxide,2.051468989393603
density,16.713519240344112
pH,2.180019899251267
sulphates,1.2060447673363437
alcohol,4.316195782233242
