,y_predicted,y_actual,Relative Error
310,7.184185741126598,7.132497551660044,0.007246856951885508
53,6.72640804939808,6.548219102762372,0.027211818028590094
312,7.459018480492762,7.213768308118642,0.033997511688600685
