features,VIF Factor
log_P(atm),7.932125433598388
log_Fuel(%),12.619384099002602
log_Oxidizer(%),10.955720036539645
T0/S_H__T,2.638732236287584
T0/T,9.558934393990956
