Constant,log_P(atm),log_Fuel(%),log_Oxidizer(%),T0/S_H__T,T0/T,training_adj_r2
0.6568048606762038,-0.6171592517699587,-0.04627327176995767,0.046239825451240835,-0.9740482125547948,5.8782648306914265,0.9261584376804566
0.2693210418127165,-0.9460485855461624,0.10727846288272637,-0.2371079665341127,-1.596393027998051,7.63572756577997,0.9491830003691228
1.1673427751910277,-0.4790059786205334,0.04371782892760034,-0.0029239955778405107,-0.9039273623165868,5.251791086177123,0.9506993170148847
1.1081158424462014,-0.45808350760511796,0.10459662054147073,-0.1088331205469778,-0.12750648370563233,5.463946063364246,0.9576532211135977
