,y_predicted,y_actual,Relative Error
3581,4.954126039796336,5,0.009174792040732882
2306,4.927837524603234,5,0.014432495079353203
3011,3.8380127267274133,4,0.040496818318146666
1888,4.950111209065454,5,0.009977758186909113
1876,5.011835480232207,5,0.0023670960464414748
1547,5.147028603021937,5,0.029405720604387398
850,4.009436380534339,4,0.0023590951335847876
3366,4.843998427720948,5,0.031200314455810486
375,4.892917852685796,5,0.021416429462840725
12,4.999705186428246,5,5.8962714350840886e-05
