,Constant,fixed_acidity,volatile_acidity,citric_acid,residual_sugar,chlorides,free_sulfur_dioxide,total_sulfur_dioxide,density,pH,sulphates,alcohol,Class,Time(μs)_actual,Time(μs)_predicted
41,1.0,8.7,3.1,2.1,5.6,3.9,2.8,0.67,9.9328,2.96,5.2,11.0,10,4,5.437375332447942
229,1.0,7.0,2.9,3.7,4.9,3.4000000000000004,2.6,1.27,9.928,3.17,4.4,10.8,10,6,5.495584551430198
266,1.0,7.4,2.9,2.5,3.8,4.3999999999999995,3.0,1.14,9.92,3.11,4.0,11.0,10,6,5.5054522292294905
328,1.0,8.0,3.0,2.8000000000000003,5.7,4.3999999999999995,3.1,1.24,9.948,3.16,5.1,10.2,10,6,5.199296191901794
340,1.0,6.3,2.3000000000000003,2.2,3.75,3.9,3.7,1.16,9.927,3.23,5.0,10.7,10,6,5.569405315392752
477,1.0,7.4,3.0,2.2,5.25,5.3,3.3,1.8,9.926,3.13,4.5,11.6,10,6,5.692336677401464
