features,VIF Factor
len,426.69514950516356
dia,454.07598306298274
hei,33.871231446024794
w_wei,160.59626099865127
s_wei,81.16441895335915
v_wei,29.97979684886731
sh_wei,42.85836523099348
