,y_predicted,y_actual,Relative Error
2045,10.90340114978178,11.0,0.008781713656201779
1636,10.943026101327824,11.0,0.005179445333834177
634,9.075257507298879,9.0,0.008361945255431004
3130,8.775425217785335,9.0,0.02495275357940723
