,y_predicted,y_actual,Relative Error
3374,19.648871147579978,20,0.01755644262100109
3179,16.174166079618683,15,0.07827773864124551
3514,20.401684433382258,21,0.028491217457987734
1057,22.733030242744913,23,0.011607380750221158
1613,20.023008969045375,20,0.0011504484522687265
2029,17.07450453259529,18,0.05141641485581713
