,Constant,log_P(atm),log_Fuel(%),log_Oxidizer(%),T0/S_H__T,T0/T
1,1.0,0.13976194237515863,1.3862943611198906,2.995732273553991,0.34223134839151265,0.6844626967830253
171,1.0,1.6486586255873816,0.20701416938432612,1.8196988379172965,0.3434065934065934,0.6868131868131868
282,1.0,0.1906203596086497,-0.916290731874155,2.174751721484161,0.06983240223463687,0.6983240223463687
328,1.0,1.3217558399823195,-3.506557897319982,-1.1086626245216111,0.05847953216374269,0.5847953216374269
514,1.0,0.7514160886839212,-3.0261914810386994,-0.2876820724517809,0.030175015087507542,0.6035003017501509
