,Constant,log_P(atm),log_Fuel(%),log_Oxidizer(%),T0/S_H__T,T0/T
163,1.0,0.2700271372130602,0.20701416938432612,1.8196988379172965,0.2960331557134399,0.5920663114268798
