features,VIF Factor
log_P(atm),2.99379815333515
log_Fuel(%),44.777396571895736
log_Oxidizer(%),33.06915211361935
T0/S_H__T,4.26359006514653
T0/T,8.391497624784266
