features,VIF Factor
log_P(atm),14.196462078775346
log_Fuel(%),164.7921269859133
log_Oxidizer(%),174.07128327692644
T0/S_H__T,14.342862365331353
T0/T,59.22674098707157
