,y_predicted,y_actual,Relative Error
303,4.002974350950359,3.6109179126442243,0.10857528412188047
187,4.2412338402071,4.060443010546419,0.04452490262542839
203,6.55171384547954,6.78105762593618,0.03382124044772102
299,3.971287985132693,3.7612001156935624,0.055856605066702376
293,4.819521409907354,5.003946305945459,0.03685589028383054
