,y_predicted,y_actual,Relative Error
26,4.345001903289373,4.605170185988092,0.05649482477114942
330,4.178582420613373,3.7612001156935624,0.11097051262395957
108,4.918644153549566,4.795790545596741,0.025616966959831722
2,4.959960607961685,5.278114659230517,0.060277972687166774
