,y_predicted,y_actual,Relative Error
37,4.344979711927275,4.564348191467836,0.04806129382298838
195,5.400629875273632,5.497168225293202,0.017561469117023682
89,5.983808107948431,5.560681631015528,0.07609255573504747
10,4.52136046502834,4.867534450455582,0.07111895949598092
