,y_predicted,y_actual,Relative Error
3325,5.001073721476843,5,0.00021474429536851857
400,5.079375426129985,5,0.015875085225997055
168,4.959032030373976,5,0.008193593925204823
3518,6.012156345217335,6,0.002026057536222462
2724,5.9905514982192285,6,0.0015747502967952502
2891,4.984576557519353,5,0.0030846884961293953
