,y_predicted,y_actual,Relative Error
0,16.706640043682473,17.2,0.02868371839055386
1,0.8838342123111538,17.9,0.9506237870217232
2,12.973069864027504,8.3,0.5630204655454824
3,27.388111029928265,25.0,0.09552444119713059
4,20.023639388311917,20.5,0.023237103009174778
5,15.806471872041428,17.3,0.08633110566234525
6,18.45902140773391,15.6,0.1832706030598661
7,9.60038317312707,7.2,0.33338655182320426
8,12.76069866282982,13.1,0.02590086543283821
