features,VIF Factor
CRIM,1.6770829784821397
ZN,2.552382087568848
INDUS,3.6735601003640745
CHAS,1.1820479210640251
NOX,5.517804636125152
RM,1.6240073014263705
AGE,3.833372625527698
DIS,5.047546425949139
RAD,10.705112943216934
TAX,10.71255441209023
PTRATIO,1.912789811707379
B,1.3318477570266676
LSTAT,3.8277438249079565
