,y_predicted,y_actual,Relative Error
0,5.07018865085593,5.030437921392435,0.007902041548798517
1,5.158970581846809,5.247024072160486,0.01678160593561385
2,5.13952450063118,5.19295685089021,0.01028938845310661
3,6.201347169671693,8.470101583882387,0.26785445153666976
4,6.047137835723268,9.135616825780247,0.33807011053062647
