,y_predicted,y_actual,Relative Error
0,5.720751823478487,5.247024072160486,0.09028503486985935
1,5.720751823478487,5.247024072160486,0.09028503486985935
2,5.963967948743565,6.042632833682381,0.013018312895056028
3,5.847030756847715,5.75890177387728,0.015303088406576636
4,6.073578900001056,6.593044534142437,0.07878994771706756
5,5.724796213011169,5.442417710521793,0.05188475370853201
