,y_predicted,y_actual,Relative Error
0,4.394692111691086,4.532599493153256,0.03042567111223643
