,y_predicted,y_actual,Relative Error
0,4.584867494178643,4.532599493153256,0.011531572799304321
1,4.584867494178643,4.532599493153256,0.011531572799304321
2,3.651744993192839,3.58351893845611,0.01903884307811777
