features,VIF Factor
log_P(atm),14.37442208674342
log_Fuel(%),421.53625679367144
log_Oxidizer(%),230.68866405886325
T0/S_H__T,17.073375816372927
T0/T,72.46494927894885
