features,VIF Factor
log_P(atm),2.8266883263592475
log_Fuel(%),21.62969863368181
log_Oxidizer(%),16.102329015501056
T0/S_H__T,3.3497963732101548
T0/T,3.6926156327567847
