features,VIF Factor
log_P(atm),3.5141106900299772
log_Fuel(%),14.17703341479066
log_Oxidizer(%),12.11725552751194
T0/S_H__T,2.5158609131678147
T0/T,4.393731827567884
