features,VIF Factor
log_P(atm),2.852046155879715
log_Fuel(%),41.74679378255129
log_Oxidizer(%),46.241369505349084
T0/S_H__T,8.263773928214137
T0/T,13.083539140913103
