features,VIF Factor
log_P(atm),4.617840664737613
log_Fuel(%),28.104744449123462
log_Oxidizer(%),20.80277964999508
T0/S_H__T,2.6945848207993204
T0/T,7.578058567109727
