features,VIF Factor
log_P(atm),3.7775904933411186
log_Fuel(%),20.862763530589405
log_Oxidizer(%),17.685525223201186
T0/S_H__T,2.1485079075872813
T0/T,5.3828165610239616
