features,VIF Factor
log_P(atm),3.8129582960071344
log_Fuel(%),19.20649163370463
log_Oxidizer(%),16.190583614051093
T0/S_H__T,2.5436880607085683
T0/T,4.945978131084139
