,y_predicted,y_actual,Relative Error
108,4.526553126218318,4.605170185988092,0.017071477620735385
139,5.1270531156434185,5.241747015059643,0.021880853670867034
184,5.257103203336971,5.327876168789581,0.013283522966842671
182,4.502107122550419,4.465908118654584,0.008105631135720942
