,y_predicted,y_actual,Relative Error
197,3.8935515142615893,3.7612001156935624,0.035188608554964224
213,4.457424427623259,4.454347296253507,0.0006908153237938754
26,5.828892705535812,5.560681631015528,0.048233488683167375
24,5.861316057719581,5.723585101952381,0.02406375607488012
195,4.288615563504102,4.418840607796598,0.029470409967430642
122,4.421084343425877,4.532599493153256,0.024602912720576676
182,3.7811267418562977,3.6888794541139363,0.02500685882795244
29,6.009121728544007,6.298949246855942,0.04601204216030157
172,4.462298055832024,4.564348191467836,0.022358096130040004
