,y_predicted,y_actual,Relative Error
134,4.40905333984867,4.356708826689592,0.012014691649442188
10,4.508934971511673,4.6443908991413725,0.029165488127784828
