,Constant,log_P(atm),log_Fuel(%),log_Oxidizer(%),T0/S_H__T,T0/T,y_pred,y_act
83,1.0,0.7608058290337602,-3.506557897319982,-1.1086626245216111,0.06447453255963895,0.6447453255963894,5.246231118841863,5.332718793265369
105,1.0,4.014579593753238,0.6280751838162305,3.0252910757955354,0.1072961373390558,1.0729613733905579,5.776656739394278,5.777652323222656
119,1.0,0.8586616190375187,-3.506557897319982,-1.1086626245216111,0.06640106241699867,0.6640106241699867,5.320593455555291,5.241747015059643
160,1.0,0.6259384308664954,-1.9449106487222296,1.3862943611198906,0.05291005291005291,0.7407407407407407,5.847030756847715,5.75890177387728
162,1.0,0.5596157879354227,-1.9449106487222296,1.3862943611198906,0.05366534292154127,0.7513148009015778,5.963967948743565,6.042632833682381
248,1.0,3.1135153092103742,0.11600367575630613,3.033509637888021,0.05753739930955121,1.1507479861910241,6.945679361812479,6.946975992135418
279,1.0,0.8109302162163288,-2.995732273553991,-0.2876820724517809,0.033852403520649964,0.6770480704129993,5.384416506501029,5.375278407684165
294,1.0,1.506297153514587,-1.5779392453747294,3.044522437723423,0.037009622501850484,0.7401924500370096,5.248868450183701,5.4510384535657
321,1.0,1.4327007339340465,-2.279845606024556,1.3862943611198906,0.02635740643120717,0.7380073800738007,5.347917525902736,5.356586274672012
