Constant,log_P(atm),log_Fuel(%),log_Oxidizer(%),T0/S_H__T,T0/T,training_adj_r2
-0.1411052654030185,-0.5068011587302506,-0.21156050550850472,0.048916665228095235,1.9006086515141263,6.733951368876303,0.8484111269578989
