Constant,log_P(atm),log_Fuel(%),log_Oxidizer(%),T0/S_H__T,T0/T,training_adj_r2
-0.4611827044790697,-0.3766286435550772,-0.3114971529158109,0.18566725900780606,1.8677311623447512,6.214023224904952,0.9517806722216942
-0.4611827044790697,-0.3766286435550772,-0.3114971529158109,0.18566725900780612,1.8677311623447512,6.214023224904952,0.9517806722216942
-0.4611827044790697,-0.3766286435550772,-0.3114971529158109,0.18566725900780615,1.8677311623447512,6.214023224904952,0.9517806722216942
-0.4611827044790697,-0.3766286435550772,-0.31149715291581087,0.18566725900780617,1.8677311623447512,6.214023224904953,0.9517806722216942
