features,VIF Factor
fixed_acidity,4.38702956341397
volatile_acidity,2.0833930777214595
citric_acid,1.815433530927407
residual_sugar,55.50776781350576
chlorides,5.078514346572531
free_sulfur_dioxide,2.1262205890224064
total_sulfur_dioxide,4.154269167076892
density,161.8770712985283
pH,5.024194108808602
sulphates,2.3966691336663724
alcohol,36.955869282109326
