features,VIF Factor
fixed_acidity,2.0650855399608417
volatile_acidity,1.2701880490138158
citric_acid,1.2675401792745886
residual_sugar,11.414057621829565
chlorides,1.601737815283164
free_sulfur_dioxide,1.602906083652719
total_sulfur_dioxide,2.0976114799225027
density,18.628953211803488
pH,2.1589353028309994
sulphates,1.202340994425679
alcohol,4.53155613620541
