,y_predicted,y_actual,Relative Error
61,5.006349382222794,4.919980925828125,0.01755463236478534
241,6.029989354847843,5.877735781779639,0.025903439474121045
245,7.866673144358268,7.8628820346414905,0.0004821526890617274
237,6.328260939511347,6.375024819828097,0.007335482078642417
71,5.652548113814284,5.655991810819852,0.0006088582021955768
