,Constant,log_P(atm),log_Fuel(%),log_Oxidizer(%),T0/S_H__T,T0/T,y_pred,y_act
86,1.0,1.3937663759585917,-0.916290731874155,1.4816045409242156,0.06775067750677506,0.6775067750677507,4.4622950937585735,4.499809670330265
127,1.0,0.4762341789963717,-2.995732273553991,-0.5978370007556204,0.0646830530401035,0.6468305304010349,5.087596335232239,5.087596335232384
139,1.0,0.8586616190375187,-3.506557897319982,-1.1086626245216111,0.06640106241699867,0.6640106241699867,5.2417470150594925,5.241747015059643
154,1.0,0.6981347220709843,-1.8325814637483102,1.3862943611198906,0.06038647342995169,0.7246376811594203,5.393627546352214,5.393627546352362
186,1.0,0.8109302162163288,-3.506557897319982,-0.9480394301887354,0.03901373283395755,0.6242197253433208,4.8202815656049,4.820281565605037
226,1.0,2.0906287310704004,-0.23559575925344942,3.044522437723423,0.044762757385854966,0.8952551477170994,6.021023349349367,6.021023349349527
241,1.0,1.6034198401085373,0.24373018492259815,3.044522437723423,0.043591979075850044,0.8718395815170009,5.877735781779482,5.877735781779639
