,y_predicted,y_actual,Relative Error
270,19.888632455872724,20.4,0.025067036476827193
277,27.957085971631194,28.7,0.02588550621494094
305,13.043785042949036,12.8,0.019045706480393387
349,30.652730294531082,30.7,0.0015397298198344322
95,16.398727834919477,15.6,0.05120050223842802
347,22.1859574652318,20.9,0.061529065322095844
250,34.23628576085399,33.8,0.012907862747159504
263,21.274258347498694,21.2,0.0035027522405044853
