,y_predicted,y_actual,Relative Error
592,8.602740419555216,8.52158353971753,0.009523685293869164
322,5.888186589812298,5.8888779583328805,0.00011740241952279096
366,7.024766121483372,7.1929342212158,0.023379624303585297
606,8.006727298512601,7.884952945759814,0.015443890862820206
446,7.9473746108090255,7.732369222284388,0.02780588747689398
