,y_predicted,y_actual,Relative Error
402,17.525076289759156,17.8,0.015445152260721632
428,20.932919537507146,19.6,0.06800609885240536
0,13.149934794252038,15.2,0.13487271090447112
431,9.485717881727034,10.4,0.0879117421416314
