Constant,log_P(atm),log_Fuel(%),log_Oxidizer(%),T0/S_H__T,T0/T,Training_R2,Testing_R2
0.9331,-0.5267,0.0027,0.0007,-0.0924,5.5136,0.9446123383704097,-3.682059504170897
