Constant,log_P(atm),log_Fuel(%),log_Oxidizer(%),T0/S_H__T,T0/T,Training_R2,Testing_R2
-0.3944,-0.6444,-0.2536,0.084,1.7393,7.3332,0.7956822301533915,0.8999257833788573
