,y_predicted,y_actual,Relative Error
428,20.43417936631349,19.6,0.04256017175068819
293,8.859081418244337,8.5,0.04224487273462785
306,43.40191456010536,43.5,0.0022548376987273364
