,y_predicted,y_actual,Relative Error
0,5.437375332447942,4,0.3593438331119856
1,5.495584551430198,6,0.08406924142830026
2,5.5054522292294905,6,0.08242462846175158
3,5.199296191901794,6,0.13345063468303428
4,5.569405315392752,6,0.07176578076787472
5,5.692336677401464,6,0.051277220433089354
