,y_predicted,y_actual,Relative Error
0,4.223915879545419,6,0.29601402007576355
