,y_predicted,y_actual,Relative Error
0,5.30922180794186,8,0.3363472740072675
