,y_predicted,y_actual,Relative Error
1665,16.210417884032417,16.0,0.013151117752026042
2766,14.891672191477292,15.0,0.007221853901513834
3232,11.088090543166741,11.0,0.008008231196976467
1257,17.918778065910253,18.0,0.004512329671652616
2821,12.656849536333635,13.0,0.026396189512797336
356,17.225586384294147,17.0,0.013269787311420386
