,y_predicted,y_actual,Relative Error
0,5.144915949250723,4.430816798843313,0.1611664807702788
