,y_predicted,y_actual,Relative Error
0,7.764422889292413,7.490529402060711,0.03656530433701399
1,5.019024577221254,4.653960350157523,0.07844162811816272
2,7.075082818324662,6.680854678790215,0.05900863863810833
3,7.091435520456535,7.282761179605593,0.026271032981946475
