,y_predicted,y_actual,Relative Error
0,5.156523700862354,5.7745515455444085,0.10702611965753761
1,4.485206032878802,4.532599493153256,0.01045613236864299
2,6.312221064400303,5.855071922202427,0.07807745972587747
3,8.062943180138314,8.335431477880796,0.03269036503575935
