,y_predicted,y_actual,Relative Error
0,6.712711746201924,6.548219102762372,0.025120210679902284
1,6.752869283286512,6.56244409369372,0.02901741894849579
2,7.593874883449463,7.022868086082641,0.08130678098573398
3,7.655469900849432,7.903226808730733,0.031348829266496986
4,7.205114666255216,7.498315870766981,0.03910227437268177
5,7.7679930546640295,7.490529402060711,0.0370419282416788
