,y_predicted,y_actual,Relative Error
0,4.476841047976832,4.700480365792417,0.04757797084806742
