,y_predicted,y_actual,Relative Error
1,7.200436955575542,7.088408778675395,0.015804418226721125
