Constant,log_P(atm),log_Fuel(%),log_Oxidizer(%),T0/S_H__T,log_T0/T,training_adj_r2
9.515435459807964,-0.5693484783895841,-0.21052762836781255,-0.2781682131537849,3.3362267276157875,10.598834734116018,0.7786955616739915
9.515435459807962,-0.5693484783895841,-0.21052762836781258,-0.2781682131537849,3.3362267276157875,10.598834734116018,0.7786955616739915
