Constant,log_P(atm),log_Oxidizer(%),T0/S_H__T,log_T0/T,Training_R2,Testing_R2
9.4978,-0.4845,-0.4444,1.4458,9.8412,0.9989159079114838,0.9975529309201232
9.4978,-0.4845,-0.4444,1.4458,9.8412,0.9989159079114838,0.9975529309201231
