Constant,log_P(atm),log_Fuel(%),log_Oxidizer(%),T0/S_H__T,log_T0/T,Training_R2,Testing_R2
10.2274,-0.7333,-0.278,-0.29100000000000004,5.0029,11.0195,0.9548057684372379,0.9627337449060652
10.2274,-0.7333,-0.278,-0.291,5.0029,11.0195,0.954805768437238,0.9627337449060651
