features,VIF Factor
log_P(atm),1.698680749910967
log_Fuel(%),9.116243404988621
log_Oxidizer(%),10.516669983440066
T0/S_H__T,2.3030754056893783
T0/T,3.017520187387341
