features,VIF Factor
log_P(atm),3.097342422284559
log_Fuel(%),18.669380322816757
log_Oxidizer(%),17.04027863483596
T0/S_H__T,2.2923549730258004
T0/T,4.244426049060113
