features,VIF Factor
log_P(atm),2.423091227834042
log_Fuel(%),5.022459065306456
log_Oxidizer(%),2.9924966090161456
T0/S_H__T,6.642757928284051
T0/T,4.349084549964966
