features,VIF Factor
log_P(atm),1.4500812416095683
log_Fuel(%),6.08964228653868
log_Oxidizer(%),6.4339858184774465
T0/S_H__T,3.029166003367176
T0/T,2.9951297188465165
