features,VIF Factor
log_P(atm),2.848281997318704
log_Fuel(%),7.87203494498545
log_Oxidizer(%),9.818893695978034
T0/S_H__T,1.8321777880567967
T0/T,3.3983721264942064
