Constant,log_P(atm),log_Fuel(%),log_Oxidizer(%),T0/S_H__T,T0/T,Training_R2,Testing_R2
-1.6265,-0.6652,-0.6591,0.5196,2.7427,6.4978,0.9517282012393463,-4.219087213730745
