,y_predicted,y_actual,Relative Error
238,6.989820807921823,6.934397209928558,0.007992561763538767
134,7.2737745459195295,7.415175109613295,0.019069079502984188
217,7.759865939230301,7.920446505142607,0.020274180983110447
153,7.154489328783823,7.1459844677143876,0.0011901594675807967
