,y_predicted,y_actual,Relative Error
3255,2.7184135836743755,3,0.09386213877520817
1817,3.950674707165346,4,0.01233132320866348
969,4.126039279475472,4,0.031509819868867917
