features,VIF Factor
log_P(atm),4.356703148702075
log_Fuel(%),19.752890669169823
log_Oxidizer(%),14.059708456612231
T0/S_H__T,3.124535416609963
T0/T,5.675925466983636
