features,VIF Factor
log_P(atm),1.7511868216973194
log_Fuel(%),9.827966912755192
log_Oxidizer(%),11.376011672945063
T0/S_H__T,2.447581635746354
T0/T,3.7367392812086027
