features,VIF Factor
log_P(atm),2.3669780825695597
log_Fuel(%),5.484694728038779
log_Oxidizer(%),5.867353912701435
T0/S_H__T,2.1801084721942545
T0/T,3.2988179419161177
