features,VIF Factor
log_P(atm),4.739224239548818
log_Fuel(%),16.619709845513874
log_Oxidizer(%),16.090459869713975
T0/S_H__T,2.541607032055533
T0/T,6.881447550771133
