features,VIF Factor
log_P(atm),5.789714950669805
log_Fuel(%),29.732432561299106
log_Oxidizer(%),13.100216703186735
T0/S_H__T,2.0141271621102357
T0/T,16.842297399286313
