,y_predicted,y_actual,Relative Error
157,11.075941059139783,10.2,0.085876574425469
225,10.111535043311637,10.2,0.008673034969447295
329,6.0176841620768275,6.3,0.0448120377655829
325,20.508579441089164,19.4,0.05714327015923536
