,y_predicted,y_actual,Relative Error
185,6.881881901035627,6.709304340258298,0.025722124385057336
260,5.424138492263106,5.247024072160486,0.033755213939716526
62,8.977546051086978,8.439663988907,0.06373263946135349
118,6.540741454253878,6.529418838262226,0.001734092462456528
221,7.202865050884867,7.4360278163518485,0.031355822117052304
363,5.7980139836945686,5.572154032177765,0.04053368772875272
183,6.604925261821898,6.4967749901858625,0.0166467627090994
