features,VIF Factor
log_P(atm),2.209163921539349
log_Fuel(%),5.832663794049016
log_Oxidizer(%),6.370484492618437
T0/S_H__T,2.166729373676919
T0/T,3.118202728248906
