,y_predicted,y_actual,Relative Error
173,3.420770512949981,2.772588722239781,0.23378216376303326
510,4.083412263695091,4.060443010546419,0.005656834263899839
548,7.912455636447559,6.695798917058491,0.18170448880856674
161,4.462535996806447,4.574710978503383,0.024520670753638254
512,3.911509439502159,3.295836866004329,0.1868031090520064
10,4.646771050530745,4.48863636973214,0.035230004788301045
