Constant,log_P(atm),log_Fuel(%),log_Oxidizer(%),T0/S_H__T,log_T0/T,Training_R2,Testing_R2
9.5154,-0.5693,-0.2105,-0.2782,3.3362,10.5988,0.7786955616739915,0.7293514040444782
9.5154,-0.5693,-0.2105,-0.2782,3.3362,10.5988,0.7786955616739915,0.7293514040444782
