,from,to,distance
0,0,0,0.0
1,0,1,0.0625747474983256
2,0,2,0.11154670980590144
3,0,3,0.12728153699141698
4,0,4,0.1432929437109826
5,0,5,0.05731340487724776
6,1,1,0.0
7,1,2,0.05987766663268813
8,1,3,0.17971745512476975
9,1,4,0.08612522542444045
10,1,5,0.011360368530396774
11,2,2,0.0
12,2,3,0.23431979163981206
13,2,4,0.0371668648992528
14,2,5,0.06071210261963208
15,3,3,0.0
16,3,4,0.26114060083763746
17,3,5,0.17512620378270155
18,4,4,0.0
19,4,5,0.08816303082318726
20,5,5,0.0
