,Constant,fixed_acidity,volatile_acidity,citric_acid,residual_sugar,chlorides,free_sulfur_dioxide,total_sulfur_dioxide,density,pH,sulphates,alcohol
267,1.0,7.2,2.7,3.7,5.4,2.6,2.7,1.14,9.917399999999999,3.13,8.4,12.7
421,1.0,6.2,2.55,2.4,1.7,3.9,13.85,2.72,9.9452,3.53,5.300000000000001,9.6
1318,1.0,5.5,1.7999999999999998,2.2,5.5,3.7000000000000006,1.0,0.86,9.9156,3.46,4.4,12.2
1504,1.0,6.2,4.5,2.6,4.4,6.3,6.3,2.06,9.94,3.27,5.2,9.8
2828,1.0,5.9,2.2,4.5,22.6,12.0,5.5,1.22,9.9636,3.1,3.5,12.8
2899,1.0,6.0,1.6,2.7,12.0,3.0,3.9,0.98,9.9402,3.15,3.4000000000000004,10.8
3345,1.0,6.1,1.5,3.5,15.8,4.2,5.5,1.58,9.9642,3.24,3.7,10.6
4314,1.0,9.8,3.5999999999999996,4.6000000000000005,10.5,3.8,0.4,0.83,9.956,2.89,3.0,10.1
