,y_predicted,y_actual,Relative Error
2819,17.277579341577134,17,0.01632819656336082
963,13.631209770122103,13,0.04855459770170024
3179,14.723198787006659,15,0.01845341419955607
3304,18.68172979801401,20,0.06591351009929944
2552,18.724261060944336,18,0.04023672560801867
667,18.095655263413043,20,0.09521723682934784
2029,15.575887705502375,18,0.13467290524986808
2147,16.873573540077153,15,0.12490490267181022
