features,VIF Factor
log_P(atm),1.9932938122695671
log_Fuel(%),5.423893958305331
log_Oxidizer(%),6.107874376816776
T0/S_H__T,2.0370330040561684
T0/T,2.9178196122412383
