,y_predicted,y_actual,Relative Error
11,7.798525238757299,7.5485559791698735,0.03311484478318924
29,6.903218697809965,7.284134806195205,0.05229393998327266
220,7.088178829045175,7.132497551660044,0.006213633063856294
