features,VIF Factor
len,34.59689755691926
dia,34.89165853058425
hei,4.741274083214326
w_wei,66.84824819833898
s_wei,17.49724601461407
v_wei,13.682093795356304
sh_wei,13.94340511428879
