features,VIF Factor
len,56.76308958385639
dia,86.4664984873936
hei,5.180065079664414
w_wei,138.11532422097912
s_wei,9.726098926141821
v_wei,31.738693333767475
sh_wei,27.896010666748875
