features,VIF Factor
len,33.92647276903061
dia,30.269442828197203
hei,4.020342157690977
w_wei,39.64615425818702
s_wei,8.120322363958953
v_wei,12.146168429115423
sh_wei,10.791370490465553
