features,VIF Factor
len,119.55338559120887
dia,122.87548641765835
hei,14.389435732160118
w_wei,404.9285804075514
s_wei,83.35917367137792
v_wei,32.29371963794683
sh_wei,99.22898537116062
