features,VIF Factor
fixed_acidity,3.450749544661593
volatile_acidity,1.17863458830552
citric_acid,1.356725950781849
residual_sugar,11.033649690331025
chlorides,1.2917749200108501
free_sulfur_dioxide,2.204485143981029
total_sulfur_dioxide,2.736124328561004
density,21.993428168491977
pH,2.79073416718394
sulphates,1.3194003802720058
alcohol,6.242996159511691
