features,VIF Factor
fixed_acidity,4.047182796992686
volatile_acidity,1.5566496341753941
citric_acid,1.3950819751345727
residual_sugar,13.355559579173288
chlorides,1.7592567171043936
free_sulfur_dioxide,3.147827654813052
total_sulfur_dioxide,4.539650818730627
density,28.179285146819936
pH,3.5643974360114448
sulphates,1.7182935543915214
alcohol,7.866133032809095
