features,VIF Factor
fixed_acidity,4.256338735500972
volatile_acidity,2.3183196297024184
citric_acid,3.3055145154952985
residual_sugar,28.395871261224915
chlorides,3.9659723958049393
free_sulfur_dioxide,2.421886097466675
total_sulfur_dioxide,4.582423547585883
density,46.07399216739504
pH,5.2827384296326185
sulphates,2.95536932692836
alcohol,8.24014947227321
