features,VIF Factor
fixed_acidity,3.549015004604123
volatile_acidity,1.1403366733545652
citric_acid,1.2033160901419375
residual_sugar,16.991222210317183
chlorides,1.1834575016340327
free_sulfur_dioxide,2.035473162125846
total_sulfur_dioxide,2.5572977960211567
density,42.74880834143244
pH,2.708084469162219
sulphates,1.1750182051373967
alcohol,11.852709476636804
