features,VIF Factor
fixed_acidity,3.4816477236386323
volatile_acidity,1.2430093493683625
citric_acid,1.2066950416307776
residual_sugar,17.970760509323522
chlorides,1.217066904488462
free_sulfur_dioxide,1.8536375218386574
total_sulfur_dioxide,2.33054016525722
density,49.054652485340505
pH,3.0310699048830143
sulphates,1.2221739980061388
alcohol,15.684528022319627
