,y_predicted,y_actual,Relative Error
245,6.9535578710862085,6.690842277418564,0.0392649509246846
78,5.053606780698841,5.081404364984463,0.005470453104888293
15,4.310219895018118,4.290459441148391,0.0046056731547701665
30,4.642181710614794,4.59511985013459,0.010241704681288204
