features,VIF Factor
fixed_acidity,5.477119745051196
volatile_acidity,1.1893719503574416
citric_acid,1.7136628865846544
residual_sugar,20.695624059471445
chlorides,1.2967173806439276
free_sulfur_dioxide,2.3210580047615075
total_sulfur_dioxide,3.2228541608946997
density,44.299532725030666
pH,3.726185254731587
sulphates,1.618146481284757
alcohol,11.838470110307806
