features,VIF Factor
fixed_acidity,3.8501296731908625
volatile_acidity,1.4342658993085868
citric_acid,1.2912720585639066
residual_sugar,34.80933854653209
chlorides,1.7720926813186395
free_sulfur_dioxide,1.5702388560355292
total_sulfur_dioxide,2.979932968338992
density,94.7338134675848
pH,3.7415810396816864
sulphates,1.399694678721239
alcohol,25.786717913636295
