features,VIF Factor
fixed_acidity,2.9130300054506932
volatile_acidity,1.248874153811872
citric_acid,1.232152339013106
residual_sugar,13.316019903647298
chlorides,1.418001375612826
free_sulfur_dioxide,1.7485662295752307
total_sulfur_dioxide,2.360889668858495
density,32.242835021805924
pH,2.2966200384633795
sulphates,1.159292354015438
alcohol,10.078387474311613
