features,VIF Factor
fixed_acidity,14.291998622172265
volatile_acidity,2.698767357596563
citric_acid,2.6066155470106755
residual_sugar,24.57327432268758
chlorides,2.8243825351746836
free_sulfur_dioxide,8.355826892879243
total_sulfur_dioxide,11.308875330805135
density,90.22662510440912
pH,7.971091161863027
sulphates,4.503506892997546
alcohol,14.763823720583902
