features,VIF Factor
fixed_acidity,3.416702900292408
volatile_acidity,1.13874970846692
citric_acid,1.1952060778749372
residual_sugar,15.295972326987863
chlorides,1.3076979457896551
free_sulfur_dioxide,1.6906334073893
total_sulfur_dioxide,2.087435002670647
density,35.29111881882414
pH,2.472122496811202
sulphates,1.2268723314997503
alcohol,9.107413118460684
