features,VIF Factor
fixed_acidity,3.705049134279439
volatile_acidity,1.1180001739071481
citric_acid,1.1749120560666713
residual_sugar,22.919401586177578
chlorides,1.185480809436135
free_sulfur_dioxide,2.049670143700223
total_sulfur_dioxide,2.509876994608609
density,55.17186619255271
pH,2.660201720420429
sulphates,1.1488045215002953
alcohol,12.798380363988842
