,Constant,log_P(atm),log_Fuel(%),log_Oxidizer(%),T0/S_H__T,T0/T
151,1.0,0.7514160886839212,-3.506557897319982,-1.1086626245216111,0.05605381165919283,0.5605381165919282
206,1.0,0.6471032420585384,-1.8325814637483102,1.3862943611198906,0.05811250581125058,0.697350069735007
241,1.0,0.7080357930536959,-3.506557897319982,-0.5418004280654213,0.040956749672346006,0.6553079947575361
329,1.0,1.9021075263969205,-0.5621189181535413,3.044522437723423,0.04038772213247173,0.8077544426494345
340,1.0,0.7514160886839212,-3.0261914810386994,-0.2876820724517809,0.030175015087507542,0.6035003017501509
