,Constant,CRIM,ZN,INDUS,CHAS,NOX,RM,AGE,DIS,RAD,TAX,PTRATIO,B,LSTAT,Class,Time(μs)_actual,Time(μs)_predicted
15,1.0,2.36862,0.0,19.58,0,0.871,4.926,95.7,1.4608,5,403,14.7,391.71,29.53,3,14.6,11.194079663057224
17,1.0,0.02009,95.0,2.68,0,0.4161,8.033999999999999,31.9,5.118,4,224,14.7,390.55,2.88,3,50.0,50.396156888697455
23,1.0,0.02985,0.0,2.18,0,0.458,6.43,58.7,6.0622,3,222,18.7,394.12,5.21,3,28.7,30.30670097295235
31,1.0,3.32105,0.0,19.58,1,0.871,5.403,100.0,1.3216,5,403,14.7,396.9,26.82,3,13.4,17.423108444023036
49,1.0,0.38214,0.0,6.2,0,0.504,8.04,86.5,3.2157,8,307,17.4,387.38,3.13,3,37.6,46.57820004568615
