,y_predicted,y_actual,Relative Error
0,4.789037890066911,6.755768921984255,0.2911187541535523
1,4.953227597107869,7.358193752733032,0.32684191751975733
2,4.886635933292762,7.088408778675395,0.31061595262485353
