,Constant,fixed_acidity,volatile_acidity,citric_acid,residual_sugar,chlorides,free_sulfur_dioxide,total_sulfur_dioxide,density,pH,sulphates,alcohol,Class,Time(μs)_actual,Time(μs)_predicted
99,1.0,5.6,4.6000000000000005,2.4,4.8,4.2,2.4,0.72,9.908,3.29,3.7,12.6,14,6,4.702008206788776
157,1.0,5.8,1.5,3.1,5.9,3.6000000000000005,0.7,0.73,9.915199999999999,3.2,4.3,11.9,14,6,5.221443716379611
196,1.0,6.8,2.9,1.6,1.4,3.8,12.25,2.345,9.922,3.15,4.699999999999999,10.0,14,4,4.2708856832873465
206,1.0,7.1,2.1,3.2,2.2,3.7000000000000006,2.8,1.41,9.93,3.2,5.699999999999999,10.0,14,7,4.283257332507958
293,1.0,7.1,2.1,3.2,2.2,3.7000000000000006,2.8,1.41,9.93,3.2,5.699999999999999,10.0,14,7,4.283257332507953
417,1.0,7.1,4.9,2.2,2.0,4.7,14.65,3.075,9.924,3.24,3.7,11.0,14,3,3.9942134388183983
418,1.0,6.4,2.7,1.9,1.9,8.5,2.1,1.96,9.951600000000001,3.49,6.4,9.5,14,4,3.828787838860965
