Constant,log_P(atm),log_Fuel(%),log_Oxidizer(%),T0/S_H__T,T0/T,training_adj_r2
-2.926875754755578,-0.4822622630087743,-0.10203140401194416,-0.31963366184476305,2.9540437008060856,12.61871680290485,0.7926331114739806
-2.926875754755578,-0.4822622630087743,-0.10203140401194416,-0.31963366184476305,2.9540437008060856,12.61871680290485,0.7926331114739806
