,y_predicted,y_actual,Relative Error
432,21.395604553021386,27.1,0.21049429693648028
219,49.81582662228475,46.7,0.0667200561517077
