,Constant,log_P(atm),log_Fuel(%),log_Oxidizer(%),T0/S_H__T,T0/T
58,1.0,2.8975680247667595,0.6280751838162305,3.0252910757955354,0.09881422924901186,0.9881422924901185
