,y_predicted,y_actual,Relative Error
13,6.984542682963023,6.56244409369372,0.06432033298004408
4,6.7260468589100295,6.8308742346461795,0.015346114148093335
