Constant,log_P(atm),log_Fuel(%),log_Oxidizer(%),T0/S_H__T,T0/T,Training_R2,Testing_R2
-1.7351,-0.6159,-0.4838,0.1108,2.1545,9.8363,0.8759602916745434,0.5570477893118846
