Constant,log_P(atm),log_Fuel(%),log_Oxidizer(%),T0/S_H__T,T0/T,Training_R2,Testing_R2
-0.6387,-0.5074,-0.2911,0.0506,2.9186,7.2782,0.9246089086029029,-0.2468300357517863
