,y_predicted,y_actual,Relative Error
0,7.099977709347691,7.665753431861699,0.07380562491906346
1,6.196668402835575,7.110696122978827,0.1285426495993117
