,y_predicted,y_actual,Relative Error
0,5.842314693082915,6.298949246855942,0.07249376616281711
1,4.818636921931989,6.856461984594587,0.2972123330139183
2,4.666057834882233,4.875197323201151,0.042898671469895094
