,y_predicted,y_actual,Relative Error
0,5.5105918808994865,5.777652323222656,0.046223003286256774
1,4.960712049667192,4.948759890378168,0.002415182703097435
2,5.373324112607611,5.777652323222656,0.06998140213281644
3,4.576616385895384,4.499809670330265,0.01706888095102062
4,4.717127797164883,4.941642422609304,0.0454331993786535
5,7.038339896354676,6.78105762593618,0.03794131898163549
6,5.406713861836715,5.726847747587197,0.055900540726852584
