,y_predicted,y_actual,Relative Error
16,4.381859765357929,4.465908118654584,0.01881999160385212
84,4.379162447069467,4.356708826689592,0.0051538033118766575
