,y_predicted,y_actual,Relative Error
422,23.603898986733963,22.0,0.07290449939699832
53,19.619180741501932,19.8,0.009132285782730747
30,10.953543827997901,11.7,0.06379967282069215
338,23.714611131998225,24.8,0.04376568016136191
400,19.05712346942172,19.6,0.027697782172361206
258,8.96287685157447,10.9,0.17771772003903955
