features,VIF Factor
CRIM,2.02480454119353
ZN,13.706118947122475
INDUS,9.015297572478705
CHAS,1.8213970905915504
NOX,8.184485159134312
RM,3.5328898425672612
AGE,12.156276642115877
DIS,10.402707917299333
RAD,11.872274536892352
TAX,30.034957939968105
PTRATIO,6.097779863040656
B,1.3547329823866958
LSTAT,7.201117529713487
