Constant,len,dia,hei,w_wei,s_wei,v_wei,sh_wei,Training_R2,Testing_R2
2.5975,-1.9433,11.9232,23.1677,8.8015,-19.6853,-10.2524,8.0733,0.5241093998307007,0.1248444402924106
2.5975,-1.9433,11.9232,23.1677,8.8015,-19.6853,-10.2524,8.0733,0.5241093998307007,0.1248444402924106
2.5975,-1.9433,11.9232,23.1677,8.8015,-19.6853,-10.2524,8.0733,0.5241093998307007,0.1248444402924106
