Constant,log_P(atm),log_Fuel(%),log_Oxidizer(%),T0/S_H__T,T0/T,training_adj_r2
0.016076237408087838,-0.4968649820292188,-0.3345668166441538,0.13257744210394895,0.7814436396334195,7.0228027317143775,0.9881506059212384
-0.19160766065371782,-0.5012425658384707,-0.32339360953311513,0.10622851616829965,1.6164423899565001,7.241981406155462,0.9680934737705942
