Constant,log_P(atm),log_Fuel(%),log_Oxidizer(%),T0/S_H__T,T0/T,training_adj_r2
-1.7083556304523493,-0.6787944467060228,-0.5443544082518856,0.10987015508998588,4.554625065967581,10.338345029995894,0.9868009250980913
-1.664941542421836,-0.6278564652568839,-0.5020115329474248,0.05190010009055263,4.732720776066785,10.266438778924817,0.9948395023188924
-1.6649415424218361,-0.6278564652568839,-0.5020115329474248,0.051900100090552626,4.732720776066785,10.266438778924817,0.9948395023188923
