Constant,log_P(atm),log_Fuel(%),log_Oxidizer(%),T0/S_H__T,T0/T,training_adj_r2
-1.5620806323702832,-0.6189301867864275,-0.5090839205778526,0.20854533557663685,3.7086577194526615,9.291292377286855,0.8469231979854088
-0.9423335209662012,-0.5842336820094158,-0.30551792708087605,0.04949585174857177,1.8952704326113032,9.012468715081113,0.9024469378687884
-0.9882774407880259,-0.584655296271364,-0.2729014055199783,0.03259791845323835,1.4472626889111508,9.169538723502033,0.9012478520581306
