Constant,log_P(atm),log_Fuel(%),log_Oxidizer(%),T0/S_H__T,T0/T,training_adj_r2
-0.9289334280676158,-0.5485764577047271,-0.444351120951394,0.15907519231159473,2.973027328668284,8.304448497618266,0.986767034345656
-0.9071319635672968,-0.521729286140166,-0.3967418465478596,0.09867517909290158,3.227572924451408,8.326402519235664,0.9843511346246223
