Constant,log_P(atm),log_Fuel(%),log_Oxidizer(%),T0/S_H__T,T0/T,training_adj_r2
1.0680706719625714,-0.4459428272049129,-0.15849629479967664,0.196900679775454,0.1140413642632936,4.754586231604206,0.9867937302342109
1.0680706719625714,-0.44594282720491285,-0.15849629479967664,0.196900679775454,0.11404136426329359,4.754586231604206,0.986793730234211
