Constant,log_P(atm),log_Fuel(%),log_Oxidizer(%),T0/S_H__T,T0/T,training_adj_r2
1.0936741180962062,-0.5480079022747786,-0.03611243474045753,0.13496561819771308,-0.019300563376009716,5.111523021441908,0.9696994877198709
