Constant,log_P(atm),log_Fuel(%),log_Oxidizer(%),T0/S_H__T,T0/T,training_adj_r2
0.2490860198284849,-0.5356237393080785,-0.2766612033713877,0.1467123155154163,2.320641939827478,6.355099650230442,0.9563035779390566
-0.12890800426696236,-0.5482708214558331,-0.2765527814955322,0.07630481829765334,4.83654796467453,6.684178090285632,0.9906312179790404
0.05012615457518921,-0.5329540224893666,-0.19817123063935171,-0.01423365779498087,2.9779300164238762,6.836045816651141,0.9874089101965957
