Constant,log_P(atm),log_Fuel(%),log_Oxidizer(%),T0/S_H__T,T0/T,training_adj_r2
-1.922951307854099,-0.7529786312519127,-0.3691376166103309,-0.03629763305544853,3.041946408885011,11.754661059521847,0.8784084764478961
-2.5126914974281678,-0.7649967363978321,-0.26171944588062995,-0.2644547709619806,2.211031458527098,12.90133525333178,0.9032899376564837
