Constant,log_P(atm),log_Fuel(%),log_Oxidizer(%),T0/S_H__T,T0/T,training_adj_r2
-0.7480161364197664,-0.4895366988486412,-0.35462363613188985,0.07931962995395994,3.524292190234158,7.216118292948043,0.905511265653414
-0.6150675528425467,-0.3644019847279186,-0.3443034045537563,0.057877962902807674,3.8029516579905938,6.829367516034041,0.9257902585891254
-0.6150675528425467,-0.3644019847279186,-0.3443034045537563,0.05787796290280767,3.8029516579905938,6.829367516034041,0.9257902585891254
