Constant,log_P(atm),log_Fuel(%),log_Oxidizer(%),T0/S_H__T,T0/T,training_adj_r2
0.15624650774841695,-0.5775097948928161,-0.2364140583666239,0.13045761434162229,1.394347629010375,6.708959771167947,0.9541821486569232
0.7500186684935625,-0.5276710626383283,-0.1657262661235973,0.1126101954638894,0.638897883288907,6.193110640034584,0.9337485637416605
