Constant,log_P(atm),log_Fuel(%),log_Oxidizer(%),T0/S_H__T,T0/T,training_adj_r2
-1.930952931069812,-0.7111200981179628,-0.5217380726593175,0.005695121753917953,6.171995875465127,11.04802102184519,0.9605759928156455
