Constant,log_P(atm),log_Fuel(%),log_Oxidizer(%),T0/S_H__T,T0/T,training_adj_r2
-1.1928805224307504,-0.6208346827753273,-0.4624977856563036,0.17978246361189554,2.235677757916114,8.931028042221019,0.5951239057115103
