Constant,log_P(atm),log_Fuel(%),log_Oxidizer(%),T0/S_H__T,T0/T,training_adj_r2
-0.9877081660871136,-0.5662864679670578,-0.4840771693760297,0.1659393747015934,2.155342507376384,8.631223648831048,0.9032173610859818
-1.1290848869095529,-0.5719069304306368,-0.4643944176374542,0.14814197729961087,2.838382945715267,8.728098603501692,0.9283520946067592
-0.7695668828960679,-0.6235218277346796,-0.4678880446443627,0.22201246428077592,3.155856197491293,8.276448456119986,0.9535763958312408
-0.7695668828960679,-0.6235218277346796,-0.46788804464436273,0.22201246428077592,3.1558561974912935,8.276448456119986,0.9535763958312409
