,y_predicted,y_actual,Relative Error
1005,9.32731719230992,13.0,0.2825140621300062
21,17.81700442112234,18.0,0.010166421048758818
2284,18.21907899750118,17.0,0.07171052926477539
264,20.09701261949044,19.0,0.05773750628897047
2476,15.876493007472735,14.0,0.13403521481948108
885,18.324531822377196,19.0,0.035550956716989685
483,24.18340542586295,29.0,0.16608946807369135
