,y_predicted,y_actual,Relative Error
1464,10.07088581370083,10.0,0.007088581370082991
3290,7.149587916638378,7.0,0.021369702376911142
3452,8.109113208020757,8.0,0.013639151002594607
1091,7.845610411274162,8.0,0.019298698590729746
3339,6.90671007034886,7.0,0.013327132807305655
531,4.08741611646106,4.0,0.021854029115264906
