Constant,log_P(atm),log_Fuel(%),log_Oxidizer(%),T0/S_H__T,T0/T,training_adj_r2
-2.102301411813524,-0.7509804900109196,-0.4913446796933766,-0.01771078273302862,3.7576514161179997,11.312317626012668,0.9538532327614446
