Constant,log_P(atm),log_Fuel(%),log_Oxidizer(%),T0/S_H__T,T0/T,training_adj_r2
0.009893410183649198,-0.5923803886717152,-0.221835547385276,0.08760853698561341,2.0967501176501484,6.897175050885634,0.9642627005110492
