Constant,log_P(atm),log_Fuel(%),log_Oxidizer(%),T0/S_H__T,T0/T,training_adj_r2
0.8062718864920022,-0.5384585600551743,-0.0726883248849598,0.0949574820654967,0.0686167996212248,5.412195721292749,0.9862539826024062
