Constant,log_P(atm),log_Fuel(%),log_Oxidizer(%),T0/S_H__T,T0/T,training_adj_r2
-1.5709636101872748,-0.6503904110053044,-0.482643826998324,0.1916395254196307,2.972161401881005,9.39209926709173,0.9574477446855895
