,Constant,fixed_acidity,volatile_acidity,citric_acid,residual_sugar,chlorides,free_sulfur_dioxide,total_sulfur_dioxide,density,pH,sulphates,alcohol
48,1.0,6.2,6.6000000000000005,4.8,1.2,2.9000000000000004,2.9,0.75,9.892,3.33,3.9000000000000004,12.8
651,1.0,9.1,2.7,4.5,10.6,3.5000000000000004,2.8,1.24,9.97,3.2,4.6000000000000005,10.4
862,1.0,6.9,2.1,2.8000000000000003,2.4,5.6000000000000005,4.9,1.59,9.943999999999999,3.02,4.699999999999999,8.8
2190,1.0,6.7,2.6,3.9000000000000004,1.1,4.0,4.5,1.47,9.935,3.32,5.8,9.6
