Constant,log_P(atm),log_Fuel(%),log_Oxidizer(%),T0/S_H__T,T0/T,Training_R2,Testing_R2
-0.3171,-0.5174,-0.1965,0.0318,2.1851,7.0159,0.857927092075759,0.8052661953990234
