,y_predicted,y_actual,Relative Error
1288,18.326152155233405,18.0,0.018119564179633625
3428,22.952216452878762,23.0,0.0020775455270103478
1287,22.351782238892728,22.0,0.015990101767851265
