Constant,fixed_acidity,volatile_acidity,citric_acid,residual_sugar,chlorides,free_sulfur_dioxide,total_sulfur_dioxide,density,pH,sulphates,alcohol,training_adj_r2
138.99680498533502,0.2353452598551734,-0.24806482260566812,-0.04445050881133983,0.09887969213569482,0.007870223423670802,0.041587752385446805,-0.16158076365802068,-14.052127463611074,1.1571900434994695,0.020552199976003716,0.28235489702161437,0.7139662001825418
