Constant,fixed_acidity,volatile_acidity,citric_acid,residual_sugar,chlorides,free_sulfur_dioxide,total_sulfur_dioxide,density,pH,sulphates,alcohol,training_adj_r2
183.71353950932232,-0.019732935863681744,-0.1786806536192533,0.015325137883294369,0.0870746075704113,0.002614595849386732,0.007729754971045886,0.13557766527117768,-18.216301451122717,0.19444344032966304,0.07531505965856654,0.09274511690537673,0.9784248396848526
