Constant,fixed_acidity,volatile_acidity,citric_acid,residual_sugar,chlorides,free_sulfur_dioxide,total_sulfur_dioxide,density,pH,sulphates,alcohol,training_adj_r2
124.1376186920327,0.00027642378235327725,-0.17744390033609814,0.007999709115724195,0.06902549764583087,0.003338217961449022,0.030221097654792972,0.06648649283500427,-12.29789126316706,0.26950144291904965,0.06517263312757263,0.21249621967857701,0.9813467734444762
