Constant,fixed_acidity,volatile_acidity,citric_acid,residual_sugar,chlorides,free_sulfur_dioxide,total_sulfur_dioxide,density,pH,sulphates,alcohol,training_adj_r2
-8.433618300192165,0.12323196766855338,-0.23854346337482035,0.036674236270427374,0.014032987906409056,-0.1078362441596899,0.1037068612226306,-0.06430343062096822,1.3885579278320392,-0.21424884904397068,-0.030812872191040674,0.3194620452813799,0.7974116288117765
