Constant,fixed_acidity,volatile_acidity,citric_acid,residual_sugar,chlorides,free_sulfur_dioxide,total_sulfur_dioxide,density,pH,sulphates,alcohol,training_adj_r2
133.6265277781448,0.10948980238593581,-0.22483450289952475,-0.023811865881653547,0.0894354501156797,0.006110217692217111,0.01701369620020837,0.0320658588388747,-13.435986446346746,0.8493225698050663,0.04980404614790761,0.278689499836432,0.5740275624745401
