features,VIF Factor
fixed_acidity,3.1551845809515817
volatile_acidity,1.1396969084239783
citric_acid,1.1687168585753525
residual_sugar,14.976725259805672
chlorides,1.2641229394843994
free_sulfur_dioxide,1.764943499373475
total_sulfur_dioxide,2.1629004230968882
density,36.62633622585977
pH,2.4437218586038476
sulphates,1.1979962770495989
alcohol,10.262370901074052
