features,VIF Factor
fixed_acidity,4.255200010335089
volatile_acidity,1.2828814532432868
citric_acid,1.8725006869944718
residual_sugar,9.422422105468906
chlorides,1.6742936551134107
free_sulfur_dioxide,2.2402780147660843
total_sulfur_dioxide,3.3502995872592
density,18.258414228588705
pH,3.080193181390541
sulphates,1.4218588546700335
alcohol,6.242897786036137
