,Constant,fixed_acidity,volatile_acidity,citric_acid,residual_sugar,chlorides,free_sulfur_dioxide,total_sulfur_dioxide,density,pH,sulphates,alcohol
808,1.0,6.2,3.7,3.0,6.6,34.6,7.9,2.0,9.953999999999999,3.29,5.8,9.6
2017,1.0,9.2,3.4000000000000004,2.7,1.2,2.6,1.7,0.73,9.921,3.08,3.9000000000000004,10.8
3339,1.0,8.1,4.6000000000000005,3.1,1.7,5.2,5.0,1.83,9.923,3.03,4.2,11.2
3455,1.0,7.8,2.8000000000000003,2.5,3.4,2.4,2.7,0.99,9.8959,2.98,3.7,13.0
