,y_predicted,y_actual,Relative Error
164,14.231360580246953,14,0.016525755731925225
1587,16.913581555787523,17,0.00508343789485157
297,13.19090854218601,13,0.014685272475846936
65,17.268073678869158,17,0.015769039933479858
2069,14.071342226803743,14,0.005095873343124525
2110,12.301796416227603,12,0.02514970135230025
2972,21.038155837041423,21,0.0018169446210201219
2429,11.014295325692768,11,0.001299575062978872
