,Constant,log_P(atm),log_Fuel(%),log_Oxidizer(%),T0/S_H__T,T0/T
173,1.0,1.6582280766035324,0.20701416938432612,1.8196988379172965,0.2976190476190476,0.5952380952380952
512,1.0,0.8020015854720274,-3.2941383093687477,-0.2876820724517809,0.03026634382566586,0.6053268765133172
