,y_predicted,y_actual,Relative Error
208,7.624181891377777,8.24380842366528,0.07516265546743638
215,6.540634769930186,6.375024819828097,0.025977930248521765
199,7.0771838783589,7.090076835776092,0.001818451014823222
226,7.936369986278704,7.865955413933502,0.008951814323848284
