features,VIF Factor
len,37.35654900069878
dia,42.470239767830144
hei,1.4375800027277308
w_wei,109.92555360037441
s_wei,41.669047630190306
v_wei,18.899621958436583
sh_wei,20.899569424663245
