features,VIF Factor
len,44.32889193290312
dia,42.03662361529507
hei,5.5908716776147465
w_wei,179.4939995915616
s_wei,42.30504034301138
v_wei,21.75441721298102
sh_wei,28.972337576003977
