features,VIF Factor
len,41.79365043857034
dia,45.081036682213885
hei,2.57791663400176
w_wei,121.21755414827273
s_wei,35.71363796079769
v_wei,19.642010356412666
sh_wei,24.265199634030026
