features,VIF Factor
len,466.4904050162803
dia,493.4345677141574
hei,36.38437199137141
w_wei,169.52245613458203
s_wei,85.54031484701433
v_wei,31.470796246888735
sh_wei,45.241918869897496
