,y_predicted,y_actual,Relative Error
0,7.418907539506964,7.266827347520591,0.020928004026167252
1,7.147424399147597,7.090076835776092,0.008088426218758696
2,7.780252366668053,7.855932199718614,0.009633463111261545
3,7.645191755240012,7.652070746116482,0.0008989711549596468
4,7.9413997338453575,7.497207223203318,0.05924773017708461
5,6.565205803424467,6.74993119378857,0.02736700346428587
6,5.526509901998502,5.631211781821365,0.01859313481351592
7,7.095242361184797,7.358193752733032,0.035735861324739986
8,6.934788510198888,7.088408778675395,0.02167203857354482
