,y_predicted,y_actual,Relative Error
0,5.730957631153352,6.56244409369372,0.12670377845037908
1,7.729667538082234,6.690842277418564,0.15526076054276175
2,6.158577731232261,7.110696122978827,0.13389946290486437
3,5.398382725081681,5.19295685089021,0.03955855596147595
