,y_predicted,y_actual,Relative Error
0,4.7602776215646,6.856461984594587,0.30572390946523
