features,VIF Factor
log_P(atm),2.5460107765715025
log_Fuel(%),7.472506676835345
log_Oxidizer(%),7.8297323065859095
T0/S_H__T,2.0076738274662573
T0/T,3.4545134804949313
