features,VIF Factor
log_P(atm),2.3061697762674744
log_Fuel(%),7.757856726604367
log_Oxidizer(%),7.812386711739312
T0/S_H__T,2.1505042803806615
T0/T,3.1840149069869583
