features,VIF Factor
len,41.69593127669664
dia,43.38394248243273
hei,5.7476819885936985
w_wei,177.92601833179572
s_wei,47.595935782567494
v_wei,22.784793342943196
sh_wei,30.187449814131543
