features,VIF Factor
len,50.09058433009017
dia,54.18535786452906
hei,1.3715138358289174
w_wei,65.7351250469956
s_wei,30.420595500184223
v_wei,19.609222406833602
sh_wei,13.637090589970395
