features,VIF Factor
len,24.96571149684594
dia,20.18972453107745
hei,3.545659574085883
w_wei,56.719476699779996
s_wei,10.365424027725254
v_wei,12.767741555688945
sh_wei,10.803940874860375
