,y_predicted,y_actual,Relative Error
550,6.762166073928249,6.78105762593618,0.0027859300200715783
273,4.438080967593088,4.454347296253507,0.0036517872493016103
445,5.546354086072521,5.560681631015528,0.0025765806952681683
338,7.06419275112329,7.227662498728654,0.022617235881464953
