features,VIF Factor
log_P(atm),2.9350305014651563
log_Fuel(%),3.963000096973028
log_Oxidizer(%),5.588602887947944
T0/S_H__T,2.464422519065922
T0/T,3.2523338842388143
