features,VIF Factor
log_P(atm),10.634223906489877
log_Fuel(%),38.414274869279765
log_Oxidizer(%),27.921314952830905
T0/S_H__T,6.868752799163486
T0/T,11.747807010790373
