features,VIF Factor
log_P(atm),1.483296524714063
log_Fuel(%),7.744057557546273
log_Oxidizer(%),8.139998585895574
T0/S_H__T,3.6243604471878954
T0/T,3.9228783161513525
