features,VIF Factor
log_P(atm),4.566089690055178
log_Fuel(%),16.311480400305427
log_Oxidizer(%),16.73735251715559
T0/S_H__T,3.234874508063888
T0/T,7.234094613428316
