features,VIF Factor
log_P(atm),2.696431600044306
log_Fuel(%),16.984050989099533
log_Oxidizer(%),13.859328330105901
T0/S_H__T,3.2281536066966345
T0/T,3.5829415435934813
