,y_predicted,y_actual,Relative Error
1482,16.972491502026404,17,0.001618146939623281
1357,16.828445248105666,16,0.05177782800660413
667,19.63447921359023,20,0.018276039320488557
3304,20.64324123207512,20,0.03216206160375599
