,y_predicted,y_actual,Relative Error
153,5.129610734148189,5.44673737166631,0.05822322904126054
1,6.434668987563891,6.298949246855942,0.021546409629461975
273,4.968714586449251,4.564348191467836,0.08859236368892709
30,7.253116389623061,7.3277805384216315,0.01018919008383028
