features,VIF Factor
log_P(atm),2.0998022928208875
log_Fuel(%),4.992964775277692
log_Oxidizer(%),5.2142257197173185
T0/S_H__T,1.9879401445066245
T0/T,2.9412322177761165
