,y_predicted,y_actual,Relative Error
428,21.160157861886667,19.6,0.07959989091258496
437,15.374006049002087,15.6,0.014486791730635405
62,21.447665653604187,22.6,0.05098824541574402
181,15.77027667197655,17.2,0.08312344930368892
