features,VIF Factor
log_P(atm),4.501694527767138
log_Fuel(%),25.392343192974185
log_Oxidizer(%),23.235445802771554
T0/S_H__T,6.066775304296798
T0/T,3.4830273980727813
