features,VIF Factor
log_P(atm),1.822644532558265
log_Fuel(%),4.038975876583251
log_Oxidizer(%),2.2492542011021817
T0/S_H__T,3.7188184884110957
T0/T,2.71211724269258
