alcohol,chlorides,citric_acid,density,fixed_acidity,free_sulfur_dioxide,pH,residual_sugar,sulphates,total_sulfur_dioxide,volatile_acidity
10.404216867469883,4.504819277108432,3.357831325301205,9.940160240963854,7.097590361445785,2.613253012048194,3.1840963855421682,4.969879518072292,4.881927710843373,1.2844578313253014,2.930120481927712
10.333791348600275,4.601812977099238,3.3842557251908385,9.945119036259523,6.818225190839707,3.702862595419844,3.183578244274804,7.26269083969466,4.908015267175576,1.4512356870229024,2.735973282442748
10.333791348600275,4.601812977099237,3.3842557251908385,9.945119036259522,6.818225190839707,3.7028625954198437,3.183578244274804,7.26269083969466,4.908015267175576,1.4512356870229024,2.735973282442748
