alcohol,chlorides,citric_acid,density,fixed_acidity,free_sulfur_dioxide,pH,residual_sugar,sulphates,total_sulfur_dioxide,volatile_acidity
10.724806201550388,4.710077519379843,3.2480620155038764,9.940347286821703,6.979844961240307,3.4441860465116285,3.1806201550387594,6.686046511627909,4.648062015503876,1.3675193798449614,3.056589147286821
10.724806201550386,4.710077519379843,3.2480620155038764,9.940347286821702,6.979844961240307,3.4441860465116285,3.1806201550387594,6.686046511627909,4.648062015503876,1.3675193798449614,3.056589147286821
