alcohol,chlorides,citric_acid,density,fixed_acidity,free_sulfur_dioxide,pH,residual_sugar,sulphates,total_sulfur_dioxide,volatile_acidity
10.645109104589828,4.632167042889395,3.4079006772009053,9.934827088036117,6.790011286681727,3.511568848758464,3.1957562076749477,5.465575620767488,4.890067720090303,1.3750733634311514,2.83211060948081
10.645109104589828,4.632167042889395,3.4079006772009053,9.934827088036117,6.790011286681728,3.511568848758464,3.1957562076749473,5.465575620767488,4.890067720090304,1.3750733634311514,2.83211060948081
