alcohol,chlorides,citric_acid,density,fixed_acidity,free_sulfur_dioxide,pH,residual_sugar,sulphates,total_sulfur_dioxide,volatile_acidity
10.57150950570336,4.622813688212925,3.35851711026615,9.93847916349808,6.828326996197716,3.566520912547525,3.1863307984790823,6.159011406844106,4.9090874524714705,1.3763992395437263,2.7736121673003824
