alcohol,chlorides,citric_acid,density,fixed_acidity,free_sulfur_dioxide,pH,residual_sugar,sulphates,total_sulfur_dioxide,volatile_acidity
10.60942672214506,4.494174757281554,3.3517337031900163,9.937468377253813,6.882246879334267,3.430235783633841,3.193398058252425,5.828363384188622,4.857281553398069,1.3655409153952827,2.850138696255201
