,y_predicted,y_actual,Relative Error
852,8.14059080107296,8,0.01757385013412005
1626,8.007155088996115,8,0.0008943861245143125
1550,7.146217270412393,7,0.020888181487484708
2778,8.044313488484647,8,0.005539186060580903
2105,7.261429884400011,7,0.03734712634285867
3321,7.9044434941061805,8,0.011944563236727435
2155,7.803321725661403,8,0.02458478429232458
