,y_predicted,y_actual,Relative Error
298,8.449983014063749,8.439663988907,0.0012226819895095186
7,5.811425891192633,5.814130531825066,0.00046518402323931455
352,6.422598478654952,6.484635235635252,0.009566730390537143
181,6.803879744724277,6.777646593635117,0.003870539829237449
266,8.955426029743332,8.965079015408355,0.0010767317999575707
188,7.139572001148835,7.154615356913663,0.0021026085979997527
341,6.472880490943836,6.419994928147142,0.008237633111644327
