,y_predicted,y_actual,Relative Error
69,7.1166197465936,7.237778191923443,0.016739728977193863
