Constant,log_P(atm),log_Fuel(%),log_Oxidizer(%),T0/S_H__T,T0/T,training_adj_r2
-1.3875978770969868,-0.6165081102096501,-0.41107494718818627,0.09057793350796944,2.4091933735729114,9.401568721485676,0.6121481996951961
