features,VIF Factor
len,34.731510005811046
dia,30.407771312813026
hei,4.01919422712604
w_wei,40.19312994246101
s_wei,8.03305981626069
v_wei,12.545755087711711
sh_wei,11.13109190598918
