features,VIF Factor
len,34.81096364014677
dia,35.376891925655315
hei,4.74692506187603
w_wei,68.85959513110896
s_wei,17.652302944508204
v_wei,13.7827069345818
sh_wei,14.290994796577397
