features,VIF Factor
len,97.10187961169638
dia,112.70777580109738
hei,12.135122642996336
w_wei,244.59041091415088
s_wei,55.75663955417487
v_wei,27.8577130561066
sh_wei,54.847084134747554
