,y_predicted,y_actual,Relative Error
101,4.532154533465679,4.430816798843313,0.02287111817595806
1,4.655804656384067,4.59511985013459,0.013206359840146432
281,4.801748989482333,4.465908118654584,0.07520102561557543
20,5.406633560731538,5.720311776607412,0.05483586002403342
