Constant,log_P(atm),log_Fuel(%),log_Oxidizer(%),T0/S_H__T,T0/T,training_adj_r2
0.03540934564687262,-0.5825174640009022,-0.1827906221356302,0.07568188079582358,1.109296011826868,6.98363548948884,0.786992474357145
