Constant,log_P(atm),log_Fuel(%),log_Oxidizer(%),T0/S_H__T,T0/T,training_adj_r2
1.0293020185841124,-0.474258546878452,0.02214793874305554,0.018568269995433706,0.33255745630471534,5.248703556610247,0.949878746986973
