,y_predicted,y_actual,Relative Error
0,6.656444085706225,6.437751649736401,0.033970312597998126
1,6.682378999747796,6.529418838262226,0.023426305659736118
2,5.983993601508322,5.8888779583328805,0.01615174297182557
3,7.531587092566977,7.415175109613295,0.015699154940085187
4,7.718602677234093,7.4360278163518485,0.03800078050553576
5,7.550938822207932,7.022868086082641,0.07519303077495922
