,y_predicted,y_actual,Relative Error
0,4.507284984543604,4.564348191467836,0.012501939933263732
1,6.516460877894993,6.774223886357614,0.038050559412676314
2,5.681787743233288,6.297109319933935,0.09771492687173208
3,4.722419148061641,5.568344503761097,0.1519168498156107
4,4.6679348107549625,5.198497031265826,0.10206069510472962
5,4.762455670219322,5.093750200806762,0.06503941448384513
6,4.650176143907807,3.8918202981106265,0.1948589060407906
7,5.206099201462436,5.713732805509369,0.08884447721416999
8,5.32294998560248,5.726847747587197,0.07052706476348787
