,y_predicted,y_actual,Relative Error
0,6.694383851799719,6.56244409369372,0.020105277275091586
1,6.939793740538569,5.877735781779639,0.18069168097878743
2,7.174830110331079,6.927557906278317,0.03569399309223596
3,7.581817566951466,7.266827347520591,0.043346319427603905
4,5.38928361974609,5.176149732573829,0.04117614408080128
5,7.165393684784085,7.550661243105336,0.051024346864063874
6,7.566549860620734,7.022868086082641,0.0774159172397838
7,8.384571394775566,8.428799040653642,0.005247206116168824
