,y_predicted,y_actual,Relative Error
214,4.666864706073783,4.736198448394496,0.014639112587061449
215,4.446072494545537,4.382026634673881,0.014615579778743677
70,4.762132776065381,4.795790545596741,0.007018190058834647
32,5.004193350048119,5.003946305945459,4.936985482169348e-05
207,6.301823268932056,6.298949246855942,0.00045627007989438656
150,4.661238933449005,4.6443908991413725,0.0036276090177395433
187,3.745683741921097,3.7612001156935624,0.004125378415182804
78,4.722763943621851,4.700480365792417,0.004740702246434803
185,4.431049955233595,4.418840607796598,0.0027630205568978214
