,y_predicted,y_actual,Relative Error
172,4.56211751967896,4.532599493153256,0.006512383582598112
28,4.249070942083522,4.418840607796598,0.03841950429565955
