,y_predicted,y_actual,Relative Error
48,4.495115405771194,4.700480365792417,0.043690206966028246
