features,VIF Factor
len,42.80379948022678
dia,41.238997946474406
hei,5.693446958093779
w_wei,97.7915597521284
s_wei,25.778927371924254
v_wei,19.10016274600995
sh_wei,19.381070669156617
