features,VIF Factor
len,36.386766839268695
dia,41.338137102873134
hei,1.4411124504188089
w_wei,107.35773644067667
s_wei,40.88385286080725
v_wei,18.693961068235417
sh_wei,20.360048136510585
