features,VIF Factor
len,42.14364850495393
dia,45.38008493456976
hei,2.5894599219334964
w_wei,121.98234036005663
s_wei,36.21805442646287
v_wei,19.6952966837269
sh_wei,24.29850297695278
