,y_predicted,y_actual,Relative Error
137,5.617655883099615,5.730099782973574,0.019623375531448013
10,5.056941255955363,4.6443908991413725,0.08882765593444346
138,5.349635834822408,5.278114659230517,0.013550515706742504
55,6.527445325607641,6.8658910748834385,0.049293783659616786
37,4.554212803338048,4.382026634673881,0.03929372936752618
283,5.335667245660032,5.241747015059643,0.01791773436042498
122,4.854132714453504,4.532599493153256,0.07093792905945955
26,6.696431185383971,5.560681631015528,0.20424646288570658
