features,VIF Factor
fixed_acidity,3.3970936908660483
volatile_acidity,1.133150056910046
citric_acid,1.2634264911725044
residual_sugar,18.95045985961078
chlorides,1.19935022232521
free_sulfur_dioxide,1.9855088970904695
total_sulfur_dioxide,2.357434326508402
density,40.54663875226072
pH,2.756885245132811
sulphates,1.175773493649898
alcohol,8.954496448647273
