features,VIF Factor
fixed_acidity,5.23082324630798
volatile_acidity,1.8744453511969301
citric_acid,1.5836677677980084
residual_sugar,15.39153437832174
chlorides,2.2145855185688434
free_sulfur_dioxide,3.1602086323380925
total_sulfur_dioxide,4.871269707421868
density,41.65403580193321
pH,4.709661213553067
sulphates,1.7566318305470627
alcohol,10.034401385499917
