features,VIF Factor
fixed_acidity,2.083993283587101
volatile_acidity,1.2743664295306305
citric_acid,1.3135426949450397
residual_sugar,10.327681371492258
chlorides,1.6040417202545505
free_sulfur_dioxide,1.5980540655474453
total_sulfur_dioxide,2.0514689893936024
density,16.713519240344766
pH,2.1800198992512376
sulphates,1.2060447673363517
alcohol,4.316195782233217
