features,VIF Factor
fixed_acidity,3.255798453460473
volatile_acidity,1.1402685060817923
citric_acid,1.151800193203908
residual_sugar,15.236075473700401
chlorides,1.244075265623991
free_sulfur_dioxide,1.7710168631011869
total_sulfur_dioxide,2.237099954565237
density,39.796117688128426
pH,2.4526703135372427
sulphates,1.1849285755970682
alcohol,12.065266548560158
