,Constant,fixed_acidity,volatile_acidity,citric_acid,residual_sugar,chlorides,free_sulfur_dioxide,total_sulfur_dioxide,density,pH,sulphates,alcohol,Class,Time(μs)_actual,Time(μs)_predicted
34,1.0,6.1,3.4000000000000004,2.1,5.0,4.2,1.7,1.33,9.9373,3.02,5.300000000000001,9.4,14,5,4.0249575113547955
37,1.0,5.8,1.4000000000000001,1.5,6.1,4.2,2.7,1.23,9.9362,3.06,6.0,9.9,14,6,4.632459559311488
115,1.0,6.4,2.5,3.0,5.5,3.8,1.5,1.29,9.948,3.14,4.9,9.6,14,6,4.131858703059903
184,1.0,6.8,2.2,3.5,5.5,4.3,2.1,1.14,9.938,3.3,5.300000000000001,10.7,14,7,4.4925159140260815
228,1.0,6.0,3.3000000000000003,2.6,5.1,5.1,1.6,1.19,9.941600000000001,3.15,4.1,9.2,14,5,4.005131816798414
239,1.0,6.0,3.3000000000000003,2.6,5.1,5.1,1.6,1.19,9.941600000000001,3.15,4.1,9.2,14,5,4.005131816798414
288,1.0,6.0,2.0,2.6,6.8,4.9,2.2,0.93,9.928,3.15,4.2,11.0,14,6,4.840481824275252
321,1.0,6.7,2.1,3.2,5.4,4.7,2.9,1.4,9.95,3.39,4.6000000000000005,9.7,14,6,4.222787704070075
348,1.0,6.7,1.5,2.9,5.0,5.800000000000001,2.8,1.05,9.946,3.52,4.4,10.2,14,7,4.445470622282078
