,y_predicted,y_actual,Relative Error
0,4.954523850858383,7,0.29221087844880245
1,3.9555859246454457,5,0.20888281507091086
2,5.760794379310621,5,0.15215887586212418
3,3.8566192791573277,4,0.03584518021066807
4,5.236530458173999,7,0.25192422026085726
5,6.022388096216777,7,0.1396588433976033
6,3.959851507509863,4,0.010037123122534242
