,y_predicted,y_actual,Relative Error
0,13.069500844259089,12,0.08912507035492408
1,12.572465856745294,12,0.04770548806210787
2,18.220275086762904,15,0.21468500578419356
3,13.91780789579422,8,0.7397259869742776
4,10.723886440363632,7,0.5319837771948046
5,10.99394854647422,7,0.5705640780677458
6,13.604996754597208,7,0.9435709649424583
