Constant,log_P(atm),log_Fuel(%),log_Oxidizer(%),T0/S_H__T,log_T0/T,training_adj_r2
10.227376961322884,-0.7332526743377161,-0.2779531320300789,-0.2909988109451992,5.002918619308278,11.019497842124801,0.9548057684372379
10.227376961322882,-0.7332526743377161,-0.2779531320300789,-0.2909988109451992,5.002918619308277,11.0194978421248,0.954805768437238
