Constant,log_P(atm),log_Fuel(%),log_Oxidizer(%),T0/S_H__T,log_T0/T,training_adj_r2
9.497789691790912,-0.4845394265698375,0,-0.4444099987678554,1.4457902170356933,9.841239798331904,0.9989159079114838
9.497789691790913,-0.4845394265698375,0,-0.4444099987678554,1.445790217035693,9.841239798331904,0.9989159079114838
