Constant,log_P(atm),log_Fuel(%),log_Oxidizer(%),T0/S_H__T,T0/T,training_adj_r2
-0.4771097410510095,0.29095872925154964,-0.5825033513842284,0.6352742665564968,5.010092057724599,4.4757550424158765,0.9960972760790344
-0.4771097410510095,0.29095872925154964,-0.5825033513842284,0.6352742665564968,5.010092057724599,4.4757550424158765,0.9960972760790344
-0.4771097410510095,0.29095872925154964,-0.5825033513842284,0.6352742665564968,5.010092057724599,4.4757550424158765,0.9960972760790344
-0.47710974105100945,0.29095872925154964,-0.5825033513842284,0.6352742665564968,5.010092057724599,4.4757550424158765,0.9960972760790344
