Constant,log_P(atm),log_Fuel(%),log_Oxidizer(%),T0/S_H__T,T0/T,training_adj_r2
-1.812587404224669,-0.3959449499880628,-0.1695099026423823,-0.12092078506723515,2.943914923803696,10.04608253472075,0.9814829182476906
-1.812587404224669,-0.3959449499880628,-0.1695099026423823,-0.12092078506723515,2.943914923803696,10.04608253472075,0.9814829182476906
-1.812587404224669,-0.3959449499880628,-0.1695099026423823,-0.12092078506723515,2.943914923803696,10.04608253472075,0.9814829182476906
-1.812587404224669,-0.3959449499880628,-0.1695099026423823,-0.12092078506723514,2.943914923803696,10.04608253472075,0.9814829182476906
