features,VIF Factor
fixed_acidity,9.401476435169043
volatile_acidity,6.541680314444154
citric_acid,8.162394094533674
residual_sugar,34.4485277533706
chlorides,2.6068496609416534
free_sulfur_dioxide,3.370005830696698
total_sulfur_dioxide,3.5365787432276354
density,62.98066647066222
pH,10.635648735051033
sulphates,2.623495668892229
alcohol,17.785000484920282
