features,VIF Factor
fixed_acidity,4.023147737851614
volatile_acidity,1.5760146987640882
citric_acid,1.3496684478771581
residual_sugar,12.198437776397656
chlorides,1.7915864446018037
free_sulfur_dioxide,3.145859365893189
total_sulfur_dioxide,4.5185900748533925
density,25.71203312995662
pH,3.550048793701628
sulphates,1.6506366446776886
alcohol,7.7919152041633595
