features,VIF Factor
fixed_acidity,3.380369995456179
volatile_acidity,1.1908333801304207
citric_acid,1.3591133167381801
residual_sugar,10.914451310734163
chlorides,1.2947944819544228
free_sulfur_dioxide,2.2386489789100716
total_sulfur_dioxide,2.7641096571792967
density,21.789215478916695
pH,2.808579971612523
sulphates,1.3360163436746477
alcohol,6.095990006647923
