features,VIF Factor
fixed_acidity,3.2400502423404287
volatile_acidity,1.1337207539425695
citric_acid,1.2023206118748486
residual_sugar,15.91007293269692
chlorides,1.179890881296415
free_sulfur_dioxide,2.0354254064772794
total_sulfur_dioxide,2.5535626229341655
density,39.50619220891634
pH,2.5402943842053425
sulphates,1.1686344595614182
alcohol,11.12513444413697
