features,VIF Factor
fixed_acidity,3.6676890709766834
volatile_acidity,1.2419121366720542
citric_acid,1.2619542275523878
residual_sugar,17.768342088143662
chlorides,1.2163079777533474
free_sulfur_dioxide,1.7954160728071733
total_sulfur_dioxide,2.180052769814809
density,46.39092091869131
pH,3.1484415803899197
sulphates,1.2061512508373693
alcohol,15.238958806799022
