features,VIF Factor
fixed_acidity,2.871718961670222
volatile_acidity,1.449214060478438
citric_acid,1.9199441812280922
residual_sugar,8.653037724530941
chlorides,1.4599699092737468
free_sulfur_dioxide,2.4438469380869363
total_sulfur_dioxide,2.6075362577597434
density,15.056475548182267
pH,2.903260531006488
sulphates,1.4051454673346102
alcohol,4.438427682303939
