features,VIF Factor
fixed_acidity,2.698728672734206
volatile_acidity,4.763241350943042
citric_acid,2.45085372216734
residual_sugar,68.30521996520612
chlorides,10.62168240269466
free_sulfur_dioxide,2.6078811196014433
total_sulfur_dioxide,3.657632364935015
density,90.25858929484434
pH,5.609809785097748
sulphates,3.3405903292750074
alcohol,9.600457503261184
