features,VIF Factor
fixed_acidity,1.9357036832358123
volatile_acidity,1.5892347242244198
citric_acid,1.2987449686502235
residual_sugar,16.105462315319123
chlorides,1.7929722321865789
free_sulfur_dioxide,1.496195851753622
total_sulfur_dioxide,2.1509450434103776
density,21.82323510460531
pH,2.6125277583363062
sulphates,1.2328782128624454
alcohol,4.541484096532262
