features,VIF Factor
fixed_acidity,2.218587090640603
volatile_acidity,1.2275552398109397
citric_acid,1.1709487666097735
residual_sugar,11.159215716641748
chlorides,1.3453403636686605
free_sulfur_dioxide,1.6159283746746458
total_sulfur_dioxide,2.0900220141098917
density,21.563307495020897
pH,2.1893695405659637
sulphates,1.1379469674724525
alcohol,5.939314124751213
