features,VIF Factor
fixed_acidity,2.7916415876232645
volatile_acidity,1.326119264377244
citric_acid,1.3382841353322927
residual_sugar,11.035418664593106
chlorides,1.244253502765297
free_sulfur_dioxide,2.1281240354845425
total_sulfur_dioxide,2.6891077125035743
density,33.12894088185223
pH,2.427383459007734
sulphates,1.2357380978151629
alcohol,12.903854660315377
