features,VIF Factor
log_P(atm),5.503193230002894
log_Fuel(%),28.78144699555709
log_Oxidizer(%),19.772219623736813
T0/S_H__T,7.7790048191592
T0/T,7.496667022824991
