features,VIF Factor
log_P(atm),4.291239423238972
log_Fuel(%),52.01936486765339
log_Oxidizer(%),64.66588647083668
T0/S_H__T,9.798617590002841
T0/T,4.051277856392052
