features,VIF Factor
log_P(atm),2.744603250016966
log_Fuel(%),12.918000839799344
log_Oxidizer(%),12.708971482461981
T0/S_H__T,2.3102878242530367
T0/T,3.718851580757838
