features,VIF Factor
log_P(atm),3.7631667890253415
log_Fuel(%),19.59210127683479
log_Oxidizer(%),17.106936745423106
T0/S_H__T,3.834776396159133
T0/T,6.119842796309673
