features,VIF Factor
len,85.35917819581717
dia,110.4512341511075
hei,6.87117704347517
w_wei,26.344797507675366
s_wei,32.61212219924722
v_wei,25.125428056757464
sh_wei,6.1592110643243085
