features,VIF Factor
len,39.759791906722825
dia,40.670652835201835
hei,3.405550211657494
w_wei,104.88662612179655
s_wei,27.316735146690483
v_wei,17.1321759790984
sh_wei,20.427481502456452
