features,VIF Factor
len,40.45188649510012
dia,42.08715076595862
hei,6.046984534742337
w_wei,108.86414307528744
s_wei,28.369452698420616
v_wei,17.38873624455098
sh_wei,21.14375270459791
