features,VIF Factor
len,93.99498274621708
dia,99.68972672188399
hei,1.2866047123711664
w_wei,181.66389466577635
s_wei,81.07822353292008
v_wei,11.652231813999094
sh_wei,38.523271512375864
