features,VIF Factor
female,1.9383376157474934
male,1.8305055888659996
len,39.896354564979546
dia,41.10050509983817
hei,3.4261390197950874
w_wei,105.04007034119967
s_wei,27.488990811900692
v_wei,17.24625839388844
sh_wei,20.429942291609834
