features,VIF Factor
len,36.22041933889655
dia,38.24859348633282
hei,6.009032092626921
w_wei,100.11682764547864
s_wei,34.301229387915996
v_wei,20.89419626411368
sh_wei,20.13182307878433
