features,VIF Factor
len,37.810094749559454
dia,38.175113158684155
hei,5.23114206289352
w_wei,109.61209430266851
s_wei,29.38078693713409
v_wei,16.654208547630727
sh_wei,18.13074906323447
