features,VIF Factor
len,31.84724039140013
dia,29.58092212101099
hei,4.186526258182687
w_wei,57.170312322972656
s_wei,15.395688821657554
v_wei,10.647956892998609
sh_wei,16.13362863653979
