features,VIF Factor
len,41.810844605624865
dia,43.03662846950581
hei,7.869908236187235
w_wei,166.08058728013336
s_wei,42.85338235274826
v_wei,20.992915978365065
sh_wei,30.847238011335108
