Constant,fixed_acidity,volatile_acidity,citric_acid,residual_sugar,chlorides,free_sulfur_dioxide,total_sulfur_dioxide,density,pH,sulphates,alcohol,training_adj_r2
128.50643659386657,-0.11659219333122871,-0.19824633981681164,0.03892034904497388,0.06817178704256965,-6.904799850020182e-05,-0.020623503513500348,0.04353172653274277,-12.55389415820453,0.03166195583210876,0.04177096086627356,0.10191413342544253,0.4271492150947832
