Constant,fixed_acidity,volatile_acidity,citric_acid,residual_sugar,chlorides,free_sulfur_dioxide,total_sulfur_dioxide,density,pH,sulphates,alcohol,training_adj_r2
-135.33573819682596,-0.3133506597324196,-0.24740775227103434,-0.06619293406086019,-0.051414925142432066,0.03111488594598342,-0.010256550992988153,-0.12289609288788728,14.46347049160127,-2.0499974912806533,0.02924775266680421,0.46063320570904687,0.5239637975117875
