features,VIF Factor
fixed_acidity,3.323376942112304
volatile_acidity,1.1842775424911685
citric_acid,1.1838362646419245
residual_sugar,15.195276512572628
chlorides,1.3887187248990267
free_sulfur_dioxide,1.6026241298897186
total_sulfur_dioxide,2.468721971446107
density,41.62897738595537
pH,2.7064881302167616
sulphates,1.1717795937761277
alcohol,13.169795235431115
