features,VIF Factor
fixed_acidity,1.8865151081578455
volatile_acidity,1.8758730951465683
citric_acid,1.3837374945825078
residual_sugar,18.40674405704797
chlorides,1.8029592382939732
free_sulfur_dioxide,1.66030437221626
total_sulfur_dioxide,1.9752757058995563
density,24.056820669990525
pH,2.4959647445624653
sulphates,1.3398229311487022
alcohol,3.80995291216132
