features,VIF Factor
fixed_acidity,3.495678839255422
volatile_acidity,1.1294956869692954
citric_acid,1.1794572246644284
residual_sugar,21.420644014540276
chlorides,1.1811424589887387
free_sulfur_dioxide,1.9948380048821455
total_sulfur_dioxide,2.434639314281486
density,51.708974921329784
pH,2.718428229541727
sulphates,1.155924692314404
alcohol,12.553332996189406
