features,VIF Factor
fixed_acidity,3.0167849279919667
volatile_acidity,2.714004025607786
citric_acid,1.538245598377472
residual_sugar,20.07777845518589
chlorides,2.527379819617342
free_sulfur_dioxide,5.127626526414157
total_sulfur_dioxide,6.68271294077273
density,36.33807378679566
pH,2.9295010534641195
sulphates,1.9086736490717573
alcohol,8.45499173169531
