features,VIF Factor
fixed_acidity,3.2640598300889834
volatile_acidity,1.1383563123225002
citric_acid,1.1464810039075624
residual_sugar,15.24932956397964
chlorides,1.2463365328304774
free_sulfur_dioxide,1.7611188317892341
total_sulfur_dioxide,2.223460849540705
density,39.56677233657933
pH,2.446815364387383
sulphates,1.1843356157688143
alcohol,11.920609292974957
