features,VIF Factor
fixed_acidity,3.1752225538842858
volatile_acidity,1.1413675338972378
citric_acid,1.165713440684295
residual_sugar,15.249462897556556
chlorides,1.2640276718144243
free_sulfur_dioxide,1.7599548929109712
total_sulfur_dioxide,2.156823071865883
density,37.16549304509256
pH,2.4651201813046684
sulphates,1.1972565187974424
alcohol,10.35846977951353
