features,VIF Factor
len,41.31376260441141
dia,44.65063944303351
hei,2.5728761350745417
w_wei,120.73516715787996
s_wei,35.63426868158449
v_wei,19.652451292921356
sh_wei,24.124092182042677
