features,VIF Factor
len,44.911811028917676
dia,42.60860219646491
hei,5.616600834565839
w_wei,148.50478772558796
s_wei,37.58949278982444
v_wei,19.036244504730483
sh_wei,26.740019129397343
