,y_predicted,y_actual,Relative Error
3,7.158342113732659,7.498315870766981,0.04534001539729041
39,6.136520694638859,6.186208623900494,0.008032048752714937
300,5.996584668901232,6.089044875446846,0.015184681413409548
