,y_predicted,y_actual,Relative Error
357,6.895548410078203,6.825460036255307,0.010268666646731895
381,7.3480978758620905,7.358193752733032,0.0013720591235032293
15,6.543158827734755,6.525029657843462,0.002778404212998601
310,7.779802280530902,7.5485559791698735,0.03063450837473404
