,y_predicted,y_actual,Relative Error
193,24.936671981464986,23.1,0.07950960958722877
288,40.17168637369764,37.2,0.0798840423036999
46,23.51657107383481,23.0,0.02245961190586135
106,15.241892878282398,18.2,0.16253335833613194
272,51.011505689144315,46.0,0.10894577585096336
418,34.54957026408293,34.9,0.010040966645188191
189,44.263951449543704,50.0,0.11472097100912591
