features,VIF Factor
log_P(atm),4.371404217879279
log_Fuel(%),18.093824325695675
log_Oxidizer(%),14.972510482940864
T0/S_H__T,2.4718235286555728
T0/T,6.2687636594824365
