,y_predicted,y_actual,Relative Error
0,4.958464549569328,5,0.008307090086134394
1,4.89172602450904,5,0.021654795098191924
2,5.148635268829963,6,0.1418941218616728
3,4.999705186429196,5,5.8962714160770704e-05
4,3.238697366546584,4,0.19032565836335402
