,y_predicted,y_actual,Relative Error
0,4.283750090868686,4,0.07093752271717157
1,3.6051789690210185,4,0.09870525774474537
2,3.97510529462906,7,0.4321278150529914
3,4.053482508065635,6,0.3244195819890609
4,3.7799802129775633,6,0.3700032978370728
5,3.9751052946290777,7,0.4321278150529889
6,3.931425809994085,4,0.01714354750147873
