,y_predicted,y_actual,Relative Error
0,8.001230026425837,8,0.0001537533032296423
1,8.09508924915243,6,0.349181541525405
2,7.325636344494804,5,0.4651272688989607
3,7.325636344494804,5,0.4651272688989607
4,8.050436451286402,8,0.006304556410800188
5,7.981864760090858,8,0.0022669049886427928
