,y_predicted,y_actual,Relative Error
0,6.989357474605214,7,0.0015203607706837374
1,7.553502967477783,7,0.07907185249682616
2,6.945608923249665,7,0.007770153821476404
3,6.916820255227293,7,0.011882820681815278
