features,VIF Factor
log_P(atm),2.1356282125028625
log_Fuel(%),5.277157588202898
log_Oxidizer(%),5.842291672340843
T0/S_H__T,2.0298274308502235
T0/T,2.8874932073478217
