features,VIF Factor
log_P(atm),4.234159391378211
log_Fuel(%),19.03747581232192
log_Oxidizer(%),16.84353824692732
T0/S_H__T,2.594926071050578
T0/T,5.630780669673836
