features,VIF Factor
log_P(atm),4.324339794640588
log_Fuel(%),19.799851382329404
log_Oxidizer(%),17.311615581958936
T0/S_H__T,2.9967366331993657
T0/T,5.973338092849213
