features,VIF Factor
log_P(atm),1.7173190785319674
log_Fuel(%),13.854513743665066
log_Oxidizer(%),16.245636235245836
T0/S_H__T,2.499105155994091
T0/T,4.619220985692569
