,Constant,len,dia,hei,w_wei,s_wei,v_wei,sh_wei,Class,Time(μs)_actual,Time(μs)_predicted
55,1.0,0.625,0.49,0.165,1.1835,0.517,0.2375,0.39,22,11,7.722918366248008
86,1.0,0.43,0.34,0.11,0.3645,0.159,0.0855,0.105,22,7,5.388510573674099
175,1.0,0.32,0.225,0.085,0.1415,0.0675,0.0295,0.0405,22,6,4.0005081704577625
268,1.0,0.5,0.395,0.145,0.7865,0.332,0.1815,0.2455,22,8,6.437530300820517
384,1.0,0.655,0.515,0.155,1.3090000000000002,0.524,0.34600000000000003,0.385,22,11,8.125427793192996
