,Constant,len,dia,hei,w_wei,s_wei,v_wei,sh_wei,Class,Time(μs)_actual,Time(μs)_predicted
11,1.0,0.305,0.23,0.08,0.156,0.0675,0.0345,0.048,18,7,4.954523850858383
57,1.0,0.235,0.16,0.04,0.048,0.0185,0.018000000000000002,0.015,18,5,3.9555859246454457
163,1.0,0.375,0.29,0.095,0.213,0.096,0.041,0.061,18,5,5.760794379310621
186,1.0,0.225,0.16,0.045,0.0465,0.025,0.015,0.015,18,4,3.8566192791573277
198,1.0,0.36,0.25,0.115,0.465,0.21,0.1055,0.128,18,7,5.236530458173999
338,1.0,0.4,0.29,0.1,0.258,0.104,0.059,0.0815,18,7,6.022388096216777
342,1.0,0.235,0.16,0.06,0.0545,0.0265,0.0095,0.015,18,4,3.959851507509863
