,y_predicted,y_actual,Relative Error
0,5.494847610643142,6.4967749901858625,0.15421919045314766
1,5.416820634905581,5.655991810819852,0.04228633702346235
2,4.082614551229915,3.8918202981106265,0.0490244252058384
3,5.558528512742315,5.537334267018537,0.0038275178455481245
4,5.09604846516297,5.19295685089021,0.018661504131432884
5,5.36524661889364,5.003946305945459,0.07220307550440752
6,5.884199364940958,7.237778191923443,0.187015792842744
