,y_predicted,y_actual,Relative Error
0,4.5841663019869925,4.875197323201151,0.059696254719606295
1,3.875675790159106,4.820281565605037,0.19596485445707884
