,y_predicted,y_actual,Relative Error
0,7.589214590318412,7.266827347520591,0.044364235914840885
1,7.356463924689404,7.358193752733032,0.00023508867824877783
2,7.183875297845938,7.088408778675395,0.01346797598041218
