,y_predicted,y_actual,Relative Error
3319,3.974780305669171,4,0.006304923582707289
1257,3.409411134847943,4,0.14764721628801425
494,3.7706826650387484,4,0.057329333740312904
755,4.453766014257354,4,0.11344150356433857
2178,3.9251731799119596,4,0.018706705022010106
3076,3.531182652239493,4,0.11720433694012677
3997,3.6770956141076128,3,0.22569853803587092
