,y_predicted,y_actual,Relative Error
1241,8.619624371059889,8.0,0.07745304638248607
2846,6.555418964231489,7.0,0.06351157653835873
3313,3.422387270137188,3.0,0.14079575671239594
908,8.040770825587732,8.0,0.005096353198466463
3008,9.954752920600733,10.0,0.004524707939926742
500,5.984790781657981,6.0,0.002534869723669786
