,y_predicted,y_actual,Relative Error
0,6.907747263692228,6.927557906278317,0.0028596863215152447
