,y_predicted,y_actual,Relative Error
294,4.9423077660771835,5.003946305945459,0.012317985865483737
2,7.330107336118928,6.320768294250582,0.15968613226756756
252,5.349300782455625,5.4510384535657,0.018663906332109095
117,6.590574750980721,6.298949246855942,0.046297484341589354
66,6.866831744257172,6.78105762593618,0.01264907674474306
276,4.897469179299799,5.017279836814924,0.02387960436968243
57,6.4089855921084355,5.723585101952381,0.1197502051506593
88,4.562639225640948,4.382026634673881,0.04121668032273563
8,4.453679220371098,3.58351893845611,0.2428228500697921
