,y_predicted,y_actual,Relative Error
97,7.438035946035896,7.661997558901893,0.02923018588093821
0,6.685936988992949,6.672032945461067,0.0020839290881110176
67,7.2392502141585835,7.3727463664043285,0.018106706186727366
98,7.367558408649131,7.392647520721623,0.0033937925489031097
54,7.066071649098823,7.090076835776092,0.0033857442215774495
89,7.63806817860246,7.732369222284388,0.012195620898463579
29,6.140964540452455,5.998936561946683,0.023675525993507647
248,5.2661213137868215,5.332718793265369,0.01248846640153847
