,y_predicted,y_actual,Relative Error
106,4.332678209828131,4.564348191467836,0.050756421710501154
3,4.878333210870809,5.327876168789581,0.08437563931237198
225,4.736870664643543,5.093750200806762,0.07006223746635558
12,4.792633502942905,4.969813299576001,0.03565119773175628
254,4.432081772717613,4.59511985013459,0.03548070186073639
89,4.849602545502691,5.43372200355424,0.10749895884799993
24,4.9164224362213185,5.030437921392435,0.022665121198743886
