,y_predicted,y_actual,Relative Error
511,3.5666087066082244,3.58351893845611,0.0047188900458751265
548,7.002844835099811,6.695798917058491,0.045856502240393913
