features,VIF Factor
len,50.14797700480443
dia,47.361303398867804
hei,3.863523699468374
w_wei,29.34377385281377
s_wei,6.493969699670316
v_wei,13.272373299110964
sh_wei,10.601102599818057
