features,VIF Factor
len,33.843864568705335
dia,35.767427928976744
hei,4.259039454748843
w_wei,44.808339099256806
s_wei,11.238437101766413
v_wei,10.282298757910782
sh_wei,12.609257267879794
