features,VIF Factor
len,51.96396371786847
dia,56.951229693159064
hei,7.649008391221729
w_wei,198.77236949900453
s_wei,44.10579529688382
v_wei,23.547069858618016
sh_wei,48.446867063025046
