features,VIF Factor
len,16.618134520743652
dia,28.095788507639305
hei,15.18184059639215
w_wei,104.85299576745987
s_wei,35.021743030108155
v_wei,28.51321753044647
sh_wei,42.293271208077144
