,y_predicted,y_actual,Relative Error
0,10.299356319498592,16.5,0.375796586697055
1,11.997404548253062,15.4,0.22094775660694405
2,15.953254608714309,19.3,0.17340649695780788
3,1.1561742612963002,17.9,0.9354092591454581
4,11.642416938913097,19.9,0.4149539226676835
5,15.666855291980267,18.9,0.17106585756718154
6,17.69484245758383,18.9,0.06376494933418873
7,8.492005752950654,17.8,0.5229210251151318
8,5.216930152008521,7.2,0.27542636777659435
