,y_predicted,y_actual,Relative Error
0,49.436465598169924,50.0,0.011270688036601513
