,y_predicted,y_actual,Relative Error
0,15.694454539059466,14.3,0.09751430343073182
1,17.244440353447544,17.3,0.00321154026314778
2,17.7940410502974,18.6,0.04333112632809694
