,y_predicted,y_actual,Relative Error
1181,5.993380000446404,6,0.0011033332589326743
2472,6.0189736808558045,6,0.0031622801426340885
