features,VIF Factor
len,33.63206036869482
dia,30.145558826171666
hei,4.1270731276301635
w_wei,41.534145480766725
s_wei,8.368772026080949
v_wei,12.303254913346237
sh_wei,14.109984337414822
