,Constant,fixed_acidity,volatile_acidity,citric_acid,residual_sugar,chlorides,free_sulfur_dioxide,total_sulfur_dioxide,density,pH,sulphates,alcohol
159,1.0,7.9,0.33,0.28,31.6,0.053,35.0,176.0,1.0103,3.15,0.38,8.8
834,1.0,7.1,0.13,0.29,15.5,0.064,56.0,115.5,0.99737,3.16,0.41,9.7
1553,1.0,8.0,0.36,0.43,10.1,0.053,29.0,146.0,0.9982,3.4,0.46,9.5
1658,1.0,7.9,0.33,0.28,31.6,0.053,35.0,176.0,1.0103,3.15,0.38,8.8
1849,1.0,6.8,0.27,0.28,13.3,0.076,50.0,163.0,0.9979,3.03,0.38,8.6
3112,1.0,8.3,0.3,0.36,10.0,0.042,33.0,169.0,0.9982,3.23,0.51,9.3
3845,1.0,9.2,0.34,0.54,17.3,0.06,46.0,235.0,1.0018200000000002,3.08,0.61,8.8
4138,1.0,8.3,0.3,0.36,10.0,0.042,33.0,169.0,0.9982,3.23,0.51,9.3
