Constant,fixed_acidity,volatile_acidity,citric_acid,residual_sugar,chlorides,free_sulfur_dioxide,total_sulfur_dioxide,density,pH,sulphates,alcohol,training_adj_r2
-24.540168085047014,-0.14625020129403055,-0.13096935242000518,0.01876975043072704,0.004500410509735958,-0.006344226877914548,-0.0212334833468152,-0.06394321300333561,2.9742406062118523,-0.31757417332871535,0.02363437723683181,0.11944245688480215,0.10505920835438687
