Constant,fixed_acidity,volatile_acidity,citric_acid,residual_sugar,chlorides,free_sulfur_dioxide,total_sulfur_dioxide,density,pH,sulphates,alcohol,training_adj_r2
144.1098504484086,-0.017904939176719054,-0.20146426231562628,0.0016360493030056949,0.07875008028770866,-0.010927580287999497,-0.0006409718132881414,0.14722223455358205,-14.213191640087707,0.2539865290493414,0.06314682352073164,0.09583397787422283,0.4101613869009101
