features,VIF Factor
log_P(atm),2.3157098802359464
log_Fuel(%),7.666227698360815
log_Oxidizer(%),7.762852258922329
T0/S_H__T,2.138913079352518
T0/T,3.15778391402811
