features,VIF Factor
log_P(atm),1.6551667679030326
log_Fuel(%),9.452380582871598
log_Oxidizer(%),10.9584355969748
T0/S_H__T,2.4771894526885765
T0/T,3.292927602004729
