features,VIF Factor
log_P(atm),4.864870851508645
log_Fuel(%),16.565092228688894
log_Oxidizer(%),11.718119465065685
T0/S_H__T,3.250216710975019
T0/T,5.59598852362514
