features,VIF Factor
log_P(atm),1.7198615162215436
log_Fuel(%),8.556130544291563
log_Oxidizer(%),9.777968919526723
T0/S_H__T,2.381710535803337
T0/T,3.3815468723490203
