features,VIF Factor
log_P(atm),7.465307997157565
log_Fuel(%),150.17875769257785
log_Oxidizer(%),92.11148003927522
T0/S_H__T,6.375979358291055
T0/T,16.475326171946058
