features,VIF Factor
log_P(atm),2.3729361321476268
log_Fuel(%),5.728073510409699
log_Oxidizer(%),6.527836889426864
T0/S_H__T,2.0625030320540523
T0/T,3.466782939258212
