features,VIF Factor
log_P(atm),4.935756280775054
log_Fuel(%),17.098594983811992
log_Oxidizer(%),16.84471957362373
T0/S_H__T,2.473074023172733
T0/T,7.490317645431128
