features,VIF Factor
log_P(atm),4.186633338201727
log_Fuel(%),17.419106565862094
log_Oxidizer(%),15.199956170654474
T0/S_H__T,2.479539850893563
T0/T,5.6798169173539605
