features,VIF Factor
log_P(atm),2.224483693925612
log_Fuel(%),5.9158817322935935
log_Oxidizer(%),6.768557682132951
T0/S_H__T,2.156555969903546
T0/T,3.1063954556926086
