,y_predicted,y_actual,Relative Error
290,4.26243058840466,4.248495242049359,0.003280066367351957
167,3.894324385492863,4.02535169073515,0.032550523608623386
4,4.394662292982623,4.356708826689592,0.008711499391587815
