,y_predicted,y_actual,Relative Error
151,6.490378368511454,6.4967749901858625,0.000984584148915625
98,5.241288133976129,5.241747015059643,8.754353886126117e-05
45,5.760747972156474,5.638354669333745,0.021707272777359888
152,6.742392157663966,6.895682697747868,0.02222992947949402
7,5.810879908234288,5.814130531825066,0.0005590902324922809
