,y_predicted,y_actual,Relative Error
344,13.690459906961197,14.1,0.02904539666941866
164,5.7236850263571295,5.0,0.1447370052714259
