features,VIF Factor
log_P(atm),4.289400953324373
log_Fuel(%),18.974397829062976
log_Oxidizer(%),16.85999991843813
T0/S_H__T,2.4083792971535813
T0/T,6.1732940482586995
