,y_predicted,y_actual,Relative Error
314,4.786406338046417,4.912654885736052,0.025698639661458692
306,5.2591417886179785,4.875197323201151,0.07875465134295771
3,4.6529239486933704,4.382026634673881,0.06182009754937282
256,4.945064229860455,5.0238805208462765,0.015688329103126286
53,4.824101748528184,4.7535901911063645,0.014833326935448029
230,4.9746476082950934,5.087596335232384,0.022200803580878253
132,4.845353849749167,4.736198448394496,0.023047049768717725
