,y_predicted,y_actual,Relative Error
3,5.072949892257243,5.327876168789581,0.047847635428481486
17,4.614729159892752,4.820281565605037,0.04264323627461881
214,5.755390432412126,5.537334267018537,0.03937926714888338
254,4.618831624452791,4.59511985013459,0.005160208023193702
60,4.626375668381078,4.736198448394496,0.023187959966214273
318,3.9051061049892,3.828641396489095,0.019971760366542513
