,y_predicted,y_actual,Relative Error
290,5.34516556217692,5.135798437050262,0.04076622704198404
1,6.176376185964566,6.163314804034641,0.0021192138232780672
239,4.947094607558359,5.062595033026967,0.022814470585759885
78,6.310800981554261,6.345636360828596,0.005489658923630169
46,7.62686432783998,7.845807502637805,0.027905754088946817
309,5.666743641693855,5.58724865840025,0.014227930087573067
42,5.890487038024761,6.133398042996649,0.039604637310186055
65,6.383105834335973,6.522092798170152,0.021310178823762387
15,6.123118781856746,5.877735781779639,0.04174787863683308
