,y_predicted,y_actual,Relative Error
3771,3.969217380735703,4,0.00769565481607426
1817,4.0326515568584425,4,0.008162889214610614
