,y_predicted,y_actual,Relative Error
215,3.7585456777435855,3.7612001156935624,0.0007057422812738077
84,6.857809080334667,6.695798917058491,0.024195792807252977
