Constant,fixed_acidity,volatile_acidity,citric_acid,residual_sugar,chlorides,free_sulfur_dioxide,total_sulfur_dioxide,density,pH,sulphates,alcohol,training_adj_r2
138.62665744560852,0.08854939237662703,-0.202896861938576,-0.011934876554805691,0.0815579995936914,0.00528879799119695,0.02153048958356267,0.04574980046286779,-13.871506183462056,0.6061579112065385,0.05972637967973579,0.24933434120404277,0.9830600802603129
