Constant,fixed_acidity,volatile_acidity,citric_acid,residual_sugar,chlorides,free_sulfur_dioxide,total_sulfur_dioxide,density,pH,sulphates,alcohol,training_adj_r2
163.6626491218187,0.014318050454404374,-0.16509484603622568,0.024070437456196803,0.0797756284391741,0.0033433984588268455,0.024410267210652523,0.08894033262603267,-16.25333598388921,0.2573723068335284,0.06102177675987633,0.1394011495014021,0.48693301395719435
