Constant,fixed_acidity,volatile_acidity,citric_acid,residual_sugar,chlorides,free_sulfur_dioxide,total_sulfur_dioxide,density,pH,sulphates,alcohol,training_adj_r2
231.43229030679896,-0.020271169744803454,-0.17839586278140668,0.0371081710884768,0.10292212509098536,-0.0016339493380443792,-0.01646987463478204,0.12565781318385286,-23.049848309386427,0.3855452886636358,0.09501006681754742,0.0206668722387209,0.4547910558855014
