,T0/S_H__T,T0/T,log_Fuel(%),log_Oxidizer(%),log_P(atm)
0,0.07003564119303385,0.7435013397632653,-1.9694021498815095,0.8605314060784954,1.1856682800304987
