,y_predicted,y_actual,Relative Error
323,7.194662558397591,7.227662498728654,0.004565783244149502
359,5.082653868914476,5.442417710521793,0.06610368052268167
2,4.819783119344144,4.969813299576001,0.030188293038021553
266,4.890876805951371,5.087596335232384,0.03866649716658922
