,y_predicted,y_actual,Relative Error
198,4.55230595478802,4.605170185988092,0.011479321950124494
0,5.627410661768023,5.877735781779639,0.04258869899997842
395,5.146988257911126,5.19295685089021,0.008852103781914632
14,5.694778625292994,5.438079308923196,0.04720404057892044
416,4.700286262493677,4.820281565605037,0.024893836901060493
189,4.737966724995125,4.941642422609304,0.04121619498050061
85,5.401461213317138,5.560681631015528,0.028633255464638453
