features,VIF Factor
log_P(atm),2.5982778382277267
log_Fuel(%),2.827138212395883
log_Oxidizer(%),4.751030186238119
T0/S_H__T,1.9509014614745535
T0/T,4.339006939850504
