features,VIF Factor
log_P(atm),1.8015892361702581
log_Fuel(%),9.708300856535985
log_Oxidizer(%),10.788226823364523
T0/S_H__T,2.33887898808478
T0/T,2.399996647870792
