features,VIF Factor
log_P(atm),1.8377500643983788
log_Fuel(%),10.62561753192287
log_Oxidizer(%),11.45450921221006
T0/S_H__T,2.809478982569384
log_T0/T,2.9451021984121617
