features,VIF Factor
log_P(atm),3.265707021720764
log_Fuel(%),64.76049248773336
log_Oxidizer(%),48.338772429570014
T0/S_H__T,4.6663697099834165
log_T0/T,6.370430529791527
