features,VIF Factor
log_P(atm),1.5274590743101608
log_Fuel(%),7.328017471661976
log_Oxidizer(%),7.299612025535498
T0/S_H__T,2.341918541667543
T0/T,2.3031886613230568
