features,VIF Factor
log_P(atm),24.7691985381251
log_Fuel(%),84.21940151998645
log_Oxidizer(%),74.95333122507441
T0/S_H__T,6.262076162213779
log_T0/T,53.281865636429835
