features,VIF Factor
log_P(atm),2.1123372804140135
log_Fuel(%),5.87036938468798
log_Oxidizer(%),2.845195971046423
T0/S_H__T,7.854382037300252
T0/T,2.990874582362771
