features,VIF Factor
log_P(atm),1.7564591569292896
log_Fuel(%),4.256402726335967
log_Oxidizer(%),3.1429720578211446
T0/S_H__T,2.468541707006748
log_T0/T,2.6915098008507994
