features,VIF Factor
log_P(atm),6.5893739807087535
log_Fuel(%),28.307474543766396
log_Oxidizer(%),26.761745675176385
T0/S_H__T,3.7635773680993827
T0/T,8.87104758346839
