features,VIF Factor
log_P(atm),4.026812758699729
log_Fuel(%),34.55132886390823
log_Oxidizer(%),19.393180596065992
T0/S_H__T,7.695756260887568
T0/T,3.615761227084902
