features,VIF Factor
log_P(atm),5.622815934411818
log_Fuel(%),26.997054634380692
log_Oxidizer(%),26.31037585860234
T0/S_H__T,3.7166842850704
T0/T,7.39112063316418
