features,VIF Factor
log_P(atm),6.183533283740234
log_Fuel(%),4.913522685610407
log_Oxidizer(%),2.258889645663317
T0/S_H__T,2.5228443457226586
T0/T,7.094930675729808
