features,VIF Factor
log_P(atm),2.0652383784721753
log_Fuel(%),15.834553273391387
log_Oxidizer(%),16.34131427373134
T0/S_H__T,3.8175319947243302
T0/T,3.4702017668156033
