features,VIF Factor
log_P(atm),2.6079867458527843
log_Fuel(%),3.345184163211233
log_Oxidizer(%),4.892742457285721
T0/S_H__T,1.8941047357808505
T0/T,3.1533725814839677
