features,VIF Factor
log_P(atm),69.43117771108518
log_Fuel(%),1504.4638106100128
log_Oxidizer(%),627.2970366738917
T0/S_H__T,86.0855281998419
T0/T,492.43600167945374
