features,VIF Factor
log_P(atm),4.2248622886353635
log_Fuel(%),76.33529162906494
log_Oxidizer(%),37.40610337948964
T0/S_H__T,5.948665708613489
T0/T,12.803167225265398
