,y_predicted,y_actual,Relative Error
0,4.751320145322443,5,0.04973597093551145
1,10.819780172301483,10,0.0819780172301483
2,7.835679035387722,11,0.2876655422374798
3,3.9592556004763146,3,0.3197518668254382
4,4.1163642429601435,5,0.1767271514079713
5,11.020129708742076,9,0.2244588565268973
6,7.082576921924281,9,0.21304700867507986
7,3.8361269691145834,3,0.27870898970486113
8,16.420057487956218,18,0.08777458400243236
