,y_predicted,y_actual,Relative Error
0,18.53508432686141,18,0.02972690704785603
1,13.643569776274184,8,0.705446222034273
2,13.600241873489695,6,1.2667069789149492
3,15.72710978300449,9,0.7474566425560545
4,14.078759326978277,9,0.5643065918864753
5,21.517205659301972,15,0.4344803772867981
6,14.64014707756296,10,0.46401470775629594
7,13.97401322835081,10,0.39740132283508095
8,18.357577005820488,13,0.41212130814003756
9,16.871137622809457,15,0.1247425081872971
