,y_predicted,y_actual,Relative Error
0,5.131585611974238,7,0.26691634114653745
1,4.031976528238464,6,0.328003911960256
