,y_predicted,y_actual,Relative Error
149,6.689729264830955,6.784457062637643,0.013962472889445928
469,8.686734890154625,8.653819788948063,0.0038035343939792567
504,7.444618187501007,7.3727463664043285,0.009748310537872222
120,5.596363973785056,5.634789603169249,0.006819354774591882
490,7.867812704358991,7.855932199718614,0.001512297247270374
112,6.071494038436248,5.918893854273146,0.02578187545176747
