Constant,fixed_acidity,volatile_acidity,citric_acid,residual_sugar,chlorides,free_sulfur_dioxide,total_sulfur_dioxide,density,pH,sulphates,alcohol,training_adj_r2
-12.120458916831467,-0.14863085547698446,-0.11634618735714973,0.02711834209928193,0.007407928510733962,-0.006381330369052253,-0.02536395777753659,-0.05974002040927201,1.761592255234813,-0.3022268640472854,0.046988472910254216,0.06290374065429699,0.1326605476076137
163.6163804071449,-0.006192925739439262,-0.1859584542662484,0.020239185511630592,0.08146921880267702,0.00036957559796974015,0.019792739888154876,0.1060823985877836,-16.234235265230062,0.2742087122076781,0.06675211300400842,0.13100031992947495,0.4853149389035061
163.61638040714695,-0.006192925739430616,-0.1859584542662464,0.020239185511627605,0.08146921880267888,0.0003695755979704063,0.019792739888154345,0.10608239858778226,-16.234235265230268,0.27420871220768755,0.0667521130040114,0.13100031992947533,0.4853149389035073
