Constant,fixed_acidity,volatile_acidity,citric_acid,residual_sugar,chlorides,free_sulfur_dioxide,total_sulfur_dioxide,density,pH,sulphates,alcohol,training_adj_r2
110.22517462973934,0.07165173329833102,-0.2055286771329364,-0.016377263778567408,0.07860321230567636,0.0007285644667147928,0.03656640318512082,-0.044853320860052566,-11.034747025752976,0.6863258282118756,0.060107960503443324,0.2750985007395109,0.987113555811992
110.22517462974048,0.07165173329833607,-0.20552867713293904,-0.01637726377856885,0.07860321230567674,0.0007285644667144042,0.03656640318511836,-0.04485332086005123,-11.034747025753063,0.68632582821189,0.06010796050344161,0.2750985007395096,0.9871135558119899
