Constant,fixed_acidity,volatile_acidity,citric_acid,residual_sugar,chlorides,free_sulfur_dioxide,total_sulfur_dioxide,density,pH,sulphates,alcohol,training_adj_r2
149.40273375847565,-0.01287550983860647,-0.19218119273870998,0.0038378563863763412,0.08017666350786234,-0.01089890619801618,0.005630318161677798,0.1320147035954613,-14.747643655916924,0.2557137665111622,0.06643575573310906,0.08815600900347492,0.40125880073358666
