,y_predicted,y_actual,Relative Error
2713,7.998651127125244,8,0.00016860910934446416
3538,8.292838783046584,8,0.036604847880822966
2635,8.406859196605632,8,0.05085739957570401
