features,VIF Factor
log_P(atm),4.727012514790397
log_Fuel(%),20.729855222826277
log_Oxidizer(%),16.86143617158341
T0/S_H__T,2.6064786670240596
T0/T,6.6311570526861265
