,y_predicted,y_actual,Relative Error
132,7.108782551336768,7.154615356913663,0.006406047465934782
98,5.247490037078119,5.241747015059643,0.001095631285137729
0,6.024796768375985,6.028278520230698,0.0005775698390556964
