features,VIF Factor
log_P(atm),1.7355329742182073
log_Fuel(%),13.324259692852788
log_Oxidizer(%),14.399666226671142
T0/S_H__T,2.768909492346352
T0/T,4.298847725547262
