,y_predicted,y_actual,Relative Error
183,3.887002206015185,3.6109179126442243,0.07645820260942687
70,4.678037315988089,4.795790545596741,0.024553455470812367
16,4.210213445605957,4.465908118654584,0.057254799305109356
