,y_predicted,y_actual,Relative Error
22,4.4958537357686525,4.700480365792417,0.04353313153117865
