features,VIF Factor
log_P(atm),4.022870785976616
log_Fuel(%),21.491934841429966
log_Oxidizer(%),17.69032655279909
T0/S_H__T,2.5622493880580905
T0/T,5.879277772039325
