features,VIF Factor
log_P(atm),15.115065258600987
log_Fuel(%),429.7178524387686
log_Oxidizer(%),231.9298274318611
T0/S_H__T,17.220630755417226
T0/T,73.39281445417082
