features,VIF Factor
log_P(atm),4.018192502150375
log_Fuel(%),21.57968910890996
log_Oxidizer(%),18.246892249799014
T0/S_H__T,2.361825158082538
T0/T,6.075303933764076
