features,VIF Factor
log_P(atm),5.8459666178603635
log_Fuel(%),26.90194968326796
log_Oxidizer(%),23.130351509977547
T0/S_H__T,1.809659486178674
T0/T,8.527738748899486
