features,VIF Factor
log_P(atm),4.638857894469582
log_Fuel(%),22.42837921343474
log_Oxidizer(%),17.87333389436029
T0/S_H__T,2.11442245021156
T0/T,6.71786893403272
