Constant,log_P(atm),log_Fuel(%),log_Oxidizer(%),T0/S_H__T,T0/T,training_adj_r2
4.1836989419918496,-0.3629304646521057,0.6451163029767741,-0.4192917281296111,-3.5032180145160514,3.0272131938235134,
4.1836989419918496,-0.3629304646521057,0.6451163029767741,-0.4192917281296111,-3.5032180145160514,3.0272131938235134,
4.1836989419918496,-0.3629304646521057,0.6451163029767741,-0.4192917281296111,-3.5032180145160514,3.0272131938235134,
4.1836989419918496,-0.36293046465210566,0.6451163029767741,-0.41929172812961113,-3.503218014516051,3.0272131938235134,
