Constant,log_P(atm),log_Fuel(%),log_Oxidizer(%),T0/S_H__T,T0/T,training_adj_r2
-1.6393061210266175,-0.3745874473176205,-0.20841255418961646,-0.08057708902958416,2.8924376123192506,9.662568450486026,0.9919503734398838
-1.6393061210266175,-0.3745874473176205,-0.20841255418961646,-0.08057708902958416,2.8924376123192506,9.662568450486026,0.9919503734398838
-1.6393061210266175,-0.3745874473176205,-0.20841255418961646,-0.08057708902958416,2.8924376123192506,9.662568450486026,0.9919503734398838
-1.6393061210266175,-0.37458744731762045,-0.20841255418961646,-0.08057708902958416,2.8924376123192506,9.662568450486026,0.9919503734398838
