Constant,log_P(atm),log_Fuel(%),log_Oxidizer(%),T0/S_H__T,log_T0/T,training_adj_r2
5.786118015204643,0,0,0,0,3.5431271491259246,0.956871817568224
5.786118015204644,0,0,0,0,3.543127149125925,0.956871817568224
