Constant,log_P(atm),log_Fuel(%),log_Oxidizer(%),T0/S_H__T,T0/T,training_adj_r2
-1.8332683675248038,-0.3830869699170115,-0.2199072532646702,-0.10008064794134076,3.2290764761529447,9.903175676204388,0.9916194002910144
-2.2873737634352658,-0.3803372745122269,-0.2439488092933189,-0.1303481598055931,3.325879271430044,10.880685135139576,0.9976744280420566
-2.2873737634352658,-0.3803372745122269,-0.2439488092933189,-0.1303481598055931,3.3258792714300442,10.880685135139576,0.9976744280420566
-2.2873737634352658,-0.3803372745122269,-0.2439488092933189,-0.1303481598055931,3.325879271430044,10.880685135139576,0.9976744280420566
-2.2873737634352658,-0.38033727451222693,-0.24394880929331886,-0.1303481598055931,3.3258792714300434,10.880685135139576,0.9976744280420566
