Constant,log_P(atm),log_Fuel(%),log_Oxidizer(%),T0/S_H__T,log_T0/T,training_adj_r2
9.265678253851712,-0.4947014970140531,-0.2822177161747369,-0.2094177483029828,3.7206034217353263,10.560857045894316,0.9776803325184892
9.265678253851712,-0.4947014970140531,-0.2822177161747369,-0.2094177483029828,3.7206034217353263,10.560857045894315,0.9776803325184891
