Constant,log_P(atm),log_Fuel(%),log_Oxidizer(%),T0/S_H__T,T0/T,training_adj_r2
-1.805835639374877,-0.4026336075867683,-0.4565913008106142,0.3006228981507002,4.418545237270124,7.48168673583896,0.9919184641938332
-1.805835639374877,-0.4026336075867683,-0.4565913008106142,0.3006228981507002,4.418545237270124,7.48168673583896,0.9919184641938332
-1.805835639374877,-0.4026336075867683,-0.4565913008106142,0.3006228981507002,4.418545237270124,7.48168673583896,0.9919184641938332
-1.8058356393748767,-0.4026336075867683,-0.45659130081061416,0.3006228981507002,4.4185452372701235,7.481686735838961,0.9919184641938331
