Constant,log_P(atm),log_Fuel(%),log_Oxidizer(%),T0/S_H__T,T0/T,training_adj_r2
-1.5567085742582745,-0.4557162504560964,-0.2175002692880164,-0.01379928505461231,3.5402240613154987,9.066712407215736,0.996958779409433
-1.5567085742582745,-0.4557162504560964,-0.2175002692880164,-0.01379928505461231,3.5402240613154987,9.066712407215736,0.996958779409433
-1.5567085742582745,-0.4557162504560964,-0.2175002692880164,-0.01379928505461231,3.5402240613154987,9.066712407215736,0.996958779409433
-1.5567085742582745,-0.45571625045609643,-0.21750026928801636,-0.01379928505461231,3.5402240613154987,9.066712407215736,0.996958779409433
