Constant,log_P(atm),log_Fuel(%),log_Oxidizer(%),T0/S_H__T,T0/T,training_adj_r2
-2.5299772523641337,-0.5186568299456469,-0.2178511862572988,-0.2573652197394805,2.7000624312717987,12.35583746257742,0.9957120680758518
-2.5299772523641337,-0.5186568299456469,-0.2178511862572988,-0.2573652197394805,2.7000624312717987,12.35583746257742,0.9957120680758518
-2.5299772523641337,-0.5186568299456469,-0.2178511862572988,-0.2573652197394805,2.7000624312717987,12.35583746257742,0.9957120680758518
-2.5299772523641337,-0.5186568299456469,-0.21785118625729882,-0.25736521973948046,2.700062431271798,12.35583746257742,0.9957120680758518
