Constant,fixed_acidity,volatile_acidity,citric_acid,residual_sugar,chlorides,free_sulfur_dioxide,total_sulfur_dioxide,density,pH,sulphates,alcohol,training_adj_r2
224.58759213626968,-0.04165957818875421,-0.19803095392965164,0.010475276302722464,0.102726693478176,0.0004634279938856012,0.0037976781065080095,0.1376979711912687,-22.250557251295263,0.02348622683762258,0.10390206132519564,0.04732746009766453,0.9495678073533078
