Constant,fixed_acidity,volatile_acidity,citric_acid,residual_sugar,chlorides,free_sulfur_dioxide,total_sulfur_dioxide,density,pH,sulphates,alcohol,training_adj_r2
117.54197665165846,0.1699263005842869,-0.23162813094756474,-0.03959132214212012,0.0835486763234415,0.013664096369132472,0.03291071694372398,-0.17857338872002712,-11.831492215932983,1.00095704677405,0.01214187305955615,0.31696842423366867,0.9002269871935006
