Constant,fixed_acidity,volatile_acidity,citric_acid,residual_sugar,chlorides,free_sulfur_dioxide,total_sulfur_dioxide,density,pH,sulphates,alcohol,training_adj_r2
-31.07075636565196,-0.2034226123963747,-0.09774072223252464,-0.04854004736392267,-0.020797063368625524,0.013945901524290594,-0.010193071524739288,-0.19950976211060106,3.8759988804589227,-0.9050477545436384,0.05338165923181146,0.1107134297801331,0.8847029410047613
