,Constant,len,dia,hei,w_wei,s_wei,v_wei,sh_wei,Class,Time(μs)_actual,Time(μs)_predicted
57,1.0,0.235,0.16,0.04,0.048,0.0185,0.018000000000000002,0.015,13,5,4.751320145322443
83,1.0,0.625,0.475,0.175,1.1435,0.4755,0.2475,0.349,13,10,10.819780172301483
133,1.0,0.44,0.31,0.115,0.3625,0.134,0.08199999999999999,0.12,13,11,7.835679035387722
144,1.0,0.13,0.1,0.03,0.013,0.0045,0.003,0.004,13,3,3.9592556004763146
201,1.0,0.155,0.115,0.025,0.024,0.009000000000000001,0.005,0.0075,13,5,4.1163642429601435
265,1.0,0.625,0.485,0.2,1.38,0.5845,0.302,0.401,13,9,11.020129708742076
316,1.0,0.35,0.265,0.11,0.209,0.066,0.059,0.075,13,9,7.082576921924281
370,1.0,0.11,0.09,0.03,0.008,0.0025,0.002,0.003,13,3,3.8361269691145834
410,1.0,0.61,0.5,0.24,1.642,0.532,0.3345,0.69,13,18,16.420057487956218
