,Constant,len,dia,hei,w_wei,s_wei,v_wei,sh_wei,Class,Time(μs)_actual,Time(μs)_predicted
86,1.0,0.43,0.34,0.11,0.3645,0.159,0.0855,0.105,18,7,5.131585611974238
175,1.0,0.32,0.225,0.085,0.1415,0.0675,0.0295,0.0405,18,6,4.031976528238464
