,Constant,CRIM,ZN,INDUS,CHAS,NOX,RM,AGE,DIS,RAD,TAX,PTRATIO,B,LSTAT,Class,Time(μs)_actual,Time(μs)_predicted
1,1.0,0.21124,12.5,7.87,0,0.524,5.631,100.0,6.0821,5,311,15.2,386.63,29.93,19,16.5,10.299356319498592
6,1.0,2.73397,0.0,19.58,0,0.871,5.597,94.9,1.5257,5,403,14.7,351.85,21.45,19,15.4,11.997404548253062
12,1.0,0.14476,0.0,10.01,0,0.547,5.731,65.2,2.7592,6,432,17.8,391.5,13.61,19,19.3,15.953254608714309
16,1.0,18.811,0.0,18.1,0,0.597,4.628,100.0,1.5539,24,666,20.2,28.79,34.37,19,17.9,1.1561742612963002
25,1.0,3.1636,0.0,18.1,0,0.655,5.759,48.2,3.0665,24,666,20.2,334.4,14.13,19,19.9,11.642416938913097
26,1.0,0.17004,12.5,7.87,0,0.524,6.004,85.9,6.5921,5,311,15.2,386.71,17.1,19,18.9,15.666855291980267
27,1.0,0.11747,12.5,7.87,0,0.524,6.009,82.9,6.2267,5,311,15.2,396.9,13.27,19,18.9,17.69484245758383
29,1.0,2.3309900000000003,0.0,19.58,0,0.871,5.186,93.8,1.5296,5,403,14.7,356.99,28.32,19,17.8,8.492005752950654
43,1.0,18.0846,0.0,18.1,0,0.679,6.434,100.0,1.8347,24,666,20.2,27.25,29.05,19,7.2,5.216930152008521
