,y_predicted,y_actual,Relative Error
269,5.701026425110551,5.723585101952381,0.00394135431552066
99,4.705649946014827,4.454347296253507,0.0564173902588796
16,4.405262772722811,4.465908118654584,0.013579622401645673
