,y_predicted,y_actual,Relative Error
229,7.058271243918472,6.695798917058491,0.05413429097109398
219,4.245289745120841,4.430816798843313,0.041871975788054475
