,y_predicted,y_actual,Relative Error
240,3.884087201822977,3.8918202981106265,0.0019870126818043498
27,4.420474796187126,4.418840607796598,0.0003698228869454927
351,4.452422514104175,4.418840607796598,0.007599709808116754
180,5.739052815905584,5.723585101952381,0.0027024519907858325
185,6.248595414895496,6.298949246855942,0.007994005029581757
182,5.596741590119815,5.560681631015528,0.006484809146986155
349,3.5822610731367526,3.6109179126442243,0.007936164764954953
