,y_predicted,y_actual,Relative Error
153,3.4859759508832697,3.6109179126442243,0.03460116368844879
