Constant,fixed_acidity,volatile_acidity,citric_acid,residual_sugar,chlorides,free_sulfur_dioxide,total_sulfur_dioxide,density,pH,sulphates,alcohol,training_adj_r2
54.65876645941512,0.1789475240016134,-1.9280969575997773,0.11882858840766185,0.041095635074303805,-1.0344996144293075,0.01095408824414025,-0.0010770994752095817,-51.49521916637718,0.21439442379570028,-0.10219440039735694,0.26136584419605197,0.7182463065157997
198.59415362794562,0.32111582902118585,-2.419242901249849,-0.5249899934342439,0.11589159788646473,0.4580813621485531,0.005455869657038714,-0.0014395952148544807,-200.93458390245854,1.312864902786493,0.3028192295039819,0.20254619599099583,0.7222157050890733
