Constant,fixed_acidity,volatile_acidity,citric_acid,residual_sugar,chlorides,free_sulfur_dioxide,total_sulfur_dioxide,density,pH,sulphates,alcohol,training_adj_r2
169.5867826334764,0.05420204821736746,-1.7295391938282851,0.1132633090751008,0.08618594862161738,0.4434002567691929,0.0025666365309240163,0.0006459386854507442,-169.34854089344145,0.5131944097031018,0.6992775926307132,0.1512891922575974,0.9835922388030209
