Constant,fixed_acidity,volatile_acidity,citric_acid,residual_sugar,chlorides,free_sulfur_dioxide,total_sulfur_dioxide,density,pH,sulphates,alcohol,training_adj_r2
218.6175241795899,0.0071933773247463695,-1.7103018822937235,0.2739957783191629,0.10062198378024392,0.37311289279121096,0.0011029597534348672,0.0009099456835823115,-217.66498390935533,0.35996175835965416,0.7983474814423802,0.05015132741205508,0.9763251100579253
