Constant,fixed_acidity,volatile_acidity,citric_acid,residual_sugar,chlorides,free_sulfur_dioxide,total_sulfur_dioxide,density,pH,sulphates,alcohol,training_adj_r2
46.030826836806014,0.28149243287485926,-1.5781818212265089,-0.22040916260976018,0.0190200769017303,-23.145144262789092,0.004236954880965474,0.0007388129054333595,-39.07933254422419,-0.584458028505719,0.07904790581357829,0.19254278648483253,0.9497141936851614
