,Constant,female,male,len,dia,hei,w_wei,s_wei,v_wei,sh_wei,Class,Time(μs)_actual,Time(μs)_predicted
65,1.0,1.0,0.0,0.35,0.265,0.09,0.1855,0.0745,0.0415,0.06,28,7.0,4.8401192442017775
185,1.0,1.0,0.0,0.645,0.515,0.15,1.212,0.515,0.2055,0.385,28,10.0,8.429291873466587
247,1.0,0.0,1.0,0.58,0.44,0.16,0.8295,0.3365,0.2005,0.2485,28,9.0,7.4974645448542
260,1.0,0.0,1.0,0.695,0.57,0.2,2.033,0.7509999999999999,0.4255,0.685,28,15.0,10.79176292758736
344,1.0,0.0,0.0,0.475,0.375,0.11,0.494,0.211,0.109,0.1545,28,8.0,5.974767894059697
375,1.0,0.0,1.0,0.62,0.51,0.175,1.1505,0.4375,0.2265,0.4,28,12.0,8.949786417782475
