,Constant,female,male,len,dia,hei,w_wei,s_wei,v_wei,sh_wei,Class,Time(μs)_actual,Time(μs)_predicted
82,1.0,0.0,1.0,0.705,0.555,0.215,2.141,1.0465,0.383,0.528,15,11.0,12.097300140900536
91,1.0,1.0,0.0,0.55,0.43,0.155,0.785,0.289,0.227,0.233,15,11.0,11.748584602521635
336,1.0,0.0,1.0,0.47,0.385,0.135,0.5895,0.2765,0.12,0.17,15,8.0,10.206612653115538
366,1.0,1.0,0.0,0.68,0.55,0.21,1.7445,0.5975,0.305,0.625,15,17.0,19.294812405654895
