,Constant,female,male,len,dia,hei,w_wei,s_wei,v_wei,sh_wei,Class,Time(μs)_actual,Time(μs)_predicted
43,1.0,0.0,1.0,0.35,0.26,0.09,0.195,0.0745,0.041,0.0655,13,9.0,9.567636944398314
87,1.0,1.0,0.0,0.625,0.49,0.165,1.127,0.477,0.2365,0.3185,13,9.0,13.844024906956314
145,1.0,0.0,0.0,0.27,0.195,0.065,0.1065,0.0475,0.0225,0.0285,13,5.0,6.836979526133468
153,1.0,0.0,1.0,0.45,0.345,0.105,0.4115,0.18,0.1125,0.135,13,7.0,10.21809835858767
232,1.0,0.0,1.0,0.635,0.525,0.185,1.4065,0.684,0.3,0.3745,13,10.0,12.868741868060098
