,Constant,female,male,len,dia,hei,w_wei,s_wei,v_wei,sh_wei,Class,Time(μs)_actual,Time(μs)_predicted
11,1.0,1.0,0.0,0.68,0.52,0.185,1.494,0.615,0.3935,0.406,27,11.0,8.773890280330248
103,1.0,0.0,1.0,0.775,0.57,0.22,2.032,0.735,0.4755,0.6585,27,17.0,11.356861752541349
159,1.0,0.0,0.0,0.2,0.145,0.025,0.0345,0.011,0.0075,0.01,27,5.0,2.97541240768267
178,1.0,0.0,0.0,0.375,0.29,0.1,0.219,0.0925,0.038,0.075,27,6.0,5.109165203800639
201,1.0,0.0,0.0,0.385,0.29,0.08,0.2485,0.122,0.0495,0.065,27,7.0,4.872333376379009
230,1.0,0.0,0.0,0.19,0.145,0.04,0.038,0.0165,0.0065,0.015,27,4.0,2.923851215140142
