,y_predicted,y_actual,Relative Error
108,8.272415885654278,8.089482474360754,0.02261373479370566
14,5.258150501021912,5.393627546352362,0.025117983058001784
100,5.579974930178495,5.560681631015528,0.003469592478619217
109,5.3379763049905655,5.298317366548036,0.007485194958860653
80,9.111550176526983,8.823206220552741,0.03268017869769088
106,8.054285546998488,7.904703913873747,0.018923116508159917
45,5.647189459994583,5.598421958998375,0.008710937002135679
271,5.1895857219865285,5.19295685089021,0.0006491732938439615
19,5.096001844510548,5.0238805208462765,0.014355700412262709
