,y_predicted,y_actual,Relative Error
365,5.861694196541712,6.042632833682381,0.029943675566732282
235,7.394087967839301,7.559038255443384,0.021821597143697427
329,5.480959745595876,5.327876168789581,0.02873257034445552
