,y_predicted,y_actual,Relative Error
213,4.845397516252717,5.10594547390058,0.05102834704751027
8,3.8297272644980818,3.6109179126442243,0.06059660096056473
190,5.250343681426001,5.332718793265369,0.015447113383026772
215,5.579098311396644,5.697093486505405,0.02071146899524359
125,6.067086610599091,6.297109319933935,0.03652830174103717
209,5.362539234012078,5.0238805208462765,0.06740978647094782
295,5.3118812011323815,5.393627546352362,0.015156097546124488
296,5.194680547631891,5.003946305945459,0.03811676425460642
95,3.7959776445406956,3.295836866004329,0.15174925181982887
