,y_predicted,y_actual,Relative Error
304,4.9772626728831355,4.875197323201151,0.020935634583702595
231,4.579495058629753,4.499809670330265,0.01770861306088077
232,5.177941129510309,5.176149732573829,0.00034608676893688645
314,4.945687682562605,4.912654885736052,0.0067240214496776035
292,5.118651892316412,5.19295685089021,0.01430879568372706
