,y_predicted,y_actual,Relative Error
221,7.602172046427492,7.501082124259871,0.01347671182544145
365,6.539620227311635,6.856461984594587,0.04621067804282247
382,8.409411781113672,8.422442854870427,0.0015471845854341075
