features,VIF Factor
fixed_acidity,3.517612409610666
volatile_acidity,1.1428183344682075
citric_acid,1.2625287106338798
residual_sugar,17.750361376444943
chlorides,1.1748783158181912
free_sulfur_dioxide,2.0578069746013785
total_sulfur_dioxide,2.5771862872710694
density,38.113254743689694
pH,2.8278392928847667
sulphates,1.204846305717818
alcohol,8.70548996161938
