features,VIF Factor
fixed_acidity,4.573114109072862
volatile_acidity,1.2449557378775495
citric_acid,1.2889545075096034
residual_sugar,12.932820496071493
chlorides,1.5083510841525116
free_sulfur_dioxide,2.8580730331918094
total_sulfur_dioxide,4.074106894908064
density,29.659941948430664
pH,3.6450223785772065
sulphates,1.6082705668695407
alcohol,8.285898607084116
