,y_predicted,y_actual,Relative Error
1345,6.915213955861789,7,0.012112292019744382
2855,5.915327015248305,6,0.014112164125282453
81,6.998882682589324,7,0.00015961677295374597
