Constant,log_P(atm),log_Fuel(%),log_Oxidizer(%),T0/S_H__T,T0/T,training_adj_r2
-1.3501506823809108,-0.6217173491259176,-0.4397419222385992,0.17897808838288126,2.713177627054463,9.084442946183932,0.966970496712902
-1.7387339506825017,-0.5796137293114703,-0.4898741486152141,0.1778263211472409,1.9474336336434783,9.4146865358239,0.9739970475889108
-1.6086288178426256,-0.6347810456839956,-0.4746605550689063,0.20104711868447228,1.5323408963776304,9.44232562591812,0.9755394994034065
-1.5193249591149494,-0.7342695584344171,-0.4113457978701919,0.1925609288574266,2.6259120894006003,9.586674990484617,0.9889879184063626
-1.5193249591149494,-0.7342695584344171,-0.4113457978701919,0.1925609288574266,2.6259120894006003,9.586674990484616,0.9889879184063626
