Constant,log_P(atm),log_Fuel(%),log_Oxidizer(%),T0/S_H__T,T0/T,training_adj_r2
0.0029949191598575013,-0.6179497120061489,-0.18904274744230515,0.059877060368184125,1.6324936090895736,7.108935839996665,0.9655161023977942
0.08848184444270712,-0.6015923344447692,-0.18669390463129532,0.06812005276682948,1.5238536097185762,6.97163037258461,0.9583040406516204
-0.1509945570862279,-0.5273251547379396,-0.2474707739218045,0.08534969459991226,2.1782878196827475,6.8482509214513065,0.986753329515046
0.015924634814640903,-0.5253509462279824,-0.21260859510076302,0.05727413140410831,1.5015292882052016,6.794883290140023,0.9841608369109278
