Constant,log_P(atm),log_Fuel(%),log_Oxidizer(%),T0/S_H__T,T0/T,training_adj_r2
-1.4690754289951162,-0.6338481209454037,-0.4762848239876301,0.15693685410256858,2.8649703154164285,9.277748811724644,0.609217076388205
