Constant,log_P(atm),log_Fuel(%),log_Oxidizer(%),T0/S_H__T,T0/T,training_adj_r2
0.8587238341891172,-0.5087356282046648,-0.04010326921733165,0.06320982454463342,0.4012646401455733,5.3587033363722165,0.9833929905589214
0.9518004311009138,-0.5120664960381734,-0.025199814200838663,0.041569972797794064,-0.21371713056909056,5.370322899124142,0.9866172898487249
0.9518004311009138,-0.5120664960381734,-0.025199814200838666,0.041569972797794064,-0.21371713056909059,5.370322899124141,0.986617289848725
