Constant,log_P(atm),log_Fuel(%),log_Oxidizer(%),T0/S_H__T,T0/T,training_adj_r2
-1.0596563994221313,-0.672212413645521,-0.37676188212485817,0.17718326420209465,1.886814731151933,8.446033124643456,0.979655483048894
-1.016018839409008,-0.6043965202281074,-0.3408171001071597,0.157154695161282,1.2737801909891306,8.425608262443209,0.9694745818175567
