Constant,log_P(atm),log_Fuel(%),log_Oxidizer(%),T0/S_H__T,T0/T,training_adj_r2
-2.787649133021401,-0.8574835845344907,-0.4265594827577828,-0.14537951507207358,3.685373831805709,12.796397689089249,0.9699110150148736
-2.274652346236274,-0.8404121809907414,-0.4788389946677262,-0.010190356762440844,3.3342787839698764,11.79005820674479,0.9776512959381776
-2.417518652637205,-0.8940153608884834,-0.4490569276677605,-0.08167170587013911,2.938548762597854,12.259129051771078,0.9785575050419257
