features,VIF Factor
fixed_acidity,2.9666735504309907
volatile_acidity,1.2466842212941973
citric_acid,1.2223981835783153
residual_sugar,13.15290745282561
chlorides,1.4168528990756337
free_sulfur_dioxide,1.747721129616113
total_sulfur_dioxide,2.3230227881867838
density,31.65390318524241
pH,2.298643539018662
sulphates,1.1545999616994367
alcohol,10.14037900895717
