features,VIF Factor
fixed_acidity,9.605932810021734
volatile_acidity,2.5786189921571885
citric_acid,1.9893422326131602
residual_sugar,16.017973333159578
chlorides,2.2216538583741023
free_sulfur_dioxide,5.9413592783279965
total_sulfur_dioxide,7.411708774846612
density,44.342886506845716
pH,6.531095941413314
sulphates,1.804220834449611
alcohol,7.617301856490978
