features,VIF Factor
fixed_acidity,3.8779210329202733
volatile_acidity,3.4686375612223417
citric_acid,3.181161013364432
residual_sugar,82.54527215250721
chlorides,15.733030791661793
free_sulfur_dioxide,2.9170490912765694
total_sulfur_dioxide,4.836523153394941
density,248.2596462324134
pH,6.948812093807019
sulphates,7.281832188059981
alcohol,44.011299410215955
