features,VIF Factor
fixed_acidity,3.397861556284014
volatile_acidity,1.1185612390355073
citric_acid,1.1701476144646485
residual_sugar,20.89644365112652
chlorides,1.182522695175691
free_sulfur_dioxide,2.0390164486643965
total_sulfur_dioxide,2.525694380711132
density,51.186591862121276
pH,2.558933092773715
sulphates,1.1457716757041032
alcohol,12.073944047338856
