features,VIF Factor
fixed_acidity,3.1235816205818883
volatile_acidity,1.1317367260324378
citric_acid,1.2007241810194447
residual_sugar,14.31725172430866
chlorides,1.2974403376528265
free_sulfur_dioxide,1.6897072363323862
total_sulfur_dioxide,2.0699552743249794
density,32.25657104505456
pH,2.3621750975560913
sulphates,1.2062227823127674
alcohol,8.484168246972743
