features,VIF Factor
fixed_acidity,2.1876299800721113
volatile_acidity,1.727121009913358
citric_acid,1.3114433306424045
residual_sugar,17.724781460356517
chlorides,1.689793409490383
free_sulfur_dioxide,1.540701848868586
total_sulfur_dioxide,2.2841834473688194
density,23.8111274029994
pH,2.7014226436051887
sulphates,1.2661501139158986
alcohol,4.415251337690758
