features,VIF Factor
fixed_acidity,6.336838181585875
volatile_acidity,1.1939066379763885
citric_acid,1.8164747237198273
residual_sugar,22.344224444974667
chlorides,1.5400388509505838
free_sulfur_dioxide,2.2404077839267282
total_sulfur_dioxide,3.346146404459023
density,44.587264720104116
pH,3.802740450406396
sulphates,1.4913749638614715
alcohol,11.295028687099597
