Constant,fixed_acidity,volatile_acidity,citric_acid,residual_sugar,chlorides,free_sulfur_dioxide,total_sulfur_dioxide,density,pH,sulphates,alcohol,training_adj_r2
28.501562302648374,-0.032329091517401036,-0.06192419277478245,0.015715271402126002,0.020684646669225426,-0.008300702737255292,-0.03182529904270983,-0.025892997934476164,-2.4346378541699494,0.07954831361470394,0.02130588727729832,-0.02625068682227638,0.5881866529530172
127.18581708057201,-0.0267900229988335,-0.17117194112671222,0.023931239492105492,0.06664511961546585,0.0027512470716314127,0.03301383938380769,0.05648720344290864,-12.564363704168475,0.17563839419625427,0.05259449747025196,0.19099433547877134,0.8252950250865556
127.18581708056757,-0.026790022998839605,-0.17117194112671086,0.023931239492108555,0.06664511961546549,0.0027512470716313606,0.03301383938380738,0.056487203442903505,-12.564363704168063,0.1756383941962389,0.052594497470250856,0.1909943354787769,0.8252950250865543
