,Constant,log_P(atm),log_Fuel(%),log_Oxidizer(%),T0/S_H__T,T0/T,Class,Time(μs)_actual,Time(μs)_predicted
19,1.0,0.1906203596086497,0.1823215567939546,1.8870696490323797,0.06596306068601583,0.6596306068601583,1,5.3230099791384085,5.622740203182491
29,1.0,2.7265447837383743,-2.3025850929940455,0.7884573603642703,0.08090614886731391,0.8090614886731392,1,6.480044561926653,6.699550740789611
30,1.0,0.7323678937132266,-2.047942874620465,1.3862943611198906,0.030656039239730228,0.8583690987124464,1,8.422442854870427,8.419581808105
31,1.0,1.4906543764441336,-3.4673371841667002,0.0,0.030472940029254023,0.8532423208191127,1,8.428799040653642,8.49033331491104
34,1.0,0.6729444732424258,-1.1394342831883648,1.3862943611198906,0.06016847172081829,0.7220216606498195,1,5.966146739123692,6.540187349627811
35,1.0,0.6981347220709843,-1.1394342831883648,1.3862943611198906,0.06464959917248513,0.7757951900698216,1,7.088408778675395,7.212608824120635
