,y_predicted,y_actual,Relative Error
282,4.604116823549023,4.382026634673881,0.050682071879207154
171,5.399505278649158,5.4510384535657,0.009453827074514991
344,4.524013361378822,4.382026634673881,0.03240206839032775
359,7.14386455448717,7.3277805384216315,0.02509845688884077
