,Constant,log_P(atm),log_Fuel(%),log_Oxidizer(%),T0/S_H__T,T0/T,Class,Time(μs)_actual,Time(μs)_predicted
10,1.0,0.11332868530700327,0.0,2.5649493574615367,0.17998560115190784,0.7199424046076314,3,5.318119993844216,5.12894896826851
11,1.0,0.10436001532424286,0.0,2.5649493574615367,0.18050541516245489,0.7220216606498195,3,5.327876168789581,5.150243792916329
30,1.0,3.254242968705492,0.11600367575630613,3.033509637888021,0.05847953216374269,1.1695906432748537,3,6.774223886357614,6.512719606211956
31,1.0,0.7747271675523681,-3.079113882493042,-0.2876820724517809,0.031113876789047916,0.6222775357809583,3,4.430816798843313,4.626056425239937
32,1.0,3.1135153092103742,0.11600367575630613,3.033509637888021,0.05753739930955121,1.1507479861910241,3,6.946975992135418,6.442639932286568
39,1.0,4.014579593753238,0.6280751838162305,3.0252910757955354,0.1072961373390558,1.0729613733905579,3,5.777652323222656,5.390075804063399
40,1.0,0.7466879474879751,-3.506557897319982,-0.5418004280654213,0.04274965800273598,0.6839945280437757,3,5.327876168789581,5.249662920072698
