,y_predicted,y_actual,Relative Error
0,4.914338575145706,4.6443908991413725,0.058123375457961535
