,Constant,fixed_acidity,volatile_acidity,citric_acid,residual_sugar,chlorides,free_sulfur_dioxide,total_sulfur_dioxide,density,pH,sulphates,alcohol,Class,Time(μs)_actual,Time(μs)_predicted
29,1.0,7.4,2.5,4.9,1.1,4.2,3.5,1.56,9.917,3.13,5.5,11.3,13,5,4.958464549569328
78,1.0,8.4,1.7999999999999998,4.2,5.1,3.6000000000000005,0.7,0.77,9.939,3.16,5.2,11.7,13,5,4.89172602450904
233,1.0,6.0,4.4,2.6,3.1,5.3,5.7,1.28,9.898200000000001,3.22,3.9000000000000004,12.7,13,6,5.148635268829963
457,1.0,7.2,2.1,3.5999999999999996,15.7,4.5,6.8,1.83,9.9922,3.25,7.6,9.4,13,5,4.999705186429196
489,1.0,6.8,7.05,2.5,3.2,4.8,1.0,0.57,9.96,3.36,5.2,9.5,13,4,3.238697366546584
