,Constant,fixed_acidity,volatile_acidity,citric_acid,residual_sugar,chlorides,free_sulfur_dioxide,total_sulfur_dioxide,density,pH,sulphates,alcohol,Class,Time(μs)_actual,Time(μs)_predicted
16,1.0,5.2,2.4,4.5,3.8,2.7,2.1,1.28,9.92,3.55,4.9,11.2,3,8,8.001230026425837
48,1.0,5.6,1.9,4.699999999999999,4.5,3.0,1.9,1.12,9.922,3.56,4.5,11.2,3,6,8.09508924915243
228,1.0,6.0,3.3000000000000003,2.6,5.1,5.1,1.6,1.19,9.941600000000001,3.15,4.1,9.2,3,5,7.325636344494804
239,1.0,6.0,3.3000000000000003,2.6,5.1,5.1,1.6,1.19,9.941600000000001,3.15,4.1,9.2,3,5,7.325636344494804
307,1.0,6.2,6.6000000000000005,4.8,1.2,2.9000000000000004,2.9,0.75,9.892,3.33,3.9000000000000004,12.8,3,8,8.050436451286402
331,1.0,5.2,4.4,0.4,1.4,3.6000000000000005,4.3,1.19,9.894,3.36,3.3000000000000003,12.1,3,8,7.981864760090858
