,Constant,fixed_acidity,volatile_acidity,citric_acid,residual_sugar,chlorides,free_sulfur_dioxide,total_sulfur_dioxide,density,pH,sulphates,alcohol,Class,Time(μs)_actual,Time(μs)_predicted
8,1.0,7.0,3.0,3.8,14.9,3.2,6.0,1.81,9.983,3.18,6.1,9.3,5,7,6.989357474605214
95,1.0,7.9,3.7,3.0,2.7,2.9000000000000004,6.4,1.58,9.916,3.12,5.8999999999999995,12.0,5,7,7.553502967477783
297,1.0,7.1,1.5,3.4000000000000004,5.3,3.4000000000000004,3.3,1.04,9.953,3.37,5.2,9.3,5,7,6.945608923249665
389,1.0,6.6,2.3000000000000003,3.2,0.9,4.1000000000000005,2.5,0.79,9.926,3.39,5.4,10.2,5,7,6.916820255227293
