,Constant,fixed_acidity,volatile_acidity,citric_acid,residual_sugar,chlorides,free_sulfur_dioxide,total_sulfur_dioxide,density,pH,sulphates,alcohol,Class,Time(μs)_actual,Time(μs)_predicted
11,1.0,7.2,3.1,4.6000000000000005,5.0,4.0,0.3,0.29,9.906,3.04,5.300000000000001,12.5,17,4,4.283750090868686
196,1.0,6.8,2.9,1.6,1.4,3.8,12.25,2.345,9.922,3.15,4.699999999999999,10.0,17,4,3.6051789690210185
206,1.0,7.1,2.1,3.2,2.2,3.7000000000000006,2.8,1.41,9.93,3.2,5.699999999999999,10.0,17,7,3.97510529462906
219,1.0,7.0,2.2,2.6,1.1,3.7000000000000006,2.0,0.71,9.902,3.1,3.8,11.7,17,6,4.053482508065635
266,1.0,7.4,2.9,2.5,3.8,4.3999999999999995,3.0,1.14,9.92,3.11,4.0,11.0,17,6,3.7799802129775633
293,1.0,7.1,2.1,3.2,2.2,3.7000000000000006,2.8,1.41,9.93,3.2,5.699999999999999,10.0,17,7,3.9751052946290777
462,1.0,7.1,2.4,3.4000000000000004,1.2,4.5,0.6,1.32,9.9132,3.16,4.6000000000000005,11.2,17,4,3.931425809994085
