features,VIF Factor
log_P(atm),4.17206398702604
log_Fuel(%),21.992759478223768
log_Oxidizer(%),17.86555045139171
T0/S_H__T,2.591658821787301
T0/T,6.102945169416363
