Constant,Testing_R2,Training_R2,dia,female,hei,infant,len,male,s_wei,sh_wei,v_wei,w_wei
5.8341,0.8821358385651699,0.8694055130281686,20.2515,2.3132,44.9704,1.3889,-13.5362,2.132,-26.8851,8.6909,-31.1626,16.6935
7.8699,0.8040862401716005,0.8529355850964636,20.2441,,30.5611,,-10.8153,,-26.1936,11.1012,-27.4772,15.7459
7.8699,0.8040862401716005,0.8529355850964636,20.2441,,30.5611,,-10.8153,,-26.1936,11.1012,-27.4772,15.7459
7.8699,0.8040862401716005,0.8529355850964636,20.2441,,30.5611,,-10.8153,,-26.1936,11.1012,-27.4772,15.7459
7.8699,0.8040862401716005,0.8529355850964636,20.2441,,30.5611,,-10.8153,,-26.1936,11.1012,-27.4772,15.7459
