Constant,len,dia,hei,w_wei,s_wei,v_wei,sh_wei,Training_R2,Testing_R2
5.7065,-14.0152,22.3281,35.4589,11.6284,-25.2733,-16.2006,15.7677,0.9984383499396864,0.9907311984643657
