Constant,len,dia,hei,w_wei,s_wei,v_wei,sh_wei,Training_R2,Testing_R2
3.2327,-3.2675,15.9739,42.0737,9.9569,-23.2608,-17.1283,12.4584,0.7708931490643841,0.7488001534189908
3.2327,-3.2675,15.9739,42.0737,9.9569,-23.2608,-17.1283,12.4584,0.7708931490643841,0.7488001534189908
4.3591,-7.4474,14.9251,32.8256,11.2789,-25.0502,-13.6772,13.4576,0.7092729132254103,0.7050940844446927
