Constant,Testing_R2,Training_R2,dia,female,hei,infant,len,male,s_wei,sh_wei,v_wei,w_wei
3.7783,0.7192542581785927,0.7705831619641355,19.8722,1.6072,31.5183,0.546,-9.785,1.6251,-26.087,8.6101,-19.3488,13.5887
4.7641,0.8711604345484892,0.7453150922698644,22.3664,,29.7707,,-11.4522,,-26.8992,10.0789,-17.088,13.5761
4.7641,0.8711604345484892,0.7453150922698644,22.3664,,29.7707,,-11.4522,,-26.8992,10.0789,-17.088,13.5761
4.7641,0.8711604345484892,0.7453150922698644,22.3664,,29.7707,,-11.4522,,-26.8992,10.0789,-17.088,13.5761
4.7641,0.8711604345484892,0.7453150922698644,22.3664,,29.7707,,-11.4522,,-26.8992,10.0789,-17.088,13.5761
