Constant,len,dia,hei,w_wei,s_wei,v_wei,sh_wei,Training_R2,Testing_R2
7.0475,-13.3344,22.0184,47.8767,11.5192,-23.5325,-24.4994,17.0058,0.8436384721457186,0.9040237047275913
