Constant,len,dia,hei,w_wei,s_wei,v_wei,sh_wei,Training_R2,Testing_R2
9.7616,-22.5579,25.5742,53.1727,11.6467,-24.273000000000003,-25.9487,23.7891,0.9182027079654882,0.8548318261887877
9.7616,-22.5579,25.5742,53.1727,11.6467,-24.273000000000003,-25.9487,23.7891,0.9182027079654882,0.8548318261887877
6.0826,-10.5738,17.6001,39.0798,11.399,-24.3971,-18.9917,16.8879,0.810029598029965,0.6592674202096112
