features,VIF Factor
len,42.1887830607076
dia,41.742265250792585
hei,6.018915271583389
w_wei,138.25904405588926
s_wei,36.78647009446482
v_wei,17.619834997333303
sh_wei,25.43152788618206
