features,VIF Factor
len,41.07762583812824
dia,43.47141970711678
hei,6.366020236020196
w_wei,126.67158242668563
s_wei,37.73647296910652
v_wei,20.62083415190644
sh_wei,25.029207847747386
