,y_predicted,y_actual,Relative Error
1316,16.88443942416681,17.0,0.006797680931364086
1789,16.9650223860704,17.0,0.002057506701741077
2627,20.083444410725768,19.0,0.05702339003819832
2537,23.638856948003003,23.0,0.02777638904360882
