Constant,fixed_acidity,volatile_acidity,citric_acid,residual_sugar,chlorides,free_sulfur_dioxide,total_sulfur_dioxide,density,pH,sulphates,alcohol,training_adj_r2
157.00479080596034,0.02602070646421787,-0.1903740581508241,0.012309271277784459,0.08233706078277507,-0.00015874997427814397,0.02975803611633998,0.04705382941385677,-15.637366940304856,0.4394747128853169,0.07014150994273083,0.16807609637950205,0.9958788788533226
157.00479080596352,0.026020706464219,-0.19037405815081399,0.012309271277788802,0.08233706078277529,-0.00015874997427645088,0.029758036116338538,0.0470538294138641,-15.63736694030517,0.43947471288535067,0.070141509942726,0.16807609637949478,0.9958788788533228
