,y_predicted,y_actual,Relative Error
127,5.087596335232239,5.087596335232384,2.845608670022514e-14
226,6.021023349349367,6.021023349349527,2.655231615457763e-14
139,5.2417470150594925,5.241747015059643,2.8635901827782745e-14
186,4.8202815656049,4.820281565605037,2.8375827173625046e-14
154,5.393627546352213,5.393627546352362,2.766486436582601e-14
241,5.877735781779482,5.877735781779639,2.6595173323679452e-14
