,y_predicted,y_actual,Relative Error
86,4.4622950937585735,4.499809670330265,0.008336925185757502
