,y_predicted,y_actual,Relative Error
78,7.877972203704765,7.903226808730733,0.0031954802306912713
309,5.393076570520789,5.676753802268282,0.04997173413336037
253,6.829892923517326,6.856461984594587,0.003875039508270804
52,6.406959669692535,6.70196036600254,0.044017075631553104
422,8.232607530466623,8.357962965845681,0.014998323860887581
267,5.421252363051334,5.820082930352362,0.06852661243383375
201,6.888173224774416,6.927557906278317,0.005685218663882536
424,8.335369735185063,8.619027497297505,0.0329106459169997
