features,VIF Factor
len,32.034604034991084
dia,34.53933507106476
hei,4.729639194964455
w_wei,74.56927473415084
s_wei,23.989407216453266
v_wei,12.574907620833416
sh_wei,14.439524686990826
