features,VIF Factor
len,42.1087564749827
dia,41.70685493825436
hei,6.097360332524115
w_wei,138.07065131347213
s_wei,36.138629747367695
v_wei,17.45850781011716
sh_wei,26.121381546763985
