features,VIF Factor
len,415.49235665803457
dia,440.79473335909813
hei,31.665730211053717
w_wei,157.76641219088137
s_wei,80.27713887118803
v_wei,29.858314884807292
sh_wei,42.9011295785178
