Constant,log_P(atm),log_Fuel(%),log_Oxidizer(%),T0/S_H__T,T0/T,Training_R2,Testing_R2
-1.1519,-0.6173,-0.4753,0.0965,4.8592,9.6954,0.9417545239882581,0.9060846533235329
