Constant,log_P(atm),log_Fuel(%),log_Oxidizer(%),T0/S_H__T,T0/T,Training_R2,Testing_R2
-0.6494,-0.5619,-0.407,0.172,2.4209,7.7586,0.9752292604575572,0.9482238713541056
