Constant,log_P(atm),log_Fuel(%),log_Oxidizer(%),T0/S_H__T,T0/T,Training_R2,Testing_R2
-1.7564,-0.6544,-0.4712,0.0161,4.667,10.5356,0.9150089663768148,0.9110534189315087
