features,VIF Factor
fixed_acidity,3.999136897715577
volatile_acidity,1.728617248932198
citric_acid,1.3192423899411463
residual_sugar,14.503021587768323
chlorides,2.2479696946320176
free_sulfur_dioxide,3.538896468503452
total_sulfur_dioxide,4.446237727887572
density,28.292610258351843
pH,2.871110830038768
sulphates,1.6483260604481325
alcohol,9.170465868147858
