features,VIF Factor
fixed_acidity,3.5450092137805047
volatile_acidity,1.1316464225013347
citric_acid,1.2195661235910273
residual_sugar,17.39278159620373
chlorides,1.1688846070307692
free_sulfur_dioxide,2.0555515242329525
total_sulfur_dioxide,2.563296408286462
density,41.84505602858119
pH,2.710552909146231
sulphates,1.1747769490915645
alcohol,11.142164668671281
