features,VIF Factor
fixed_acidity,3.7601921367578734
volatile_acidity,1.1836243647617444
citric_acid,1.3571738502381376
residual_sugar,9.952474315001686
chlorides,1.3301577166320564
free_sulfur_dioxide,2.416893431671456
total_sulfur_dioxide,3.3752059928363547
density,20.97060089640687
pH,2.924584434607634
sulphates,1.3711369662804789
alcohol,6.1923347787495935
