features,VIF Factor
fixed_acidity,3.403555809514103
volatile_acidity,1.69692520099878
citric_acid,1.6930434419077545
residual_sugar,17.381359930243303
chlorides,1.1469828155053972
free_sulfur_dioxide,1.4402965939844177
total_sulfur_dioxide,2.046563884216858
density,24.00417689578249
pH,3.1004159767624087
sulphates,1.200401001171094
alcohol,5.591224440047659
