,y_predicted,y_actual,Relative Error
4,46.25811799825154,45.4,0.018901277494527396
23,18.1747123772187,23.1,0.21321591440611692
245,36.73168681349787,37.0,0.00725170774330072
