,y_predicted,y_actual,Relative Error
62,8.21739814401333,8.414052432496725,0.02337212538917355
13,4.838049556196545,5.135798437050262,0.057975188182176604
4,5.139606570444729,5.0238805208462765,0.02303519144578676
159,5.342648761917641,5.170483995038151,0.0332976114121438
