,Constant,log_P(atm),log_Fuel(%),log_Oxidizer(%),T0/S_H__T,T0/T,y_pred,y_act
10,1.0,2.064327903869788,-0.06560575709799385,3.044522437723423,0.047619047619047616,0.9523809523809523,6.912483665682917,6.9411900550683745
19,1.0,0.8153648132841944,-3.0449225177447627,-0.2843542823591063,0.034106412005457026,0.6821282401091405,6.119044138930873,6.082218910376446
25,1.0,2.89591193827178,-0.5709295478356962,3.0392705755684744,0.053022269353128315,1.0604453870625663,7.728411731474899,7.730174795246222
36,1.0,1.4883995840570443,-0.18632957819149348,3.044522437723423,0.04830917874396135,0.966183574879227,7.4574962815829435,7.497207223203318
43,1.0,0.8796267475025636,-3.1122660898099426,-0.2876820724517809,0.03563791874554526,0.7127583749109052,6.413701606370009,6.373319789577012
62,1.0,3.131136910560194,0.11600367575630613,3.033509637888021,0.05112474437627812,1.0224948875255624,6.8561989623124235,6.815639990074331
112,1.0,0.8628899551470398,-3.0576076772720784,-0.2876820724517809,0.03556187766714083,0.7112375533428165,6.380354852989212,6.3473892096560105
149,1.0,0.6729444732424258,-1.1394342831883648,1.3862943611198906,0.06016847172081829,0.7220216606498195,5.937853206520727,5.966146739123692
157,1.0,0.7275486072772777,-1.8325814637483102,1.3862943611198906,0.06546216286986122,0.7855459544383346,6.89631248889307,6.895682697747868
171,1.0,0.5423242908253617,-2.995732273553991,-0.5978370007556204,0.07168458781362007,0.7168458781362007,6.708297908321823,6.777646593635117
208,1.0,2.70805020110221,-2.3025850929940455,0.7884573603642703,0.07867820613690008,0.7867820613690008,5.932979350390255,5.932245187448011
283,1.0,0.7080357930536959,0.0,1.8718021769015913,0.17857142857142858,0.7142857142857143,5.831502170392224,5.814130531825066
284,1.0,1.3376291891386096,0.0,1.8718021769015913,0.17869907076483202,0.7147962830593281,5.457315177740693,5.493061443340548
286,1.0,0.23901690047049992,-0.6931471805599453,1.1786549963416462,0.17445917655268667,0.6978367062107467,6.204290648438086,6.163314804034641
287,1.0,1.667706820558076,-0.05129329438755058,1.8229350866965048,0.17857142857142858,0.7142857142857143,5.272805649559395,5.293304824724492
299,1.0,0.16551443847757333,0.0,1.8718021769015913,0.17793594306049823,0.7117437722419929,6.131613577888764,6.040254711277414
300,1.0,0.3987761199573678,-0.05129329438755058,1.8229350866965048,0.18037518037518038,0.7215007215007215,6.114533818976676,6.184148890937483
