features,VIF Factor
len,15.95705043092945
dia,27.0102043091493
hei,14.6459946756293
w_wei,103.48286032183188
s_wei,34.63948034477665
v_wei,28.122543639932786
sh_wei,42.04197780576649
