features,VIF Factor
len,68.62353268647712
dia,90.03667522424868
hei,16.228109883405928
w_wei,145.20380337192339
s_wei,74.0772116901456
v_wei,13.245668710805548
sh_wei,28.751342100548584
