features,VIF Factor
len,28.067507151955997
dia,29.26391184637608
hei,4.871329341341097
w_wei,109.54324591586287
s_wei,29.676268502516702
v_wei,18.134834284469928
sh_wei,15.816535782189245
