features,VIF Factor
fixed_acidity,4.170919224989194
volatile_acidity,1.4063883706440945
citric_acid,1.8607948524488849
residual_sugar,9.20602785431986
chlorides,1.7109328390802068
free_sulfur_dioxide,2.2664263434298317
total_sulfur_dioxide,3.7355030518366608
density,18.894866276642013
pH,3.1728966898185
sulphates,1.503632432684578
alcohol,6.150195079124215
