features,VIF Factor
fixed_acidity,1.886515108157855
volatile_acidity,1.8758730951466045
citric_acid,1.383737494582507
residual_sugar,18.40674405704861
chlorides,1.8029592382939805
free_sulfur_dioxide,1.6603043722162563
total_sulfur_dioxide,1.9752757058995618
density,24.056820669991556
pH,2.495964744562479
sulphates,1.3398229311486887
alcohol,3.8099529121614037
