features,VIF Factor
fixed_acidity,3.171625424588599
volatile_acidity,1.1395071935570351
citric_acid,1.1674586377451277
residual_sugar,15.00190449900035
chlorides,1.2705493114582973
free_sulfur_dioxide,1.7585189769827523
total_sulfur_dioxide,2.1593973414698184
density,36.74880620721219
pH,2.4439112137325845
sulphates,1.198831766059065
alcohol,10.283777783176792
