features,VIF Factor
fixed_acidity,3.34620252324166
volatile_acidity,1.1844534219147482
citric_acid,1.1837799948033032
residual_sugar,15.634156983201214
chlorides,1.4107610953250282
free_sulfur_dioxide,1.625385482502374
total_sulfur_dioxide,2.4921566054873514
density,42.68890628025807
pH,2.7394034289094655
sulphates,1.1789375871350376
alcohol,13.395285058754597
