features,VIF Factor
fixed_acidity,3.534717811941705
volatile_acidity,1.1209194804739868
citric_acid,1.18434128296604
residual_sugar,21.7400619202987
chlorides,1.1692567926410853
free_sulfur_dioxide,2.018059102724555
total_sulfur_dioxide,2.4662259624780423
density,52.50633619094845
pH,2.640363352719776
sulphates,1.14970100174501
alcohol,12.676409418999965
