,y_predicted,y_actual,Relative Error
199,7.866817412848518,7.884952945759814,0.0023000178994153735
118,6.590485131058916,6.529418838262226,0.0093524851612893
231,7.2248373606647,7.213768308118642,0.0015344341644020706
332,7.047425268706517,7.112327444710911,0.009125307644919912
11,7.7512442259673655,7.5485559791698735,0.026851261003668404
