features,VIF Factor
log_P(atm),3.6914923419459487
log_Fuel(%),16.868927060002623
log_Oxidizer(%),14.876261178908857
T0/S_H__T,2.496766230836342
T0/T,4.938267115116015
