features,VIF Factor
log_P(atm),5.009600956408304
log_Fuel(%),26.32986072860853
log_Oxidizer(%),18.594367144623618
T0/S_H__T,3.2237617360172446
T0/T,6.88979241500658
