,y_predicted,y_actual,Relative Error
0,6.686596988178318,6.56244409369372,0.018918697471861833
1,6.96293560460584,5.877735781779639,0.18462888825152812
2,7.142436132953417,6.927557906278317,0.031017889649159115
3,7.581950837575999,7.266827347520591,0.04336465901627983
4,5.356718205432925,5.176149732573829,0.03488470816884748
5,7.152932004539478,7.550661243105336,0.052674755992931414
6,7.528199492664792,7.022868086082641,0.07195513291550733
7,8.373688118316197,8.428799040653642,0.006538407437599895
