Constant,fixed_acidity,volatile_acidity,citric_acid,residual_sugar,chlorides,free_sulfur_dioxide,total_sulfur_dioxide,density,pH,sulphates,alcohol,training_adj_r2
137.97759137781355,0.06057652176195319,-0.18641330895478753,3.247946012179285e-05,0.07820215722601394,-0.0001734230453154901,0.03364083172807907,0.00471058540002528,-13.79805584316585,0.5975514454779648,0.07337024676051819,0.21565145147563805,0.2790262685346462
