,y_predicted,y_actual,Relative Error
323,7.084066829417931,7.227662498728654,0.019867511707413306
305,5.162730127556464,5.4510384535657,0.05289053241234145
293,4.125617184320892,3.8501476017100584,0.07154779793078131
385,4.984691771227318,4.6443908991413725,0.07327136743568646
136,6.205698074352242,5.723585101952381,0.08423269049243395
