features,VIF Factor
log_P(atm),3.894190083626375
log_Fuel(%),16.25314921547155
log_Oxidizer(%),14.256552811712549
T0/S_H__T,2.168681094556884
T0/T,5.452485539529319
