,y_predicted,y_actual,Relative Error
343,4.746802304484759,4.356708826689592,0.0895385698960232
113,7.293523289815778,7.3277805384216315,0.004674982885504413
254,4.664420591827181,4.59511985013459,0.015081378495614481
309,5.09331710482159,5.318119993844216,0.04227112011064767
