,y_predicted,y_actual,Relative Error
172,5.615495592484844,5.44673737166631,0.03098335926685348
291,5.73428365189827,5.560681631015528,0.031219557673370726
218,4.777106571800884,4.634728988229636,0.03071972146221069
275,5.145409605818591,5.0106352940962555,0.026897649461961853
182,5.513808579995322,5.564520407322694,0.009113422831667014
