,y_predicted,y_actual,Relative Error
243,5.17011335930979,5.0689042022202315,0.01996667387109575
4,4.6243837688195555,4.51085950651685,0.025166880533232516
252,5.57791098624568,5.4510384535657,0.023274928944408448
117,6.652677631104327,6.298949246855942,0.056156728747250105
88,4.697065473188776,4.382026634673881,0.07189341023673194
317,4.505825192202906,4.653960350157523,0.03182991405365182
231,4.572425884270817,4.499809670330265,0.016137618979609577
53,4.872783884526523,4.7535901911063645,0.025074457121516663
