,y_predicted,y_actual,Relative Error
340,3.7781999607956855,4.02535169073515,0.06139879169025522
228,4.314669907428215,4.532599493153256,0.04808048583472605
329,4.4243878605139,4.6913478822291435,0.05690475923273337
241,4.058924541340306,4.418840607796598,0.08145033921822312
