,y_predicted,y_actual,Relative Error
22,3.743496757104641,4.248495242049359,0.1188652584440981
31,3.375622485113185,3.6888794541139363,0.08491927505286156
