,y_predicted,y_actual,Relative Error
137,7.424742657832672,7.601901959875166,0.023304602318944267
36,8.431118844579327,8.303999970955196,0.015308149574753474
37,8.586378201596656,8.60337088765729,0.0019751195528502122
136,7.364996721606113,7.399398083331354,0.00464921083280231
46,9.824771323773572,9.949416484424528,0.012527886519383764
