features,VIF Factor
log_P(atm),4.295395764688535
log_Fuel(%),23.510778947414273
log_Oxidizer(%),18.74661961419067
T0/S_H__T,2.05101175444113
T0/T,6.344247677679421
