Constant,fixed_acidity,volatile_acidity,citric_acid,residual_sugar,chlorides,free_sulfur_dioxide,total_sulfur_dioxide,density,pH,sulphates,alcohol,training_adj_r2
0.009988967058916387,-0.014155089364753182,-0.005885578809371572,0.006654879586186768,0.005393210650953273,-0.04448422248267497,-0.032694461627221394,-0.008991444313216856,0.4609880344636821,0.06760227025110765,0.0017752332919983294,-0.04505928985704322,0.8601042975510309
