Constant,fixed_acidity,volatile_acidity,citric_acid,residual_sugar,chlorides,free_sulfur_dioxide,total_sulfur_dioxide,density,pH,sulphates,alcohol,training_adj_r2
128.55480892222687,0.021484952211213333,-0.18526137228401895,9.22068718637939e-05,0.07198087301265906,-0.005545204125093633,0.012077729755954277,0.11226733236515503,-12.7186882818867,0.25732071061915934,0.06274433042232265,0.14534075702046662,0.7348356179855848
