Constant,fixed_acidity,volatile_acidity,citric_acid,residual_sugar,chlorides,free_sulfur_dioxide,total_sulfur_dioxide,density,pH,sulphates,alcohol,training_adj_r2
149.41579194441135,0.07699342750998692,-0.199391748037842,-0.015080269519316104,0.08741284890944843,-0.005265751329858704,0.03403565744441657,0.0008451845709566807,-14.96763251187024,0.7218412526631768,0.08321885344348123,0.18790175259485953,0.6726436392442747
