Constant,fixed_acidity,volatile_acidity,citric_acid,residual_sugar,chlorides,free_sulfur_dioxide,total_sulfur_dioxide,density,pH,sulphates,alcohol,training_adj_r2
143.38320681883476,0.09995930000136521,-0.24645149409929243,-0.04943763035372891,0.11019627658923878,0.02641421331378407,0.027109748706356143,0.043885503836997394,-14.390946482346322,0.7204180429529291,0.05783554967392296,0.30585698394804545,0.7878194060883149
