,y_predicted,y_actual,Relative Error
154,6.651272546061845,6.674561391814426,0.003489194927646017
173,7.451632163225334,7.495541943884256,0.0058581195312700975
146,7.348050914509464,7.3310603052186325,0.0023176196325567044
251,8.620078927349518,8.619027497297505,0.00012198940684918484
158,7.509822002432317,7.500529485395295,0.001238914806630168
165,7.811553459967314,7.812782818577581,0.000157352205841939
159,7.748228765954785,7.751045117971802,0.0003633512609140282
174,7.056025074965319,7.01211529430638,0.006261987833342223
