,y_predicted,y_actual,Relative Error
0,4.752960011602522,6.856461984594587,0.3067911668901992
