Constant,fixed_acidity,volatile_acidity,citric_acid,residual_sugar,chlorides,free_sulfur_dioxide,total_sulfur_dioxide,density,pH,sulphates,alcohol,training_adj_r2
176.26075259026402,0.2413711514836751,-0.2954756400750332,-0.06600137400665251,0.13101499473087685,-0.010191005939897718,0.04626023627641768,-0.24768219199394137,-17.804435103039793,1.5539839095735464,0.07236504258372291,0.17916843696664841,0.8775650520168208
