Constant,fixed_acidity,volatile_acidity,citric_acid,residual_sugar,chlorides,free_sulfur_dioxide,total_sulfur_dioxide,density,pH,sulphates,alcohol,training_adj_r2
138.14293267921727,0.13259075229860523,-0.26263774025245895,-0.040667615753231544,0.10290813818629586,-0.0016046204293225555,0.01727076715879399,-0.058490922440565765,-13.851800874695018,0.8873993547566338,0.07927970115064326,0.23014953853325898,0.8104750484968797
