Constant,fixed_acidity,volatile_acidity,citric_acid,residual_sugar,chlorides,free_sulfur_dioxide,total_sulfur_dioxide,density,pH,sulphates,alcohol,training_adj_r2
143.88083579531292,-0.015418090579236154,-0.17247057931843957,0.022094915891415108,0.07464577134425493,0.0014850390386162565,0.025384704545121595,0.062067649804694536,-14.226527332537751,0.13580883266044608,0.062302244108592364,0.17309695438371153,0.8276594616112879
