,y_predicted,y_actual,Relative Error
301,5.294216994034098,5.3230099791384085,0.005409154823521627
38,5.567038487254217,5.717027701406222,0.026235523419820442
24,5.4137247090582035,5.293304824724492,0.022749470948894172
328,5.779142478881474,6.091309882077698,0.05124799250727756
231,6.910701087153422,7.213768308118642,0.04201233086792333
260,5.343224852860827,5.247024072160486,0.018334350934420113
