T0/S_H__T,T0/T,log_Fuel(%),log_Oxidizer(%),log_P(atm)
0.07523007649336351,0.7541553008242645,-1.4082964828086446,1.3349873301430453,1.0389044254033892
