T0/S_H__T,T0/T,log_Fuel(%),log_Oxidizer(%),log_P(atm)
0.08054019427958696,0.7895324042240698,-1.2966469853628384,1.303474105553381,1.0998362521122127
