T0/S_H__T,T0/T,log_Fuel(%),log_Oxidizer(%),log_P(atm)
0.0724102692769473,0.8002019343125505,-0.84614882464833,1.9573448067497259,1.4483023601411522
