,y_predicted,y_actual,Relative Error
129,6.3789063285516026,6.297109319933935,0.012989612290632033
216,5.447213432951447,5.459585514144159,0.0022661209647984785
