,Constant,log_P(atm),log_Fuel(%),log_Oxidizer(%),T0/S_H__T,T0/T
113,1.0,1.5953389880545987,0.9427379018890033,3.044522437723423,0.05328218243819267,0.8525149190110827
154,1.0,1.6974487897568136,-0.05129329438755058,1.8229350866965048,0.195160031225605,0.78064012490242
156,1.0,0.06765864847381486,0.0,1.1786549963416462,0.16223231667748214,0.6489292667099286
158,1.0,1.6937790608678513,-0.05129329438755058,1.8229350866965048,0.2032520325203252,0.8130081300813008
324,1.0,1.2837077723447896,-0.6931471805599453,1.3862943611198906,0.13144058885383805,0.7886435331230284
352,1.0,0.6575200029167941,-0.8675005677047231,1.3862943611198906,0.10105092966855295,0.8084074373484236
353,1.0,1.1314021114911006,-0.8675005677047231,1.3862943611198906,0.1,0.8
365,1.0,0.7561219797213337,-1.7282214484240672,1.3862943611198906,0.03024071610015725,0.8467400508044031
