Constant,fixed_acidity,volatile_acidity,citric_acid,residual_sugar,chlorides,free_sulfur_dioxide,total_sulfur_dioxide,density,pH,sulphates,alcohol,training_adj_r2
117.72506654344915,0.05507640825939067,-0.20269949261545164,-0.014769971967666995,0.07533358772385354,-0.013123973234929968,0.039624358323389036,-0.025493595028709404,-11.765162489102817,0.6501244955559933,0.08541682668185677,0.2215361894210474,0.8030002824287714
