features,VIF Factor
fixed_acidity,2.6448321479976737
volatile_acidity,1.1418622793959503
citric_acid,1.1687635853102583
residual_sugar,12.246420935501014
chlorides,1.2388517817223839
free_sulfur_dioxide,1.7757346356903105
total_sulfur_dioxide,2.215333410187748
density,27.052219508490783
pH,2.1910841540622883
sulphates,1.1358946134063603
alcohol,7.427800116621347
