features,VIF Factor
log_P(atm),4.442486342710261
log_Fuel(%),19.794040349538896
log_Oxidizer(%),16.847529145335365
T0/S_H__T,2.5209602854056703
T0/T,6.338713289110506
