features,VIF Factor
log_P(atm),4.199271230508605
log_Fuel(%),19.599872206368538
log_Oxidizer(%),16.815349860643366
T0/S_H__T,2.376737868385363
T0/T,6.243138775838268
