features,VIF Factor
log_P(atm),2.4747309820923284
log_Fuel(%),6.9297071153533505
log_Oxidizer(%),7.5943121321812965
T0/S_H__T,2.029435318906227
T0/T,3.4847205820186615
