features,VIF Factor
log_P(atm),2.1984021680821333
log_Fuel(%),5.554854391872413
log_Oxidizer(%),6.3156279383013265
T0/S_H__T,2.1213363948614603
T0/T,3.095708351472922
