features,VIF Factor
log_P(atm),4.001252788663274
log_Fuel(%),19.76198936137412
log_Oxidizer(%),16.709729250256657
T0/S_H__T,2.320744686043171
T0/T,5.974290023410912
