features,VIF Factor
log_P(atm),2.4020746701008497
log_Fuel(%),6.683772968182831
log_Oxidizer(%),7.609946972723495
T0/S_H__T,2.056647843753922
T0/T,3.5601273226450587
