features,VIF Factor
log_P(atm),4.60843647191659
log_Fuel(%),21.50224607770164
log_Oxidizer(%),17.26092444197163
T0/S_H__T,2.0664455647229847
T0/T,6.596805539865174
