features,VIF Factor
log_P(atm),2.238304252639633
log_Fuel(%),5.379280270165012
log_Oxidizer(%),6.162681469325007
T0/S_H__T,2.192306616895035
T0/T,3.1732725943650375
