,y_predicted,y_actual,Relative Error
0,7.722918366248008,11,0.297916512159272
1,5.388510573674099,7,0.2302127751894145
2,4.0005081704577625,6,0.3332486382570396
3,6.437530300820517,8,0.1953087123974354
4,8.125427793192996,11,0.26132474607336403
