,y_predicted,y_actual,Relative Error
0,18.144719502897377,12,0.5120599585747815
1,16.90025492141766,9,0.8778061023797399
2,21.967357941139117,12,0.830613161761593
