,y_predicted,y_actual,Relative Error
214,4.652173991061771,4.736198448394496,0.01774090723778857
123,3.783518183867892,4.290459441148391,0.1181554712809056
70,4.74207253500336,4.795790545596741,0.011201075210155382
