,Constant,log_P(atm),log_Fuel(%),log_Oxidizer(%),T0/S_H__T,T0/T,Class,Time(μs)_actual,Time(μs)_predicted
36,1.0,0.0769610411361284,0.0,2.5649493574615367,0.17580872011251758,0.7032348804500703,10,4.875197323201151,4.5841663019869925
38,1.0,0.8109302162163288,-3.506557897319982,-0.9480394301887354,0.03901373283395755,0.6242197253433208,10,4.820281565605037,3.875675790159106
