,Constant,log_P(atm),log_Fuel(%),log_Oxidizer(%),T0/S_H__T,T0/T,Class,Time(μs)_actual,Time(μs)_predicted
11,1.0,0.6830968447064438,-1.8325814637483102,1.3862943611198906,0.06375924509053812,0.7651109410864575,7,6.4967749901858625,5.494847610643142
19,1.0,0.26236426446749106,-0.916290731874155,2.174751721484161,0.07423904974016332,0.7423904974016332,7,5.655991810819852,5.416820634905581
24,1.0,1.3217558399823195,-3.506557897319982,-1.1086626245216111,0.05847953216374269,0.5847953216374269,7,3.8918202981106265,4.082614551229915
30,1.0,3.9871304779149512,0.6280751838162305,3.0252910757955354,0.11001100110011001,1.1001100110011002,7,5.537334267018537,5.558528512742315
33,1.0,0.13976194237515863,0.6931471805599453,2.5649493574615367,0.17433751743375175,0.697350069735007,7,5.19295685089021,5.09604846516297
37,1.0,0.10436001532424286,0.0,2.5649493574615367,0.17705382436260622,0.7082152974504249,7,5.003946305945459,5.36524661889364
43,1.0,0.5481214085096876,-1.3862943611198906,1.3862943611198906,0.13196093956188967,0.7917656373713381,7,7.237778191923443,5.884199364940958
