,y_predicted,y_actual,Relative Error
2821,12.584516901300264,13.0,0.031960238361518185
2123,14.068068405891776,14.0,0.004862028992269681
2197,8.449819102305074,8.0,0.0562273877881343
2809,18.129179081335067,18.0,0.00717661562972596
2713,15.981135129651491,16.0,0.0011790543967817868
