features,VIF Factor
log_P(atm),3.2646115872439525
log_Fuel(%),16.41553161587874
log_Oxidizer(%),14.158919878206026
T0/S_H__T,2.4017344816999158
T0/T,4.34082046109889
