features,VIF Factor
len,37.66407300255386
dia,42.588728583536685
hei,1.4347949998604095
w_wei,110.09934365683398
s_wei,42.457350697609726
v_wei,18.868736517339375
sh_wei,20.93341716603613
