Constant,fixed_acidity,volatile_acidity,citric_acid,residual_sugar,chlorides,free_sulfur_dioxide,total_sulfur_dioxide,density,pH,sulphates,alcohol,training_adj_r2
161.41222810091836,-0.031129031643127636,-0.18556910855964853,0.0011141264369211867,0.07901264587057372,0.001958444853691177,0.00011986687586812428,0.12627606071635933,-15.949137367688792,0.11958249035491342,0.06900576426178064,0.10893829932371368,0.9912205812374857
