features,VIF Factor
log_P(atm),4.756090858545007
log_Fuel(%),19.36944428728121
log_Oxidizer(%),15.920194738851595
T0/S_H__T,2.285221184953579
T0/T,6.740608205534425
