,y_predicted,y_actual,Relative Error
2170,5.870927963463443,6,0.021512006089426123
899,5.731490439115391,6,0.04475159348076815
443,6.122099451103941,6,0.020349908517323545
622,3.0262705501606098,3,0.008756850053536583
1570,5.808585565740294,6,0.031902405709951065
1976,4.906926937431918,5,0.018614612513616357
2967,5.832702891545919,6,0.027882851409013476
