,y_predicted,y_actual,Relative Error
251,6.940709210297792,6.825460036255307,0.01688518772805161
416,7.785097707336848,7.550661243105336,0.031048468032595318
