features,VIF Factor
log_P(atm),4.419322623365255
log_Fuel(%),18.501914071710342
log_Oxidizer(%),18.33723841482929
T0/S_H__T,4.182919708238232
T0/T,3.4074635452466104
