,y_predicted,y_actual,Relative Error
333,4.438476251412774,4.356708826689592,0.01876816376211958
184,4.0275067519234025,3.295836866004329,0.22199821036837455
134,7.500541262092694,6.695798917058491,0.12018615776886736
