Constant,log_P(atm),log_Fuel(%),log_Oxidizer(%),T0/S_H__T,T0/T,Training_R2,Testing_R2
0.2477,-0.5386,-0.2645,0.1306,2.2421,6.4268,0.9603775647227673,0.9672945800362258
