Constant,log_P(atm),log_Fuel(%),log_Oxidizer(%),T0/S_H__T,T0/T,Training_R2,Testing_R2
-1.0292,-0.6063,-0.4982,0.2324,3.0022,8.4963,0.9740875295482204,0.9450272242252883
