Constant,log_P(atm),log_Fuel(%),log_Oxidizer(%),T0/S_H__T,T0/T,Training_R2,Testing_R2
-0.9556,-0.5685,-0.4927,0.1773,2.1878,8.5692,0.909438646822107,0.8549499713811303
