Constant,log_P(atm),log_Fuel(%),log_Oxidizer(%),T0/S_H__T,T0/T,Training_R2,Testing_R2
-1.7433,-0.614,-0.5333,0.1747,3.1506,9.5806,0.8760257780764821,0.7883121145082785
