features,VIF Factor
log_P(atm),3.2140284257275775
log_Fuel(%),19.04085029978455
log_Oxidizer(%),15.385948134539435
T0/S_H__T,2.227539480520752
T0/T,5.018114836201075
