features,VIF Factor
log_P(atm),4.481092887305733
log_Fuel(%),20.360559527345362
log_Oxidizer(%),17.6662343630205
T0/S_H__T,2.2894486384026784
T0/T,6.567068254203157
