,y_predicted,y_actual,Relative Error
4,4.610639237440749,4.51085950651685,0.022119893288573274
66,6.833824300662414,6.78105762593618,0.007781481538279837
247,5.128061651809736,5.187385805840755,0.011436233249553748
139,5.297855048441748,5.030437921392435,0.05315981058271182
277,5.054226074517429,5.081404364984463,0.0053485785650750255
304,4.976600499582807,4.875197323201151,0.02079980966084714
