,y_predicted,y_actual,Relative Error
293,4.357641377807109,4.248495242049359,0.025690539718034554
250,4.672420041555519,4.795790545596741,0.025724748165762836
