,y_predicted,y_actual,Relative Error
437,5.660813770018638,5.730099782973574,0.01209158925308985
310,4.989859287738178,4.941642422609304,0.009757254978277993
386,4.461383670143768,4.499809670330265,0.008539472333654735
313,5.189476431335697,5.225746673713202,0.006940681330756626
