,Constant,log_P(atm),log_Fuel(%),log_Oxidizer(%),T0/S_H__T,T0/T
226,1.0,0.7080357930536959,-3.506557897319982,-0.5418004280654213,0.040956749672346006,0.6553079947575361
293,1.0,0.7514160886839212,-3.506557897319982,-1.1086626245216111,0.05605381165919283,0.5605381165919282
