,Constant,CRIM,ZN,INDUS,CHAS,NOX,RM,AGE,DIS,RAD,TAX,PTRATIO,B,LSTAT
0,1.0,0.15086,0.0,27.74,0,0.609,5.454,92.7,1.8209,4,711,20.1,395.09,18.06
3,1.0,24.3938,0.0,18.1,0,0.7,4.652,100.0,1.4672,24,666,20.2,396.9,28.28
105,1.0,3.69695,0.0,18.1,0,0.718,4.963,91.4,1.7523,24,666,20.2,316.03,14.0
181,1.0,0.06162,0.0,4.39,0,0.442,5.898,52.3,8.0136,3,352,18.8,364.61,12.67
244,1.0,4.64689,0.0,18.1,0,0.614,6.98,67.6,2.5329,24,666,20.2,374.68,11.66
294,1.0,14.3337,0.0,18.1,0,0.7,4.88,100.0,1.5895,24,666,20.2,372.92,30.62
403,1.0,7.40389,0.0,18.1,0,0.597,5.617000000000001,97.9,1.4547,24,666,20.2,314.64,26.4
406,1.0,28.6558,0.0,18.1,0,0.597,5.155,100.0,1.5894,24,666,20.2,210.97,20.08
431,1.0,25.9406,0.0,18.1,0,0.679,5.3039999999999985,89.1,1.6475,24,666,20.2,127.36,26.64
