,Constant,CRIM,ZN,INDUS,CHAS,NOX,RM,AGE,DIS,RAD,TAX,PTRATIO,B,LSTAT
14,1.0,1.62864,0.0,21.89,0,0.624,5.019,100.0,1.4394,4,437,21.2,396.9,34.41
16,1.0,0.36894,22.0,5.86,0,0.431,8.259,8.4,8.9067,7,330,19.1,396.9,3.54
25,1.0,4.8982199999999985,0.0,18.1,0,0.631,4.97,100.0,1.3325,24,666,20.2,375.52,3.26
155,1.0,9.2323,0.0,18.1,0,0.631,6.216,100.0,1.1691,24,666,20.2,366.15,9.53
235,1.0,0.28955,0.0,10.59,0,0.489,5.412000000000001,9.8,3.5875,4,277,18.6,348.93,29.55
286,1.0,0.01951,17.5,1.38,0,0.4161,7.104,59.5,9.2229,3,216,18.6,393.24,8.05
359,1.0,18.4982,0.0,18.1,0,0.6679999999999999,4.138,100.0,1.137,24,666,20.2,396.9,37.97
379,1.0,2.37934,0.0,19.58,0,0.871,6.13,100.0,1.4191,5,403,14.7,172.91,27.8
432,1.0,0.14455,12.5,7.87,0,0.524,6.1720000000000015,96.1,5.9505,5,311,15.2,396.9,19.15
