,y_predicted,y_actual,Relative Error
1499,3.34035289078148,3,0.11345096359382663
34,3.6337426192256963,3,0.21124753974189878
3319,4.008397999539536,4,0.002099499884884004
494,3.812303309331403,4,0.04692417266714921
