,Constant,log_P(atm),log_Fuel(%),log_Oxidizer(%),T0/S_H__T,T0/T
0,1.0,0.7178397931503168,-1.1394342831883648,1.3862943611198906,0.06587615283267458,0.7905138339920948
1,1.0,0.6981347220709843,-1.1394342831883648,1.3862943611198906,0.06464959917248513,0.7757951900698216
2,1.0,1.2149127443642704,-1.1394342831883648,1.3862943611198906,0.06500260010400416,0.7800312012480499
3,1.0,1.3217558399823195,-1.1394342831883648,1.3862943611198906,0.06317917614354308,0.7581501137225171
8,1.0,1.8562979903656263,-0.6616485135005743,3.044522437723423,0.04681647940074907,0.9363295880149812
9,1.0,1.4422019930581866,-0.38639804539093864,3.044522437723423,0.050352467270896276,1.0070493454179255
14,1.0,0.5187937934151675,-1.2517634681622845,1.3862943611198906,0.05545696539485359,0.7763975155279503
24,1.0,0.767790723555711,-3.506557897319982,-1.1086626245216111,0.06693440428380187,0.6693440428380187
