features,VIF Factor
log_P(atm),2.1604448555352476
log_Fuel(%),21.84783104346493
log_Oxidizer(%),16.78993424967045
T0/S_H__T,1.6076384664424725
T0/T,3.1058341085996104
