,y_predicted,y_actual,Relative Error
409,6.267570691948401,6.280395838960195,0.0020420921452488474
370,5.995749086567431,5.846438775057725,0.02553867700568412
408,6.202003030340735,6.184148890937483,0.0028870811033375418
394,5.674787950545846,5.697093486505405,0.003915248365222275
401,6.223274077718198,6.230481447578482,0.001156791801873531
