features,VIF Factor
len,33.31087272077914
dia,35.892234458838125
hei,4.767082677391696
w_wei,76.91141882591735
s_wei,24.067060621389672
v_wei,12.837989253861668
sh_wei,14.608263800573448
