features,VIF Factor
log_P(atm),4.082932273348958
log_Fuel(%),22.018125583341103
log_Oxidizer(%),18.53905851633649
T0/S_H__T,2.3530361155743056
T0/T,6.103833609478958
