,y_predicted,y_actual,Relative Error
3240,7.969304093070264,8,0.0038369883662170423
2190,7.893208251499765,8,0.013348968562529429
