Constant,fixed_acidity,volatile_acidity,citric_acid,residual_sugar,chlorides,free_sulfur_dioxide,total_sulfur_dioxide,density,pH,sulphates,alcohol,training_adj_r2
138.96636731236438,0.12834116624797415,-0.25544899445956976,-0.03914687717506138,0.10307037125118673,-0.003961349798080067,0.02152630630484773,-0.0834080291332498,-13.920389276008208,0.8751559545511326,0.075571543215438,0.2252849008107566,0.8109201647234441
