,y_predicted,y_actual,Relative Error
197,3.8704915835228553,3.7612001156935624,0.029057605143974007
193,3.8704915835228553,3.6109179126442243,0.07188578559753211
