,y_predicted,y_actual,Relative Error
222,7.028167446797735,6.985641817639208,0.006087576527491935
219,7.4526523953774815,7.392647520721623,0.008116831552926635
238,6.981944420225456,6.934397209928558,0.0068567185953554224
96,6.0480457231927485,6.018593214496234,0.00489358686438148
148,6.2169830041336755,6.419994928147142,0.03162181999917209
163,5.977295868777592,5.855071922202427,0.02087488389539534
