,y_predicted,y_actual,Relative Error
87,7.188847733242327,7.550661243105336,0.04791812242846781
0,6.850289991142614,6.755768921984255,0.013991163737228198
133,5.855444219527106,5.572154032177765,0.05084033673753687
8,6.433836779711654,6.419994928147142,0.002156053348862446
178,5.303671669731297,5.384495062789089,0.015010394125224967
77,6.815205322530733,6.723832440821209,0.013589404928473351
32,7.465490580298203,7.330405211844402,0.018428090201007063
