Constant,fixed_acidity,volatile_acidity,citric_acid,residual_sugar,chlorides,free_sulfur_dioxide,total_sulfur_dioxide,density,pH,sulphates,alcohol,training_adj_r2
-115.88685062117712,-0.3047788238990453,-0.2420193912795427,-0.06375195233230782,-0.04555963526431675,0.029261965243313176,-0.0054895097771981705,-0.09989278800551744,12.498683053491321,-1.9934852388395203,0.035656009861487536,0.4338103483681356,0.5539339262179793
-115.8868506211744,-0.3047788238990435,-0.2420193912795462,-0.0637519523323059,-0.04555963526431686,0.029261965243315494,-0.005489509777197699,-0.09989278800551632,12.498683053491021,-1.993485238839516,0.03565600986148776,0.4338103483681308,0.55393392621797
