features,VIF Factor
log_P(atm),1.828690164224083
log_Fuel(%),10.420222662622763
log_Oxidizer(%),11.324024177366384
T0/S_H__T,2.4499653886809702
T0/T,3.0878959855472687
