features,VIF Factor
log_P(atm),2.4342144128243195
log_Fuel(%),6.748349189414441
log_Oxidizer(%),6.986142621053935
T0/S_H__T,2.0786450050260155
T0/T,3.3231123609589597
