,y_predicted,y_actual,Relative Error
402,18.360246215363052,17.8,0.03147450648107029
273,31.26860832257389,31.2,0.0021989846978811055
275,21.43857979926652,22.2,0.0342982072402468
399,37.68306875949791,37.3,0.01026993993291983
365,27.557913621145005,27.5,0.0021059498598183586
