,y_predicted,y_actual,Relative Error
3454,13.18473499899504,13.0,0.014210384538080016
3679,13.818788501737995,14.0,0.012943678447286087
353,17.800967949984702,18.0,0.011057336111960976
1426,13.868064993116555,14.0,0.009423929063103234
