,y_predicted,y_actual,Relative Error
3314,11.06740127331263,11.0,0.0061273884829663346
2257,9.999560378232955,10.0,4.396217670450397e-05
2319,13.012204547048338,13.0,0.0009388113114106034
3530,14.91774193263853,15.0,0.005483871157431371
3043,8.976061743457524,9.0,0.002659806282497278
