,y_predicted,y_actual,Relative Error
0,4.417185046132747,4.060443010546419,0.08785790975510355
1,4.4005341993940315,4.382026634673881,0.004223517167537166
2,5.1417076581687144,5.497168225293202,0.06466248667613379
3,3.998732836705188,4.290459441148391,0.06799425759520028
4,5.110892152994165,5.777652323222656,0.1154033044786237
5,4.7027242262010525,6.856461984594587,0.3141179464325261
