,y_predicted,y_actual,Relative Error
0,5.845209702109601,6.298949246855942,0.07203416426522576
1,4.852003207679523,6.856461984594587,0.29234593313851565
2,4.737193767265994,4.875197323201151,0.02830727594930271
