,y_predicted,y_actual,Relative Error
0,7.026401581784334,7.665753431861699,0.08340365441705734
1,6.086798371723618,7.110696122978827,0.14399402443122203
2,5.728915062535562,6.56244409369372,0.12701502965322778
