,y_predicted,y_actual,Relative Error
0,5.501592062936385,5.777652323222656,0.04778069791023546
1,5.022937740034299,4.948759890378168,0.014989179370038604
2,5.539310150578483,5.777652323222656,0.04125242560653609
3,4.63588793657726,4.499809670330265,0.030240893774737605
4,4.766433847911934,4.941642422609304,0.03545553476223719
5,7.0500290243630745,6.78105762593618,0.03966511026217109
6,5.43227640851798,5.726847747587197,0.05143690771128388
