features,VIF Factor
len,9.793428398218229
dia,36.089419749684176
hei,37.58370663364343
w_wei,596.5148078204028
s_wei,32.00052669976087
v_wei,261.00603163089784
sh_wei,311.64696810999874
