features,VIF Factor
len,32.307272341304206
dia,32.743914213149
hei,4.329283048888228
w_wei,37.8674385282458
s_wei,9.399468029691883
v_wei,9.727903923464199
sh_wei,11.555309738463325
