features,VIF Factor
len,47.93260101793018
dia,52.234913598796474
hei,3.7168466483270532
w_wei,24.534864850314772
s_wei,5.9630813040911
v_wei,12.141885677344687
sh_wei,15.485671923075603
