,y_predicted,y_actual,Relative Error
395,5.082195690357166,5.19295685089021,0.02132911243313284
516,4.495109774646649,4.430816798843313,0.014510411674010067
394,5.093452720800089,5.247024072160486,0.029268276502715455
529,4.451293942440631,4.564348191467836,0.024768979991171152
339,7.093811944677011,7.410347097821024,0.042715293759598476
