Constant,fixed_acidity,volatile_acidity,citric_acid,residual_sugar,chlorides,free_sulfur_dioxide,total_sulfur_dioxide,density,pH,sulphates,alcohol,training_adj_r2
-26.333922794269483,-0.1430339510120615,-0.11169294618369155,0.03133766304182245,-0.0004057711328183944,-0.008230891747790313,-0.017860571094563654,-0.07443350899651491,3.1610065658471243,-0.2878028426889232,0.03259087976243519,0.09290953621193576,0.07947560066146009
