Constant,fixed_acidity,volatile_acidity,citric_acid,residual_sugar,chlorides,free_sulfur_dioxide,total_sulfur_dioxide,density,pH,sulphates,alcohol,training_adj_r2
158.39337288922297,-0.008673030163834985,-0.1916357189819762,0.0023026524238260633,0.08389758135854739,-0.011417976194155507,0.003811613671702285,0.1265637783370212,-15.66158654217769,0.31723517438149873,0.06314730837597836,0.07668696856255582,0.39517104130685354
