,Constant,log_P(atm),log_Fuel(%),log_Oxidizer(%),T0/S_H__T,T0/T,Class,Time(μs)_actual,Time(μs)_predicted
43,1.0,1.5953389880545987,0.9427379018890034,3.044522437723423,0.05328218243819267,0.8525149190110827,11,6.856461984594587,4.7602776215646
