,Constant,log_P(atm),log_Fuel(%),log_Oxidizer(%),T0/S_H__T,T0/T,Class,Time(μs)_actual,Time(μs)_predicted
5,1.0,0.20701416938432612,-0.05129329438755058,1.8229350866965048,0.19592476489028213,0.7836990595611285,3,7.266827347520591,7.418907539506964
10,1.0,1.8325814637483102,-0.5918549290780729,3.044522437723423,0.045167118337850046,0.9033423667570009,3,7.090076835776092,7.147424399147597
17,1.0,1.7509374747078,-0.5561717255328675,3.044522437723423,0.047664442326024785,0.9532888465204957,3,7.855932199718614,7.780252366668053
18,1.0,1.8809906029559975,-0.5711065546509208,3.044522437723423,0.04748338081671415,0.949667616334283,3,7.652070746116482,7.645191755240012
21,1.0,1.4883995840570443,-0.18632957819149348,3.044522437723423,0.04830917874396135,0.966183574879227,3,7.497207223203318,7.9413997338453575
28,1.0,2.8166056076565553,0.6280751838162305,3.0252910757955354,0.09541984732824428,0.9541984732824428,3,6.74993119378857,6.565205803424467
34,1.0,1.7173950539391927,-0.916290731874155,1.4816045409242156,0.0728862973760933,0.7288629737609329,3,5.631211781821365,5.526509901998502
39,1.0,0.7178397931503168,-1.1394342831883648,1.3862943611198906,0.06587615283267458,0.7905138339920948,3,7.358193752733032,7.095242361184797
40,1.0,0.6981347220709843,-1.1394342831883648,1.3862943611198906,0.06464959917248513,0.7757951900698216,3,7.088408778675395,6.934788510198888
