features,VIF Factor
log_P(atm),4.341542026008879
log_Fuel(%),24.19234714226193
log_Oxidizer(%),18.35673206378449
T0/S_H__T,2.1843171705107336
T0/T,7.016959569006279
