features,VIF Factor
log_P(atm),4.559731479085578
log_Fuel(%),23.26776451267481
log_Oxidizer(%),15.793870796607825
T0/S_H__T,3.6627353889793466
T0/T,5.537146958062672
