features,VIF Factor
log_P(atm),15.619616851354731
log_Fuel(%),106.36590532191597
log_Oxidizer(%),106.02821865006428
T0/S_H__T,8.541602102973492
T0/T,20.391815782412866
