features,VIF Factor
log_P(atm),4.185750616882127
log_Fuel(%),15.377593623448561
log_Oxidizer(%),12.954840715510647
T0/S_H__T,2.438153793539031
T0/T,5.691070292947876
