features,VIF Factor
log_P(atm),3.86723171519201
log_Fuel(%),16.66673522907532
log_Oxidizer(%),12.813923735007151
T0/S_H__T,2.7084450990571063
T0/T,5.2463285285952725
