features,VIF Factor
log_P(atm),4.529480205698112
log_Fuel(%),50.89899844924821
log_Oxidizer(%),32.803720263424395
T0/S_H__T,6.104993073725991
T0/T,7.436592487345855
