,y_predicted,y_actual,Relative Error
171,6.60699235317251,6.8308742346461795,0.03277499684273811
283,5.450045985232701,5.176149732573829,0.05291505594114216
88,6.608378897395496,6.54965074223381,0.008966608674717809
121,6.60519521417478,6.6052979209482015,1.554915079537013e-05
244,5.97356364565234,5.730099782973574,0.04248859040852915
379,6.629139952997491,6.895682697747868,0.03865356867963634
213,6.921236244800288,7.002155954403621,0.011556399219078113
298,6.008901819018363,6.1903154058531475,0.029306032882145526
