features,VIF Factor
log_P(atm),4.970134013503278
log_Fuel(%),22.490124685072132
log_Oxidizer(%),14.839204198865033
T0/S_H__T,3.60509496073928
T0/T,6.959406765509105
