,Constant,log_P(atm),log_Fuel(%),log_Oxidizer(%),T0/S_H__T,T0/T,Class,Time(μs)_actual,Time(μs)_predicted
13,1.0,0.4824261492442928,-1.3862943611198906,1.3862943611198906,0.11671335200746966,0.7002801120448179,8,5.030437921392435,5.28624774174702
31,1.0,0.6097655716208943,-1.9449106487222296,1.3862943611198906,0.05157297576070139,0.7220216606498195,8,5.442417710521793,5.568185527207056
