,Constant,log_P(atm),log_Fuel(%),log_Oxidizer(%),T0/S_H__T,T0/T,Class,Time(μs)_actual,Time(μs)_predicted
0,1.0,0.5538851132264376,-0.6931471805599453,1.3862943611198906,0.11193194537721066,0.6715916722632639,7,4.976733742420574,4.295081524501006
11,1.0,0.5481214085096876,-1.3862943611198906,1.3862943611198906,0.13196093956188967,0.7917656373713381,7,7.237778191923443,7.064026628279203
30,1.0,0.6729444732424258,-1.9449106487222296,1.3862943611198906,0.05562972852692479,0.778816199376947,7,6.660575149839686,6.513011383517792
