features,VIF Factor
log_P(atm),2.2331985993421055
log_Fuel(%),6.78749406231133
log_Oxidizer(%),7.034621638862861
T0/S_H__T,2.030414796871064
T0/T,3.0614441701766224
