,y_predicted,y_actual,Relative Error
3227,4.888419089868563,5,0.02231618202628738
250,3.8175453112845616,4,0.04561367217885959
1614,4.93361729692819,5,0.01327654061436192
2873,3.952116390363301,4,0.011970902409174755
421,4.205521464765844,4,0.05138036619146091
1806,4.169707719333763,4,0.04242692983344076
