features,VIF Factor
log_P(atm),2.1767099088725055
log_Fuel(%),5.35783806127928
log_Oxidizer(%),6.079752111089203
T0/S_H__T,2.171363767014969
T0/T,3.230038692759644
