features,VIF Factor
log_P(atm),5.312962668243048
log_Fuel(%),26.980076431148454
log_Oxidizer(%),19.855380018414245
T0/S_H__T,2.7797288113175758
T0/T,8.619578002235261
