features,VIF Factor
log_P(atm),4.3173892303549355
log_Fuel(%),19.30130915889171
log_Oxidizer(%),16.05382210567034
T0/S_H__T,2.58017388175142
T0/T,6.0840747644904285
