Constant,log_P(atm),log_Fuel(%),log_Oxidizer(%),T0/S_H__T,T0/T,training_adj_r2
-0.4956326192352728,-0.4946599300931084,-0.255359927799909,0.003856546428128854,2.2476729589825286,7.287863558015482,0.9165954117013365
