Constant,fixed_acidity,volatile_acidity,citric_acid,residual_sugar,chlorides,free_sulfur_dioxide,total_sulfur_dioxide,density,pH,sulphates,alcohol,training_adj_r2
113.33222708866862,0.053379121043025266,-0.1942758700292466,-0.0070185802743705505,0.07211334746410145,-0.008712379698911955,0.0385401390571923,0.008862207777273312,-11.328625697836804,0.6039558040515224,0.07872532579744128,0.23518077469487264,0.8752717385882631
