Constant,fixed_acidity,volatile_acidity,citric_acid,residual_sugar,chlorides,free_sulfur_dioxide,total_sulfur_dioxide,density,pH,sulphates,alcohol,training_adj_r2
159.86904864813297,0.011005519957359239,-0.15551760894898814,0.02826633782732391,0.07744960417978018,0.005069136276975285,0.026051966092028162,0.08515636986240616,-15.871671136445347,0.23707188263979836,0.051212811129395075,0.154343905883333,0.8865197063954239
