Constant,fixed_acidity,volatile_acidity,citric_acid,residual_sugar,chlorides,free_sulfur_dioxide,total_sulfur_dioxide,density,pH,sulphates,alcohol,training_adj_r2
274.020286685682,-0.0343742608501314,-0.1911687319782974,0.05149201289784546,0.1181381428200652,0.010198922397047158,-0.012054912002779833,0.1290748035449389,-27.278531489501397,0.2771330285553474,0.1185164509133649,-0.01080830978485367,0.9401767799782977
