Constant,fixed_acidity,volatile_acidity,citric_acid,residual_sugar,chlorides,free_sulfur_dioxide,total_sulfur_dioxide,density,pH,sulphates,alcohol,training_adj_r2
181.6850262537689,0.2683374403101078,-0.23115575393279883,-0.04702205539115015,0.10278660947098328,0.009219434162537829,0.02402873446584583,-0.1660177917424714,-18.335155345685195,1.20700441382676,0.013879656931452086,0.23100333098858328,0.8917253359823407
