Constant,fixed_acidity,volatile_acidity,citric_acid,residual_sugar,chlorides,free_sulfur_dioxide,total_sulfur_dioxide,density,pH,sulphates,alcohol,training_adj_r2
67.75353984692833,-0.1796025744562873,-0.07175457566540513,0.0016263602643771524,0.010753553491004708,-0.04139760869755088,-0.020177389960602907,-0.13285470695096646,-5.993708500219256,-0.9272369501889501,0.13047468671139897,-0.024346292089012178,0.9333502556192945
