Constant,log_P(atm),log_Fuel(%),log_Oxidizer(%),T0/S_H__T,T0/T,Training_R2,Testing_R2
-2.3318,-0.617,-0.4676,0.0696,4.7038,10.4176,0.9728136503650825,0.9816947756191285
