Constant,log_P(atm),log_Fuel(%),log_Oxidizer(%),T0/S_H__T,T0/T,Training_R2,Testing_R2
-1.1396,-0.2403,-0.3225,-0.0158,3.477,6.2162,0.9958238145362502,-0.018255124332861694
