,Constant,log_P(atm),log_Fuel(%),log_Oxidizer(%),T0/S_H__T,T0/T,Class,Time(μs)_actual,Time(μs)_predicted
6,1.0,0.8020015854720274,-3.2188758248682006,-0.2876820724517809,0.031545741324921134,0.6309148264984227,4,4.060443010546419,4.6121054469540805
14,1.0,1.851599469584072,-0.30938249943111995,3.044522437723423,0.04280821917808219,0.8561643835616438,4,6.182084906716632,5.037830807992695
18,1.0,1.801709800081223,0.5062150112083075,3.044522437723423,0.04878048780487805,0.975609756097561,4,6.297109319933935,5.732767021480913
21,1.0,0.1823215567939546,-0.916290731874155,2.174751721484161,0.06872852233676977,0.6872852233676976,4,4.454347296253507,4.847148914379186
38,1.0,0.598836501088704,-1.9449106487222296,1.3862943611198906,0.04859086491739553,0.6802721088435374,4,4.532599493153256,4.800133224387966
40,1.0,0.10436001532424286,0.0,2.5649493574615367,0.17705382436260622,0.7082152974504249,4,5.003946305945459,5.075667320485348
