,Constant,log_P(atm),log_Fuel(%),log_Oxidizer(%),T0/S_H__T,T0/T
87,1.0,2.991724252156452,0.6280751838162305,3.0252910757955354,0.11764705882352941,1.1764705882352942
