,y_predicted,y_actual,Relative Error
370,3.5933877961850986,3.6109179126442243,0.0048547535234022155
