,y_predicted,y_actual,Relative Error
39,7.366147168454863,7.288244401020124,0.010688824790759603
140,7.103048826920245,7.16703787691222,0.00892824219585998
