features,VIF Factor
log_P(atm),5.693649927334041
log_Fuel(%),23.420135794504624
log_Oxidizer(%),17.16104374334825
T0/S_H__T,2.573105781803206
T0/T,9.060119821308229
