features,VIF Factor
log_P(atm),4.4499343874779935
log_Fuel(%),18.29461278275149
log_Oxidizer(%),15.762678196539396
T0/S_H__T,2.8638770864048344
T0/T,6.019647704900689
