features,VIF Factor
log_P(atm),1.567565330843439
log_Fuel(%),8.324275389308692
log_Oxidizer(%),9.624719761721229
T0/S_H__T,2.2716055082625073
T0/T,3.227362228872862
