features,VIF Factor
log_P(atm),4.72961027021084
log_Fuel(%),18.296010880408442
log_Oxidizer(%),15.662292809629715
T0/S_H__T,2.3458579883963955
T0/T,6.8440037893016425
