,y_predicted,y_actual,Relative Error
35,5.192344356158358,5.176149732573829,0.0031287007565904876
161,7.056757698625846,7.1204443723924875,0.00894419932744203
149,6.933309452820953,6.96979066990159,0.005234191212969718
