,y_predicted,y_actual,Relative Error
3255,2.66843811756371,3,0.11052062747876334
1499,3.0421807082192345,3,0.014060236073078158
969,4.160813581067515,4,0.04020339526687877
3319,3.738188414162096,4,0.06545289645947605
657,3.4990628725425097,4,0.12523428186437258
