,Constant,fixed_acidity,volatile_acidity,citric_acid,residual_sugar,chlorides,free_sulfur_dioxide,total_sulfur_dioxide,density,pH,sulphates,alcohol
617,1.0,6.0,3.5,4.6000000000000005,0.9,3.3000000000000003,0.9,0.65,9.8934,3.24,3.5,12.1
657,1.0,5.8,2.8000000000000003,3.5,2.3,5.3,3.6,1.14,9.924,3.28,5.0,10.2
1443,1.0,5.8,3.5999999999999996,3.8,0.9,3.7000000000000006,0.3,0.75,9.904,3.28,3.4000000000000004,11.4
2068,1.0,11.8,2.3000000000000003,3.8,11.1,3.4000000000000004,1.5,1.23,9.997,2.93,5.5,9.7
2634,1.0,6.7,3.1,3.1,9.9,4.0,1.0,1.75,9.953,3.46,5.5,11.4
3875,1.0,8.5,1.7000000000000002,4.9,8.8,4.8,2.3,1.08,9.947000000000001,2.88,3.4000000000000004,10.5
4261,1.0,6.7,2.5,2.6,1.55,4.1000000000000005,11.85,2.16,9.949,3.55,6.3,9.4
