,y_predicted,y_actual,Relative Error
367,17.428395438162163,16.2,0.07582687889889897
387,16.730642135250008,15.3,0.09350602191176519
