,y_predicted,y_actual,Relative Error
7,4.755507618075707,4.875197323201151,0.02455074065532465
318,4.675610325837634,4.700480365792417,0.005290957097868847
