features,VIF Factor
fixed_acidity,1.8333601900108012
volatile_acidity,2.257262802449829
citric_acid,1.3354607420760896
residual_sugar,18.684458426649176
chlorides,1.8369901547898793
free_sulfur_dioxide,1.6556120501918226
total_sulfur_dioxide,2.1668069055657972
density,24.36415238446787
pH,2.314574173899136
sulphates,1.3776357595507724
alcohol,4.37149202579841
