features,VIF Factor
fixed_acidity,3.206199785865325
volatile_acidity,2.729936040424345
citric_acid,1.4924847911646546
residual_sugar,19.729621737895553
chlorides,2.5270424162135883
free_sulfur_dioxide,2.518578477621104
total_sulfur_dioxide,3.6200502386989424
density,35.35755227763078
pH,2.08401109360133
sulphates,1.8320938099352744
alcohol,7.911065569699921
