features,VIF Factor
fixed_acidity,3.491139369547494
volatile_acidity,1.1323848180421754
citric_acid,1.1870692679727493
residual_sugar,21.377465109264673
chlorides,1.1704556933282042
free_sulfur_dioxide,2.0078384334442614
total_sulfur_dioxide,2.4796805535686435
density,51.86404314692945
pH,2.694652010512491
sulphates,1.1485163907990348
alcohol,12.652307243167183
