Constant,log_P(atm),log_Fuel(%),log_Oxidizer(%),T0/S_H__T,T0/T,training_adj_r2
-2.1332422697609683,-0.6258186838580331,-0.4964165285791714,0.1046351920264726,3.3387953814923663,10.276966391453607,0.8789632773879954
-1.7670182802821033,-0.6185189808175551,-0.5265420891483736,0.13630907977386125,2.506168737903736,9.763437639967725,0.8727778368989437
-1.8310809784468267,-0.5770609641460298,-0.5034207352602553,0.08619978634914403,2.998078044590793,9.8642732069875,0.8680083818042453
