,y_predicted,y_actual,Relative Error
57,22.327108667750522,22.8,0.020740847905678872
99,31.42733159797883,21.9,0.435037972510449
364,19.803030298627796,20.6,0.03868784958117502
169,26.766379038219224,28.7,0.06737355267528834
348,19.918223709128014,19.2,0.03740748485041745
47,16.034181553530765,17.7,0.09411403652368558
68,27.37619866355146,29.0,0.05599314953270829
150,28.517770618374342,28.5,0.0006235304692751741
258,10.478928275011103,10.9,0.0386304334852199
