,y_predicted,y_actual,Relative Error
0,5.823438622609113,10,0.4176561377390887
1,6.668542620356105,9,0.25905081996043283
2,7.040840026908883,14,0.49708285522079404
3,7.150739371328029,11,0.3499327844247246
4,6.789457258139005,13,0.4777340570662304
5,7.317373094260491,11,0.33478426415813717
