Constant,fixed_acidity,volatile_acidity,citric_acid,residual_sugar,chlorides,free_sulfur_dioxide,total_sulfur_dioxide,density,pH,sulphates,alcohol,training_adj_r2
167.25884826765042,-0.005490980617543634,-0.18306494856867317,0.021120541429227827,0.08306039379951624,-0.0004565326314594151,0.01498784418923374,0.10717443774256492,-16.586662933614186,0.22067653497534767,0.07196291319926425,0.13041496150821028,0.4830425319632067
