Constant,fixed_acidity,volatile_acidity,citric_acid,residual_sugar,chlorides,free_sulfur_dioxide,total_sulfur_dioxide,density,pH,sulphates,alcohol,training_adj_r2
104.83270053730885,0.07642691218169112,-0.1995494301361435,-0.01789749645204083,0.07621475212382418,0.0013765904096137791,0.03014795110195856,-0.009870044146883528,-10.507156747793125,0.6787693683129106,0.062198416652845104,0.2848919940244481,0.9906210136954419
