features,VIF Factor
fixed_acidity,2.1025610299409756
volatile_acidity,1.2325763324603878
citric_acid,1.1764745010717472
residual_sugar,10.603986919072895
chlorides,1.381795247383063
free_sulfur_dioxide,1.5412838491663787
total_sulfur_dioxide,2.1291605815862673
density,19.343081700583156
pH,2.1354101794522964
sulphates,1.1387980742685553
alcohol,5.34096946643015
