features,VIF Factor
fixed_acidity,1.8141758783919764
volatile_acidity,1.8292957072271496
citric_acid,1.2976962593195918
residual_sugar,17.18867959711803
chlorides,1.7379953734965474
free_sulfur_dioxide,1.6061549270938686
total_sulfur_dioxide,1.976266492206308
density,22.61878941708952
pH,2.376900446571183
sulphates,1.3593165732591457
alcohol,3.876410826943483
