features,VIF Factor
fixed_acidity,5.109350721661541
volatile_acidity,1.5413567814798392
citric_acid,2.167704275135648
residual_sugar,15.086187686683099
chlorides,1.2713464418397873
free_sulfur_dioxide,2.7490269927229622
total_sulfur_dioxide,2.7972157427154856
density,47.130792808079086
pH,4.118388887715399
sulphates,1.511214848316253
alcohol,20.84429977425509
