,y_predicted,y_actual,Relative Error
352,4.252037721926774,3.8918202981106265,0.09255756849591008
245,6.012197407286555,6.690842277418564,0.1014289146259536
167,3.8440457280440206,4.02535169073515,0.045041024144158
