features,VIF Factor
CRIM,2.106156567745523
ZN,2.6576040812788877
INDUS,6.715945702510561
CHAS,1.1578195054438452
NOX,4.873045124419348
RM,3.1791239212340057
AGE,3.0021988711020624
DIS,4.013669808750468
RAD,6.290169326095392
TAX,9.964555578185477
PTRATIO,2.566193349082587
B,1.5189641088696793
LSTAT,2.861874749027008
