features,VIF Factor
CRIM,1.6572190347182139
ZN,5.935578837170239
INDUS,8.253909344489683
CHAS,1.2173439260293595
NOX,5.618577715702806
RM,3.3094126219730984
AGE,10.158565082139276
DIS,8.354696699745391
RAD,23.07150734003717
TAX,33.7717667874322
PTRATIO,3.1937696371005067
B,1.389562232535428
LSTAT,6.005770238474151
