Constant,log_P(atm),log_Fuel(%),log_Oxidizer(%),T0/S_H__T,T0/T,Training_R2,Testing_R2
0.0099,-0.5924,-0.2218,0.0876,2.0968,6.8972,0.9642627005110492,0.9212086513162776
