Constant,log_P(atm),log_Fuel(%),log_Oxidizer(%),T0/S_H__T,T0/T,Training_R2,Testing_R2
-2.1023,-0.751,-0.4913,-0.0177,3.7577,11.3123,0.9538532327614446,0.9679180361301823
