Constant,log_P(atm),log_Fuel(%),log_Oxidizer(%),T0/S_H__T,T0/T,Training_R2,Testing_R2
0.8063,-0.5385,-0.0727,0.095,0.0686,5.4122,0.9862539826024062,0.9268048651954388
