Constant,log_P(atm),log_Fuel(%),log_Oxidizer(%),T0/S_H__T,T0/T,Training_R2,Testing_R2
-1.571,-0.6504,-0.4826,0.1916,2.9722,9.3921,0.9574477446855895,0.9268097345021721
