Constant,log_P(atm),log_Fuel(%),log_Oxidizer(%),T0/S_H__T,T0/T,Training_R2,Testing_R2
-0.5856,-0.5915,-0.3736,0.1697,3.3585,7.1016,0.9456925702209008,0.6604763975650942
