,y_predicted,y_actual,Relative Error
448,9.656312516613188,8.4,0.14956101388252227
155,42.01647913100233,50.0,0.15967041737995344
357,21.13444773627193,19.7,0.07281460590212847
381,58.190280947947635,50.0,0.16380561895895268
