,y_predicted,y_actual,Relative Error
98,7.962293000027648,8,0.004713374996544006
3232,4.94850349310604,5,0.01029930137879198
