,y_predicted,y_actual,Relative Error
447,23.585373333336804,23.8,0.009017927170722547
205,14.84399578459294,15.1,0.01695392155013643
