features,VIF Factor
len,30.136460159914378
dia,25.146187738842087
hei,3.5699899907711594
w_wei,43.93603945113825
s_wei,11.088896613825215
v_wei,11.436623831199379
sh_wei,14.317322080099155
