features,VIF Factor
len,31.679390531098033
dia,36.1715528975672
hei,1.3648794376982927
w_wei,110.5805124549197
s_wei,41.03485927252864
v_wei,18.21840194399789
sh_wei,21.57579184178603
