Constant,log_P(atm),log_Fuel(%),log_Oxidizer(%),T0/S_H__T,T0/T,training_adj_r2
-1.9972303215180496,-0.7163019684773905,-0.46571219738307534,-0.01681895042577125,4.0104098255011795,11.167218214604588,0.9301545290680645
