Constant,log_P(atm),log_Fuel(%),log_Oxidizer(%),T0/S_H__T,T0/T,training_adj_r2
-0.8219815678071978,-0.6527077430498422,-0.3356900410108121,0.14326367413489494,1.507466069369709,8.283618559995745,0.9743383575799949
