,y_predicted,y_actual,Relative Error
2,6.25513989589259,6.320768294250582,0.01038297803412415
296,4.4461525092613075,4.465908118654584,0.0044236488679099606
282,3.591412093374306,3.828641396489095,0.06196174531580073
