,y_predicted,y_actual,Relative Error
48,43.35660009516374,44.0,0.014622725109914953
173,47.481601661241726,50.0,0.05036796677516549
176,10.133286101866126,7.4,0.36936298673866563
357,18.13282864551217,19.7,0.07955184540547358
6,51.588675004044646,50.0,0.031773500080892914
158,30.18566064288976,25.0,0.20742642571559045
251,23.51675773614713,22.9,0.026932652233499232
