features,VIF Factor
log_P(atm),1.8912333191236543
log_Fuel(%),5.921631556825792
log_Oxidizer(%),6.5442289701448475
T0/S_H__T,2.0126034682641882
log_T0/T,3.0804869358907143
