features,VIF Factor
log_P(atm),2.101134994388086
log_Fuel(%),5.789656615377745
log_Oxidizer(%),6.299155171796983
T0/S_H__T,1.899414323596394
T0/T,3.134171879371293
