,y_predicted,y_actual,Relative Error
1626,8.37443791806404,8,0.04680473975800492
3890,8.002086108109204,8,0.0002607635136504527
4033,7.142709793797017,7,0.020387113399573917
3883,7.874969954197887,8,0.01562875572526412
1893,8.342977911337535,9,0.07300245429582948
