Constant,log_P(atm),log_Fuel(%),log_Oxidizer(%),T0/S_H__T,T0/T,training_adj_r2
-1.859912364996462,-0.4459269256988523,-0.43111651437790777,0.1542394768456774,4.329379872346073,7.7701192257776555,0.9860307841210016
-1.2962162939369228,-0.3970653093834984,-0.3547183661434529,0.09191791219936217,3.8387622112955233,7.2552784085958155,0.9840075435948806
-1.296216293936923,-0.3970653093834984,-0.3547183661434529,0.09191791219936218,3.8387622112955233,7.255278408595816,0.9840075435948806
