Constant,log_P(atm),log_Fuel(%),log_Oxidizer(%),T0/S_H__T,T0/T,training_adj_r2
-2.2882598327331305,-0.5899987637934896,-0.4958000012824446,0.1342514246819224,4.585985019094643,9.954178852014163,0.9839444320238632
-2.044151441466864,-0.5517473942328477,-0.4820476121693818,0.1266793297449813,5.7282272903737415,9.662604210088986,0.9961615903539668
-2.1769931422803164,-0.5845447996204564,-0.5084884409109817,0.17315377677347452,6.342107333557457,9.72461107227101,0.9937772109648286
