features,VIF Factor
fixed_acidity,7.445469168575801
volatile_acidity,1.2535527088660112
citric_acid,1.6783585585381593
residual_sugar,18.772615998413137
chlorides,1.438877729812397
free_sulfur_dioxide,2.931170283790194
total_sulfur_dioxide,2.4221018626421476
density,38.80510549592054
pH,5.775854598298501
sulphates,1.5725155870802363
alcohol,8.954313645952313
