features,VIF Factor
fixed_acidity,2.0861870248872973
volatile_acidity,1.2293955472841909
citric_acid,1.1795023520117287
residual_sugar,10.559033883584569
chlorides,1.3798871611290582
free_sulfur_dioxide,1.5450331997783013
total_sulfur_dioxide,2.124863718729135
density,19.23074119104777
pH,2.1401276761852324
sulphates,1.1388624694427851
alcohol,5.321471318600666
