features,VIF Factor
fixed_acidity,1.8249052921463491
volatile_acidity,1.787018272372234
citric_acid,1.3278890228968447
residual_sugar,17.259946025173644
chlorides,1.7432325946770977
free_sulfur_dioxide,1.6331885298499023
total_sulfur_dioxide,1.9708768597698418
density,22.629901499154457
pH,2.375273094635306
sulphates,1.3537292956315707
alcohol,3.7867497869138904
