features,VIF Factor
fixed_acidity,4.850554285242065
volatile_acidity,1.6793058190382275
citric_acid,1.8825197621489198
residual_sugar,12.886442359747573
chlorides,1.1947610851287664
free_sulfur_dioxide,2.2608637806696548
total_sulfur_dioxide,2.470570548741685
density,39.440493664682464
pH,4.2114859685457775
sulphates,1.3903047272448674
alcohol,16.973786818641397
