,Constant,log_T0/T,Class,Time(μs)_actual,Time(μs)_predicted
0,1.0,-0.28141245943818544,10_center,6.755768921984255,4.789037890066911
1,1.0,-0.23507212217948356,10_center,7.358193752733032,4.953227597107869
2,1.0,-0.25386672395705034,10_center,7.088408778675395,4.886635933292762
