,y_predicted,y_actual,Relative Error
1733,9.822726983646724,10.0,0.017727301635327562
2831,9.924304413747578,10.0,0.007569558625242223
1674,6.428451214358206,7.0,0.08164982652025632
3131,11.078599491161373,11.0,0.007145408287397585
1473,15.005062451300066,15.0,0.00033749675333775525
