features,VIF Factor
log_P(atm),1.839838755522888
log_Fuel(%),8.370948171999027
log_Oxidizer(%),9.036269435842614
T0/S_H__T,2.283540538163884
T0/T,2.917061741037603
