features,VIF Factor
log_P(atm),3.669711926309022
log_Fuel(%),6.944326899516008
log_Oxidizer(%),7.9589927949883155
T0/S_H__T,1.7044542034921792
T0/T,5.62226329764241
