features,VIF Factor
log_P(atm),5.287160259625955
log_Fuel(%),23.648976174393898
log_Oxidizer(%),19.93126776091733
T0/S_H__T,2.2733192148648156
T0/T,7.421176975431328
