features,VIF Factor
log_P(atm),2.306353407221198
log_Fuel(%),7.6633396830716505
log_Oxidizer(%),7.77371070611709
T0/S_H__T,2.1134386139847092
T0/T,3.227194731459462
