features,VIF Factor
log_P(atm),3.1272025534014696
log_Fuel(%),11.16529954570325
log_Oxidizer(%),15.633470610204023
T0/S_H__T,2.391035814612016
T0/T,5.257252347783514
