features,VIF Factor
log_P(atm),2.240105896186807
log_Fuel(%),7.719680006028478
log_Oxidizer(%),7.713947074150934
T0/S_H__T,2.203258638760402
T0/T,3.0716068099439138
