features,VIF Factor
log_P(atm),3.0640877049502397
log_Fuel(%),11.20467524360915
log_Oxidizer(%),10.438270969404574
T0/S_H__T,2.41387717587475
T0/T,3.845701704997731
