features,VIF Factor
log_P(atm),1.1345137796488618
log_Fuel(%),10.836735422005692
log_Oxidizer(%),8.323821734173235
T0/S_H__T,2.9153460859486104
T0/T,1.7912692264781966
