features,VIF Factor
log_P(atm),5.09647301759891
log_Fuel(%),18.408977839207363
log_Oxidizer(%),12.531522519313196
T0/S_H__T,2.6517689854489936
T0/T,7.58650737872369
