features,VIF Factor
fixed_acidity,7.290637163267401
volatile_acidity,1.2387111371121766
citric_acid,1.5370745077680703
residual_sugar,18.213005872542855
chlorides,1.3095242242643454
free_sulfur_dioxide,3.363859751704198
total_sulfur_dioxide,3.0589442542571255
density,39.92241995333319
pH,5.679524823842449
sulphates,1.6138515129308493
alcohol,9.399895556010614
