features,VIF Factor
fixed_acidity,3.8491321613834417
volatile_acidity,2.3312862785771133
citric_acid,2.0252054221998996
residual_sugar,66.30922050129291
chlorides,5.140803892051789
free_sulfur_dioxide,2.248011433233354
total_sulfur_dioxide,4.254638897013515
density,180.53006878069297
pH,6.6971271522220395
sulphates,2.5337329674509546
alcohol,43.56399548667913
