Constant,log_P(atm),log_Fuel(%),log_Oxidizer(%),T0/S_H__T,T0/T,training_adj_r2
-1.7563646094880063,-0.6544084654775095,-0.47123215653867123,0.016088297978920085,4.667009871171217,10.535634371556394,0.9150089663768148
