Constant,log_P(atm),log_Fuel(%),log_Oxidizer(%),T0/S_H__T,T0/T,training_adj_r2
-2.3280892392161476,-0.7418023249470038,-0.3408057237329152,-0.09237387878185555,2.570919203483364,12.414466581297596,0.9172576726285996
