Constant,fixed_acidity,volatile_acidity,citric_acid,residual_sugar,chlorides,free_sulfur_dioxide,total_sulfur_dioxide,density,pH,sulphates,alcohol,training_adj_r2
162.7938225856152,0.028342610755620057,-0.19292268313808997,0.01526437779773046,0.08530954217129771,0.0009684601640066737,0.028066358755467924,0.04698706985981804,-16.224592882145693,0.4567885185145415,0.07548776034195992,0.1620368542442664,0.9960137136314688
