Constant,fixed_acidity,volatile_acidity,citric_acid,residual_sugar,chlorides,free_sulfur_dioxide,total_sulfur_dioxide,density,pH,sulphates,alcohol,training_adj_r2
134.40189539658067,0.1303846063735539,-0.2377407005560784,-0.03805835963252716,0.09762838753879921,-0.001513787115038797,0.03359657431328015,-0.07246774131102704,-13.515311303715857,0.967056461033667,0.056947201236037144,0.25354417100293236,0.5933658004516827
