Constant,fixed_acidity,volatile_acidity,citric_acid,residual_sugar,chlorides,free_sulfur_dioxide,total_sulfur_dioxide,density,pH,sulphates,alcohol,training_adj_r2
161.6061159735387,0.23831479285803656,-0.2583965730685641,-0.06130966859048449,0.11854371145900713,-0.025368007602898854,0.07857091686337486,-0.3752482136067504,-16.246397859728543,1.5139267841876058,0.048505765470883866,0.13801363277833084,0.8011621340945196
