,Constant,fixed_acidity,volatile_acidity,citric_acid,residual_sugar,chlorides,free_sulfur_dioxide,total_sulfur_dioxide,density,pH,sulphates,alcohol,Class,Time(μs)_actual,Time(μs)_predicted
95,1.0,7.9,3.7,3.0,2.7,2.9000000000000004,6.4,1.58,9.916,3.12,5.8999999999999995,12.0,7,7,7.54393295375894
297,1.0,7.1,1.5,3.4000000000000004,5.3,3.4000000000000004,3.3,1.04,9.953,3.37,5.2,9.3,7,7,6.961409652790024
379,1.0,7.3,1.7999999999999998,3.1,17.3,5.5,3.2,1.97,10.001999999999999,3.13,4.6000000000000005,9.0,7,6,7.036408596479134
389,1.0,6.6,2.3000000000000003,3.2,0.9,4.1000000000000005,2.5,0.79,9.926,3.39,5.4,10.2,7,7,6.917074002938534
393,1.0,8.0,2.0,3.5999999999999996,1.2,3.2,2.1,0.78,9.921,3.08,3.7,10.4,7,6,7.034924966232213
