,Constant,fixed_acidity,volatile_acidity,citric_acid,residual_sugar,chlorides,free_sulfur_dioxide,total_sulfur_dioxide,density,pH,sulphates,alcohol,Class,Time(μs)_actual,Time(μs)_predicted
11,1.0,7.2,3.1,4.6000000000000005,5.0,4.0,0.3,0.29,9.906,3.04,5.300000000000001,12.5,19,4,4.140343307277504
206,1.0,7.1,2.1,3.2,2.2,3.7000000000000006,2.8,1.41,9.93,3.2,5.699999999999999,10.0,19,7,3.8242821733047236
219,1.0,7.0,2.2,2.6,1.1,3.7000000000000006,2.0,0.71,9.902,3.1,3.8,11.7,19,6,4.103426936029457
293,1.0,7.1,2.1,3.2,2.2,3.7000000000000006,2.8,1.41,9.93,3.2,5.699999999999999,10.0,19,7,3.8242821733047236
462,1.0,7.1,2.4,3.4000000000000004,1.2,4.5,0.6,1.32,9.9132,3.16,4.6000000000000005,11.2,19,4,3.9028077872658233
