,Constant,fixed_acidity,volatile_acidity,citric_acid,residual_sugar,chlorides,free_sulfur_dioxide,total_sulfur_dioxide,density,pH,sulphates,alcohol,Class,Time(μs)_actual,Time(μs)_predicted
228,1.0,6.0,3.3000000000000003,2.6,5.1,5.1,1.6,1.19,9.941600000000001,3.15,4.1,9.2,5,5,7.149531617615651
239,1.0,6.0,3.3000000000000003,2.6,5.1,5.1,1.6,1.19,9.941600000000001,3.15,4.1,9.2,5,5,7.149531617615651
283,1.0,8.2,3.7,3.5999999999999996,1.0,3.4000000000000004,1.7,0.93,9.906,3.04,3.2,11.7,5,8,7.990925236416928
307,1.0,6.2,6.6000000000000005,4.8,1.2,2.9000000000000004,2.9,0.75,9.892,3.33,3.9000000000000004,12.8,5,8,7.932123605726844
