,Constant,fixed_acidity,volatile_acidity,citric_acid,residual_sugar,chlorides,free_sulfur_dioxide,total_sulfur_dioxide,density,pH,sulphates,alcohol,Class,Time(μs)_actual,Time(μs)_predicted
43,1.0,6.9,4.1,2.2,4.2,3.1,1.0,1.02,9.93,3.0,8.6,11.6,16,4,4.653379531313192
99,1.0,5.6,4.6000000000000005,2.4,4.8,4.2,2.4,0.72,9.908,3.29,3.7,12.6,16,6,4.671300331041806
157,1.0,5.8,1.5,3.1,5.9,3.6000000000000005,0.7,0.73,9.915199999999999,3.2,4.3,11.9,16,6,5.258733541060479
196,1.0,6.8,2.9,1.6,1.4,3.8,12.25,2.345,9.922,3.15,4.699999999999999,10.0,16,4,4.527346233160927
262,1.0,7.3,2.1,4.9,1.8,3.8,4.4,1.52,9.911999999999999,3.32,4.4,12.6,16,7,4.915566705963414
406,1.0,7.0,2.1,3.1,6.0,4.6,2.9,1.08,9.939,3.26,5.0,10.8,16,6,4.6497259018187265
417,1.0,7.1,4.9,2.2,2.0,4.7,14.65,3.075,9.924,3.24,3.7,11.0,16,3,4.197796710018594
418,1.0,6.4,2.7,1.9,1.9,8.5,2.1,1.96,9.951600000000001,3.49,6.4,9.5,16,4,4.051078741424334
