features,VIF Factor
len,41.82856181628688
dia,43.36110504593514
hei,5.434662087885247
w_wei,168.87335502243224
s_wei,45.35339441227437
v_wei,22.358791715568387
sh_wei,28.422226043975257
