features,VIF Factor
len,26.1626438765684
dia,23.453260926688657
hei,3.7320969900462178
w_wei,68.53678214163793
s_wei,14.252752904320895
v_wei,12.404915583632885
sh_wei,12.895456961193451
