features,VIF Factor
len,42.680646763569584
dia,45.95604003154581
hei,1.3327243699793205
w_wei,63.59756935814561
s_wei,27.223419119202322
v_wei,16.948918088484035
sh_wei,12.8032761593273
