features,VIF Factor
len,43.19104938432218
dia,43.06212510873122
hei,6.391594093423032
w_wei,146.74129520260098
s_wei,39.79939220428519
v_wei,17.58239311205493
sh_wei,26.19921523638587
