features,VIF Factor
len,37.95157092712596
dia,35.385867365603445
hei,5.097538820889062
w_wei,111.82723559333735
s_wei,28.957321434006484
v_wei,15.864916826541952
sh_wei,19.84965168559896
