features,VIF Factor
len,48.31228708554042
dia,52.690437278221715
hei,7.215275602724321
w_wei,274.6529370136597
s_wei,56.690374378653566
v_wei,27.847799932591926
sh_wei,58.16370095607802
