features,VIF Factor
len,44.030714591590105
dia,38.056108824065554
hei,3.4898668029954725
w_wei,26.68328765468897
s_wei,15.576557539693018
v_wei,18.444212831075887
sh_wei,15.309723045634154
