features,VIF Factor
fixed_acidity,3.415278900553353
volatile_acidity,1.6021250266663918
citric_acid,1.5749313401762541
residual_sugar,19.013451587603434
chlorides,1.4760633073433422
free_sulfur_dioxide,1.5244881499592529
total_sulfur_dioxide,2.2277302764990603
density,25.049280677825436
pH,3.1075666542536386
sulphates,1.224425359826611
alcohol,5.5519957158518745
