features,VIF Factor
fixed_acidity,3.5561241506708585
volatile_acidity,1.1314113158596757
citric_acid,1.2226325869302934
residual_sugar,17.329045970017912
chlorides,1.1736545868969275
free_sulfur_dioxide,2.0548974756288247
total_sulfur_dioxide,2.565258529055246
density,41.798536773141905
pH,2.7090904040616595
sulphates,1.1760157068132884
alcohol,11.13779514875151
