features,VIF Factor
fixed_acidity,3.7963321931111933
volatile_acidity,2.112746678635428
citric_acid,1.2972986439493173
residual_sugar,14.417279328677907
chlorides,2.237480663375884
free_sulfur_dioxide,3.544036930356283
total_sulfur_dioxide,4.802453781686776
density,29.537655682919578
pH,2.7350714536672713
sulphates,1.670699968249497
alcohol,9.370454826741048
