features,VIF Factor
len,40.06544019995964
dia,41.447427664478546
hei,3.371067544112867
w_wei,103.97516748889923
s_wei,26.795173537408324
v_wei,16.865258264308114
sh_wei,21.051260354416772
