features,VIF Factor
log_P(atm),1.690808875736393
log_Fuel(%),11.047322305318806
log_Oxidizer(%),12.558025945343394
T0/S_H__T,2.529796148627932
T0/T,3.9812415332523257
