features,VIF Factor
log_P(atm),4.254679479043442
log_Fuel(%),27.390989554794285
log_Oxidizer(%),25.590879967979735
T0/S_H__T,1.914670977382509
T0/T,11.330278912925381
