,y_predicted,y_actual,Relative Error
175,9.040172453309683,8.63141433550626,0.047357026544531854
