,y_predicted,y_actual,Relative Error
373,16.141622195104425,16.8,0.039189155053308077
254,23.020603596558697,23.0,0.0008958085460303058
255,12.661547354460106,13.1,0.03346966759846515
333,21.740703946954977,22.0,0.011786184229319248
329,5.697911690443121,6.3,0.09556957294553635
