,y_predicted,y_actual,Relative Error
0,4.624685475134962,4.700480365792417,0.016124924424543774
