features,VIF Factor
log_P(atm),4.311273461175517
log_Fuel(%),20.369012094203175
log_Oxidizer(%),16.81274981729767
T0/S_H__T,2.411344697700096
T0/T,6.379985862984126
