,y_predicted,y_actual,Relative Error
498,25.58149646092678,29,0.11787943238183521
829,18.97576849499992,23,0.17496658717391658
