,y_predicted,y_actual,Relative Error
4,4.284468338600135,4.356708826689592,0.016581435887315893
331,4.008118529402237,4.418840607796598,0.09294792794057413
