,from,to,distance
0,0,0,0.0
1,0,1,0.25653226637940524
2,0,2,1.025430833123355
3,0,3,0.506234350708724
4,1,1,0.0
5,1,2,0.7727996635694915
6,1,3,0.35162659593436274
7,2,2,0.0
8,2,3,0.7551067985375397
9,3,3,0.0
