,from,to,distance
0,0,0,0.0
1,0,1,0.6944179901115068
2,0,2,0.46905531922721216
3,0,3,0.7981569696963404
4,1,1,0.0
5,1,2,0.5155700764679269
6,1,3,0.5582392811665393
7,2,2,0.0
8,2,3,0.8936507405345269
9,3,3,0.0
