features,VIF Factor
CRIM,9.194044848853043
ZN,3.600493456934957
INDUS,8.144412928596273
CHAS,1.2830334240819805
NOX,7.664024387067825
RM,3.0364141892637404
AGE,4.4476049772001485
DIS,4.879489671912365
RAD,7.209758792546778
TAX,7.761283584109291
PTRATIO,4.407622128794251
B,3.1653311862549858
LSTAT,3.246600249964357
