features,VIF Factor
len,34.54057395905204
dia,34.39931479187349
hei,4.78466947728876
w_wei,72.4019895452137
s_wei,18.749570106097497
v_wei,13.629557939473752
sh_wei,14.59910821029905
