features,VIF Factor
len,70.51580015888281
dia,93.13582027781275
hei,5.847535407212812
w_wei,149.76737030990995
s_wei,8.913474657462032
v_wei,38.623823326998256
sh_wei,13.636784456140802
