features,VIF Factor
len,70.77659435249619
dia,55.687991546460694
hei,8.579426193874953
w_wei,121.3266833685555
s_wei,33.41283295745792
v_wei,25.591892435732074
sh_wei,34.34255064617294
