features,VIF Factor
len,329.9769204323009
dia,413.5033424798782
hei,25.463297330008153
w_wei,1142.9436222010554
s_wei,477.60592323947026
v_wei,54.28912321311282
sh_wei,204.7276212812775
