,y_predicted,y_actual,Relative Error
93,8.184496158482618,8.357962965845681,0.020754675280558764
0,6.8646135851709325,6.755768921984255,0.01611136562597355
78,7.153208031838994,7.282761179605593,0.017789014986430672
94,8.485381157024394,8.261009786023827,0.027160283889284775
74,6.766914984214395,6.401917196727186,0.05701382512004453
90,6.6283059340824195,6.821107472256465,0.02826543035104315
23,5.54551594257803,5.4510384535657,0.017332016608785597
253,5.631941967783273,5.602118820879701,0.005323547724910486
