,y_predicted,y_actual,Relative Error
143,4.544516981914506,4.430816798843313,0.025661224156429702
5,4.780435205248365,4.465908118654584,0.07042847238167915
180,5.2212829825560165,5.5053315359323625,0.05159517669779001
134,6.562501255875444,6.774223886357614,0.03125415310063071
23,5.316251203468082,5.003946305945459,0.06241172035590315
289,4.979940227275547,5.093750200806762,0.022343061407524446
