features,VIF Factor
CRIM,5.179477845070409
ZN,4.895924320350671
INDUS,6.257224869932575
CHAS,2.3430406605638066
NOX,11.049207620131577
RM,3.3990930559179717
AGE,6.7516769136387325
DIS,9.17011902539297
RAD,22.44274427837151
TAX,16.690613517619965
PTRATIO,3.932657270281729
B,2.2491151337905735
LSTAT,6.711295971904015
