features,VIF Factor
CRIM,1.667944860213437
ZN,7.302551892302497
INDUS,7.10530487711825
CHAS,1.3656434680254546
NOX,5.34911972656746
RM,3.7468700914417745
AGE,10.686297763233009
DIS,7.88177025002458
RAD,18.96753847280369
TAX,26.893768062491816
PTRATIO,2.8680747345631556
B,1.4129669771779119
LSTAT,6.216562850278034
