,y_predicted,y_actual,Relative Error
0,4.272148936887254,4.634728988229636,0.07823112252370981
1,6.799461731804239,7.410347097821024,0.08243680868827485
2,5.242035455435739,5.19295685089021,0.009450994097344666
3,7.024035013077406,6.78105762593618,0.03583178326222842
4,4.790142182450536,4.77912349311153,0.0023055879085125686
