,y_predicted,y_actual,Relative Error
0,5.032341455743417,4.770684624465665,0.05484680960378059
1,7.218954578083322,7.520234556474628,0.04006257732106448
2,6.450737596839466,5.820082930352362,0.10835836431095719
3,8.153732932315435,7.865955413933502,0.036585195724879546
4,7.265222441901759,6.934397209928558,0.047707857216418355
5,7.863074488652936,7.652070746116482,0.027574724481414566
6,7.037641254710275,7.498315870766981,0.06143707787140541
7,8.408088282752168,8.261009786023827,0.017803936871878742
8,5.618136823370912,5.717027701406222,0.01729760344015578
