,Constant,log_P(atm),log_Fuel(%),log_Oxidizer(%),T0/S_H__T,T0/T,Class,Time(μs)_actual,Time(μs)_predicted
30,1.0,3.254242968705492,0.11600367575630613,3.033509637888021,0.05847953216374269,1.1695906432748537,9,6.774223886357614,6.361754764637088
31,1.0,0.7747271675523681,-3.079113882493042,-0.2876820724517809,0.031113876789047916,0.6222775357809583,9,4.430816798843313,4.35253644391285
32,1.0,3.1135153092103742,0.11600367575630613,3.033509637888021,0.05753739930955121,1.1507479861910241,9,6.946975992135418,6.288132440788154
