,Constant,log_P(atm),log_Fuel(%),log_Oxidizer(%),T0/S_H__T,T0/T,Class,Time(μs)_actual,Time(μs)_predicted
29,1.0,2.9652730660692823,0.11600367575630613,3.033509637888021,0.045998160073597055,0.9199632014719411,7,5.998936561946683,5.459616235963329
38,1.0,0.26236426446749106,-0.916290731874155,2.174751721484161,0.07423904974016332,0.7423904974016332,7,5.655991810819852,5.808474154344764
