,Constant,log_P(atm),log_Fuel(%),log_Oxidizer(%),T0/S_H__T,T0/T,Class,Time(μs)_actual,Time(μs)_predicted
2,1.0,0.13976194237515863,0.6931471805599453,2.5649493574615367,0.17433751743375175,0.697350069735007,8,5.19295685089021,5.060539069924973
3,1.0,0.27763173659827955,0.0,1.8718021769015913,0.16857720836142953,0.6743088334457181,8,5.081404364984463,4.942677990838148
9,1.0,1.6714733033535532,-0.05129329438755058,1.8229350866965048,0.16926201760324983,0.6770480704129993,8,4.532599493153256,4.117624915823368
10,1.0,0.11332868530700327,0.0,2.5649493574615367,0.17998560115190784,0.7199424046076314,8,5.318119993844216,5.314088370602368
11,1.0,0.10436001532424286,0.0,2.5649493574615367,0.18050541516245489,0.7220216606498195,8,5.327876168789581,5.335681578054033
34,1.0,1.4134230285081433,-0.916290731874155,1.4816045409242156,0.0683526999316473,0.683526999316473,8,4.634728988229636,4.387911393781161
39,1.0,4.014579593753238,0.6280751838162305,3.0252910757955354,0.1072961373390558,1.0729613733905579,8,5.777652323222656,5.445339615957045
40,1.0,0.7466879474879751,-3.506557897319982,-0.5418004280654213,0.04274965800273598,0.6839945280437757,8,5.327876168789581,5.261658434807123
