,y_predicted,y_actual,Relative Error
305,4.859838443533112,5.003946305945459,0.028798842673656292
223,4.798347034777738,4.454347296253507,0.07722786654142662
144,4.380476194551289,3.8918202981106265,0.12555972758503045
