,y_predicted,y_actual,Relative Error
250,4.884266834702098,4.795790545596741,0.018448739214974915
296,4.5591584785095085,4.465908118654584,0.02088049224868911
223,4.8321144063325505,4.454347296253507,0.08480863411723152
