,y_predicted,y_actual,Relative Error
132,4.679362725271396,4.736198448394496,0.012000283295216673
230,5.012877338466597,5.087596335232384,0.014686502592264583
202,4.571850649936878,4.605170185988092,0.0072352453233092955
