features,VIF Factor
len,67.25474605584753
dia,88.98199776972908
hei,27.307327552774847
w_wei,152.9916358164623
s_wei,83.14407903764668
v_wei,11.836648273181503
sh_wei,30.55256033026263
