features,VIF Factor
len,32.103021819609
dia,45.974969577217074
hei,2.5040556409009955
w_wei,22.58577992004289
s_wei,15.415162291277118
v_wei,16.216246574610636
sh_wei,13.736045988935082
