features,VIF Factor
len,43.18603283870089
dia,43.160406557894206
hei,6.417407978245857
w_wei,133.54197977228023
s_wei,35.94101334014712
v_wei,17.355929943768395
sh_wei,24.932227877317807
