,y_predicted,y_actual,Relative Error
351,4.4869416005378095,4.418840607796598,0.01541150695072684
365,5.1143246186106746,5.093750200806762,0.004039149348284412
144,4.499681092249282,4.553876891600541,0.011901024257204037
182,5.525157993820345,5.560681631015528,0.006388360196175232
316,4.780039022220563,4.912654885736052,0.02699474451188121
182,5.525157993820345,5.560681631015528,0.006388360196175232
27,5.321489122146966,4.418840607796598,0.20427270283470636
