,y_predicted,y_actual,Relative Error
454,18.901167081655025,18.7,0.010757597949466617
175,23.652999179118115,23.8,0.006176505079070814
344,13.47845276655842,14.1,0.04408136407387095
384,21.86690800463262,21.7,0.007691613116710636
