,y_predicted,y_actual,Relative Error
17,5.524997260566696,5.176149732573829,0.0673951771135113
163,6.797677590000706,7.1204443723924875,0.04532958415393543
50,6.083660526667689,5.755742213586912,0.05697237661316695
0,7.840318190462184,7.5485559791698735,0.038651394001372394
217,6.974437103380374,7.074116816197362,0.014090764318275804
226,6.6637662248149745,6.55250788703459,0.016979504595565714
316,8.533417403476534,8.335431477880796,0.02375233077269252
253,7.248689651124151,7.199678345691172,0.006807429871128985
