,Constant,len,dia,hei,w_wei,s_wei,v_wei,sh_wei,Class,Time(μs)_actual,Time(μs)_predicted
4,1.0,0.55,0.42,0.16,1.3405,0.6325,0.311,0.344,19,10,5.953139625417475
65,1.0,0.625,0.495,0.175,1.254,0.5815,0.28600000000000003,0.3185,19,9,6.70779653137527
90,1.0,0.635,0.535,0.19,1.242,0.5760000000000001,0.2475,0.39,19,14,7.106006733451205
215,1.0,0.64,0.505,0.18,1.297,0.59,0.3125,0.363,19,11,7.184514593703018
228,1.0,0.62,0.475,0.185,1.325,0.6045,0.325,0.33,19,13,6.833502777587393
415,1.0,0.655,0.455,0.17,1.2895,0.5870000000000001,0.3165,0.3415,19,11,7.100288249655678
