,Constant,len,dia,hei,w_wei,s_wei,v_wei,sh_wei,Class,Time(μs)_actual,Time(μs)_predicted
144,1.0,0.13,0.1,0.03,0.013,0.0045,0.003,0.004,13,3,3.9584837478155457
201,1.0,0.155,0.115,0.025,0.024,0.009000000000000001,0.005,0.0075,13,5,4.109348615648685
264,1.0,0.43,0.31,0.13,0.6485,0.2735,0.163,0.184,13,9,7.597695276985609
265,1.0,0.625,0.485,0.2,1.38,0.5845,0.302,0.401,13,9,11.039512301543304
316,1.0,0.35,0.265,0.11,0.209,0.066,0.059,0.075,13,9,7.094865590003529
370,1.0,0.11,0.09,0.03,0.008,0.0025,0.002,0.003,13,3,3.836827658413138
400,1.0,0.33,0.24,0.075,0.163,0.0745,0.033,0.048,13,6,6.045290269978172
