features,VIF Factor
log_P(atm),2.3811783106029267
log_Fuel(%),5.819027465433485
log_Oxidizer(%),6.56701429338757
T0/S_H__T,2.1565668123673722
T0/T,3.258635764400383
