features,VIF Factor
log_P(atm),5.1938457832268945
log_Fuel(%),16.656558153041207
log_Oxidizer(%),15.363561318710342
T0/S_H__T,2.7000008979370285
T0/T,6.6506932897351625
