features,VIF Factor
log_P(atm),2.1272083804123394
log_Fuel(%),5.869221764102063
log_Oxidizer(%),6.349590729796969
T0/S_H__T,2.1680801596207733
T0/T,2.990267095474907
