features,VIF Factor
log_P(atm),2.149164184478916
log_Fuel(%),8.292257294483743
log_Oxidizer(%),10.10205115392672
T0/S_H__T,2.0735245207488724
T0/T,2.7305340372117404
