features,VIF Factor
log_P(atm),3.7715350937124397
log_Fuel(%),12.899897672305963
log_Oxidizer(%),11.01571442395534
T0/S_H__T,3.242998637368266
T0/T,4.077659925399437
