features,VIF Factor
log_P(atm),3.9691456052278267
log_Fuel(%),19.580923433959025
log_Oxidizer(%),17.280745535585062
T0/S_H__T,2.0822864826866323
T0/T,5.653839498008862
