features,VIF Factor
log_P(atm),4.5564688764439385
log_Fuel(%),18.997242709113575
log_Oxidizer(%),17.013720748028245
T0/S_H__T,2.585031340035181
T0/T,5.834287384940325
