features,VIF Factor
log_P(atm),4.894232058120883
log_Fuel(%),27.840185601921576
log_Oxidizer(%),20.37851807510539
T0/S_H__T,2.7524556178339075
T0/T,8.334572330896432
