features,VIF Factor
log_P(atm),2.186646166980782
log_Fuel(%),4.9027451336406855
log_Oxidizer(%),5.710612613157392
T0/S_H__T,2.0940508416842962
T0/T,3.224585459506228
