,y_predicted,y_actual,Relative Error
10,4.629848887658877,4.6443908991413725,0.0031310912019020397
23,4.965729900811042,5.159055299214529,0.03747302310035731
