Constant,fixed_acidity,volatile_acidity,citric_acid,residual_sugar,chlorides,free_sulfur_dioxide,total_sulfur_dioxide,density,pH,sulphates,alcohol,training_adj_r2
46.03082683680613,0.28149243287486464,-0.15781818212264634,-0.022040916260975922,0.01902007690172977,-0.2314514426278899,0.04236954880964744,0.07388129054337877,-3.9079332544225096,-0.5844580285057308,0.007904790581358869,0.19254278648482842,0.9497141936851632
