Constant,fixed_acidity,volatile_acidity,citric_acid,residual_sugar,chlorides,free_sulfur_dioxide,total_sulfur_dioxide,density,pH,sulphates,alcohol,training_adj_r2
218.61752417958564,0.007193377324744399,-0.17103018822933885,0.027399577831933516,0.10062198378023021,0.0037311289279163707,0.011029597534349844,0.09099456835819453,-21.766498390935006,0.3599617583596264,0.0798347481442403,0.050151327412072844,0.976325110057923
