Constant,fixed_acidity,volatile_acidity,citric_acid,residual_sugar,chlorides,free_sulfur_dioxide,total_sulfur_dioxide,density,pH,sulphates,alcohol,training_adj_r2
169.58678263347863,0.054202048217373386,-0.1729539193828236,0.01132633090750872,0.08618594862161406,0.004434002567686595,0.02566636530922942,0.06459386854509433,-16.934854089344434,0.5131944097031291,0.06992775926306817,0.15128919225758078,0.9835922388030193
