Constant,fixed_acidity,volatile_acidity,citric_acid,residual_sugar,chlorides,free_sulfur_dioxide,total_sulfur_dioxide,density,pH,sulphates,alcohol,training_adj_r2
198.59415362796943,0.3211158290212569,-0.24192429012497535,-0.05249899934340979,0.11589159788647196,0.004580813621480941,0.054558696570352894,-0.1439595214854139,-20.093458390248195,1.3128649027866066,0.030281922950404258,0.20254619599096413,0.722215705089073
