,y_predicted,y_actual,Relative Error
106,8.713469958819175,8.735525185733225,0.0025247740055824616
184,5.344664118590619,5.3471075307174685,0.0004569596015813909
114,6.729660379932407,6.741700694652055,0.0017859461974036681
