,Constant,CRIM,ZN,INDUS,CHAS,NOX,RM,AGE,DIS,RAD,TAX,PTRATIO,B,LSTAT,Class,Time(μs)_actual,Time(μs)_predicted
17,1.0,0.02009,95.0,2.68,0,0.4161,8.033999999999999,31.9,5.118,4,224,14.7,390.55,2.88,3,50.0,50.55574028842851
23,1.0,0.02985,0.0,2.18,0,0.458,6.43,58.7,6.0622,3,222,18.7,394.12,5.21,3,28.7,30.606645829366265
49,1.0,0.38214,0.0,6.2,0,0.504,8.04,86.5,3.2157,8,307,17.4,387.38,3.13,3,37.6,46.69597157425813
