,y_predicted,y_actual,Relative Error
202,5.671981388164292,5.723585101952381,0.00901597737587332
207,6.0190070390344985,6.298949246855942,0.044442683509662205
