features,VIF Factor
log_P(atm),3.203334746612488
log_Fuel(%),32.49313687064013
log_Oxidizer(%),25.17098368172533
T0/S_H__T,1.5896293564838342
T0/T,7.369901190900515
