,y_predicted,y_actual,Relative Error
28,5.029357336903859,5.135798437050262,0.020725326636365754
240,3.9852043556425807,3.8918202981106265,0.023994956184716355
180,6.086052490553492,5.723585101952381,0.06332873227961075
10,4.669672464028566,4.6443908991413725,0.005443461895480736
79,8.868733105906905,8.470101583882387,0.04706336967469988
153,3.6342088511548765,3.6109179126442243,0.006450143446655227
187,7.100372137896003,7.351799869057777,0.034199479806296326
325,4.637791709092171,4.875197323201151,0.04869661643830556
