,y_predicted,y_actual,Relative Error
0,5.12894896826851,5.318119993844216,0.03557103371015952
1,5.150243792916329,5.327876168789581,0.03334018476514407
2,6.512719606211956,6.774223886357614,0.038602839902042954
3,4.626056425239937,4.430816798843313,0.04406402594835148
4,6.442639932286568,6.946975992135418,0.07259792756154664
5,5.390075804063399,5.777652323222656,0.0670820079639328
6,5.249662920072698,5.327876168789581,0.01468000498492298
