,y_predicted,y_actual,Relative Error
10,6.912483665682917,6.9411900550683745,0.004135658173557244
19,6.119044138930873,6.082218910376446,0.006054571382098965
