,y_predicted,y_actual,Relative Error
1951,6.006286089240788,6,0.0010476815401313881
3437,6.012063102876979,6,0.002010517146163219
159,5.909106082099839,6,0.015148986316693444
1553,5.888491274542957,6,0.018584787576173767
676,6.948948978831857,7,0.007293003024020425
4390,6.0120631028769775,6,0.002010517146162923
