,y_predicted,y_actual,Relative Error
261,4.07752087394419,4,0.01938021848604743
2046,4.965406338467183,5,0.006918732306563413
1017,5.053885445030587,5,0.010777089006117357
