features,VIF Factor
len,37.41056256973758
dia,42.060706532966215
hei,1.704224611882349
w_wei,83.09148149572285
s_wei,34.46941812647953
v_wei,17.88481256581981
sh_wei,18.115503907424486
