features,VIF Factor
len,40.18428015909322
dia,37.424642187632855
hei,5.234950414262518
w_wei,107.80256483530864
s_wei,27.955009363246603
v_wei,15.998813895665476
sh_wei,20.0908466900426
