features,VIF Factor
len,133.44996648649877
dia,180.59167477866697
hei,6.2231669722552185
w_wei,133.53920015305772
s_wei,33.56150269499059
v_wei,25.32583774750817
sh_wei,39.56733644913676
