features,VIF Factor
len,37.13300825581538
dia,47.43324066261947
hei,10.496994373706004
w_wei,84.86359677937729
s_wei,33.752617695461
v_wei,46.34481487349739
sh_wei,42.029430856123334
