,y_predicted,y_actual,Relative Error
121,7.66571337862443,7.341483852363161,0.044164031792687575
123,7.122999240216135,6.813444599510896,0.045432913731691726
