,Constant,log_P(atm),log_Fuel(%),log_Oxidizer(%),T0/S_H__T,T0/T,Class,Time(μs)_actual,Time(μs)_predicted
1,1.0,0.22314355131420976,-0.05129329438755058,1.8229350866965048,0.19952114924181963,0.7980845969672785,1,7.490529402060711,7.764422889292413
6,1.0,0.0769610411361284,0.0,1.1786549963416462,0.14417531718569782,0.5767012687427913,1,4.653960350157523,5.019024577221254
8,1.0,0.3293037471426003,-0.05129329438755058,1.8229350866965048,0.18768768768768768,0.7507507507507507,1,6.680854678790215,7.075082818324662
17,1.0,1.3217558399823195,-0.6931471805599453,1.3862943611198906,0.13217023526301877,0.7930214115781126,1,7.282761179605593,7.091435520456535
