,y_predicted,y_actual,Relative Error
2199,8.507971582321638,8,0.06349644779020469
1829,7.265223963772925,7,0.037889137681846465
821,8.018464993212199,8,0.002308124151524815
3240,7.981211519024946,8,0.002348560121881782
