,y_predicted,y_actual,Relative Error
401,19.31230034226419,20.7,0.06703863080849316
192,18.650217512735885,17.0,0.09707161839622855
