,y_predicted,y_actual,Relative Error
0,5.72571826553467,5.638354669333745,0.015494519469675047
1,5.651016264415345,5.541263545158426,0.01980644276571425
2,5.69062229578453,5.44673737166631,0.044776332596261834
3,5.976599680836615,6.042632833682381,0.010927877741915632
4,6.0157160272412975,5.75890177387728,0.04459431041677805
5,6.0470689619607425,6.284134161070802,0.037724401330996415
6,7.622014016920357,7.550661243105336,0.009449870881199274
7,7.618913014892083,6.821107472256465,0.11696129197209372
