,y_predicted,y_actual,Relative Error
183,3.583576008700434,3.6109179126442243,0.007572009279980622
30,4.82961166158747,4.875197323201151,0.009350526469305802
204,5.459652596319788,5.560681631015528,0.018168462321639628
43,3.6805959916038304,3.6888794541139363,0.0022455226887037128
69,4.421338733552785,4.454347296253507,0.007410415152964213
56,4.0059662258825615,3.8918202981106265,0.029329701535127345
202,5.824687799644602,5.723585101952381,0.01766422546206818
