,y_predicted,y_actual,Relative Error
33,4.634866394622649,4.564348191467836,0.015449786080438153
