,y_predicted,y_actual,Relative Error
1,9.05282711691269,9.6,0.05699717532159476
43,16.749472200146464,17.1,0.020498701745820913
276,11.088062972350924,12.1,0.08363115930984096
