,Constant,log_P(atm),log_Fuel(%),log_Oxidizer(%),T0/S_H__T,T0/T
113,1.0,1.5953389880545987,0.9427379018890033,3.044522437723423,0.05328218243819267,0.8525149190110827
154,1.0,1.6974487897568136,-0.05129329438755058,1.8229350866965048,0.195160031225605,0.78064012490242
158,1.0,1.6937790608678513,-0.05129329438755058,1.8229350866965048,0.2032520325203252,0.8130081300813008
289,1.0,1.5953389880545987,-1.3727860110950982,3.044522437723423,0.04299226139294927,0.8598452278589854
313,1.0,1.3862943611198906,-1.57310598318671,3.044522437723423,0.04638218923933209,0.9276437847866419
353,1.0,1.1314021114911006,-0.8675005677047231,1.3862943611198906,0.1,0.8
365,1.0,0.7561219797213337,-1.7282214484240672,1.3862943611198906,0.03024071610015725,0.8467400508044031
366,1.0,1.8779371654691073,-3.001750345879554,0.0,0.02818807080843387,0.7892659826361483
