,y_predicted,y_actual,Relative Error
15,29.624550860372032,30.3,0.02229205081280423
49,18.834987316739532,19.2,0.019011077253149322
249,12.924277568836168,13.1,0.013413926043040621
353,14.65779491453565,14.3,0.025020623394101337
119,32.04226703655493,32.0,0.0013208448923416327
416,23.889594565890118,23.9,0.0004353738121289092
