Constant,log_P(atm),log_Fuel(%),log_Oxidizer(%),T0/S_H__T,T0/T,training_adj_r2
-1.609203422277666,-0.3886975938922903,-0.22344865249051948,-0.022228602837974343,3.5778847208497444,9.03568697012193,0.8174352833119818
-1.609203422277666,-0.3886975938922903,-0.22344865249051948,-0.022228602837974343,3.5778847208497444,9.03568697012193,0.8174352833119818
-1.609203422277666,-0.3886975938922903,-0.22344865249051948,-0.022228602837974343,3.5778847208497444,9.03568697012193,0.8174352833119818
-1.609203422277666,-0.3886975938922903,-0.22344865249051948,-0.022228602837974343,3.5778847208497444,9.03568697012193,0.8174352833119818
