Constant,log_P(atm),log_Fuel(%),log_Oxidizer(%),T0/S_H__T,T0/T,training_adj_r2
-1.7852341123867177,-0.3984882183833491,-0.2286691462086629,-0.04110019522965214,1.8398793734443188,9.637752224629251,
-1.7852341123867177,-0.3984882183833491,-0.2286691462086629,-0.04110019522965214,1.8398793734443188,9.637752224629251,
-1.7852341123867177,-0.3984882183833491,-0.22866914620866294,-0.04110019522965214,1.8398793734443188,9.637752224629251,
-1.7852341123867177,-0.39848821838334914,-0.22866914620866297,-0.04110019522965214,1.8398793734443188,9.637752224629253,
