Constant,log_P(atm),log_Fuel(%),log_Oxidizer(%),T0/S_H__T,T0/T,training_adj_r2
-1.0295219057593281,-0.3783633243936539,-0.29331595253873965,0.1734989526514239,3.8293142067751305,7.0078502447927375,0.8725664088656316
-1.029521905759328,-0.3783633243936539,-0.29331595253873965,0.1734989526514239,3.8293142067751305,7.0078502447927375,0.8725664088656316
-1.0295219057593281,-0.3783633243936539,-0.29331595253873965,0.1734989526514239,3.8293142067751305,7.0078502447927375,0.8725664088656316
-1.029521905759328,-0.37836332439365394,-0.29331595253873965,0.1734989526514239,3.8293142067751305,7.007850244792739,0.8725664088656316
