Constant,log_P(atm),log_Fuel(%),log_Oxidizer(%),T0/S_H__T,T0/T,training_adj_r2
-2.9253635090961785,-0.4345391819396923,-0.054959159057470286,-0.3946136301560149,2.507276989641235,13.06875266161444,0.9953781648934856
-2.9253635090961785,-0.4345391819396923,-0.054959159057470286,-0.3946136301560149,2.507276989641235,13.06875266161444,0.9953781648934856
-2.9253635090961785,-0.4345391819396923,-0.054959159057470286,-0.3946136301560149,2.507276989641235,13.06875266161444,0.9953781648934856
-2.925363509096178,-0.4345391819396923,-0.054959159057470286,-0.3946136301560149,2.507276989641235,13.068752661614441,0.9953781648934856
