Constant,log_P(atm),log_Fuel(%),log_Oxidizer(%),T0/S_H__T,log_T0/T,training_adj_r2
7.695316887742669,-0.5467097998294788,-0.4933531551502641,0,4.828809642713921,9.624500662748815,0.895588428330953
7.695316887742669,-0.5467097998294788,-0.4933531551502641,0,4.828809642713921,9.624500662748817,0.895588428330953
