Constant,log_P(atm),log_Fuel(%),log_Oxidizer(%),T0/S_H__T,T0/T,training_adj_r2
-4.973076435289316,-1.1731477985430576,-0.6028046895803953,0.09885924516747302,5.624190742064143,12.301187384107578,0.9508423987535168
-4.973076435289316,-1.1731477985430576,-0.6028046895803953,0.09885924516747302,5.624190742064143,12.301187384107578,0.9508423987535168
-4.9730764352893155,-1.1731477985430576,-0.6028046895803953,0.09885924516747302,5.624190742064143,12.301187384107578,0.9508423987535168
-4.973076435289315,-1.1731477985430576,-0.6028046895803953,0.09885924516747302,5.624190742064144,12.301187384107578,0.9508423987535168
