,y_predicted,y_actual,Relative Error
800,19.440161307574254,19.0,0.023166384609171257
1508,19.886140498753484,21.0,0.05304092863078648
1247,16.28226512280204,16.0,0.017641570175127574
