features,VIF Factor
fixed_acidity,2.6448321479977266
volatile_acidity,1.1418622793959492
citric_acid,1.1687635853102578
residual_sugar,12.24642093550108
chlorides,1.238851781722383
free_sulfur_dioxide,1.7757346356903108
total_sulfur_dioxide,2.215333410187755
density,27.052219508490865
pH,2.191084154062291
sulphates,1.135894613406357
alcohol,7.427800116621322
