Constant,log_P(atm),log_Fuel(%),log_Oxidizer(%),T0/S_H__T,T0/T,Training_R2,Testing_R2
-0.4192,-0.3719,-0.3335,-0.0438,-2.9355,8.9928,0.7412768093664879,0.4854809014402611
