,y_predicted,y_actual,Relative Error
0,5.814770170143252,6.298949246855942,0.07686664199657804
1,4.572784506693079,5.278114659230517,0.13363297277067226
