,y_predicted,y_actual,Relative Error
0,4.495676835145711,4.605170185988092,0.02377617903797132
1,4.520523298706516,5.278114659230517,0.1435344643752866
