,y_predicted,y_actual,Relative Error
199,7.806162232673481,7.884952945759814,0.009992540682021827
118,6.612507687252714,6.529418838262226,0.012725305428959484
237,6.612955744330787,6.480044561926653,0.020510843889106883
381,6.804309251811237,6.755768921984255,0.007185019260949625
11,7.764729421682002,7.5485559791698735,0.02863772132162178
