features,VIF Factor
log_P(atm),4.765003261777851
log_Fuel(%),13.862331334337767
log_Oxidizer(%),12.337988282842444
T0/S_H__T,1.7119661965038424
T0/T,6.682338876737025
