features,VIF Factor
log_P(atm),1.6250332852238067
log_Fuel(%),9.549358908021217
log_Oxidizer(%),10.872218180772833
T0/S_H__T,2.5534645033472287
T0/T,3.2657747850512004
