features,VIF Factor
log_P(atm),1.6424316943060897
log_Fuel(%),8.550869347771611
log_Oxidizer(%),9.824609015351957
T0/S_H__T,2.2551222096375327
T0/T,3.026737446207226
