features,VIF Factor
log_P(atm),1.2042529312032602
log_Fuel(%),56.41036996135393
log_Oxidizer(%),71.49660169026858
T0/S_H__T,4.577248160031702
T0/T,8.065735250988446
