features,VIF Factor
log_P(atm),7.542683423170022
log_Fuel(%),100.78498872480057
log_Oxidizer(%),32.782249112252195
T0/S_H__T,4.9696631787703565
T0/T,26.01388754198034
