,y_predicted,y_actual,Relative Error
2,6.854024961127645,6.825460036255307,0.004185054885767059
23,6.684273542309621,6.723832440821209,0.00588338553343781
230,6.679035457904534,6.56244409369372,0.017766454471262363
82,6.56982663134718,6.525029657843462,0.006865405347218449
248,6.613324800728537,6.480044561926653,0.020567796645252868
342,7.2744780632119665,7.183111701743281,0.012719607499144428
