,y_predicted,y_actual,Relative Error
17,8.544526119796718,8.24380842366528,0.03647800636271159
254,7.201609631754735,7.501082124259871,0.03992390531715247
39,6.928629826838144,7.288244401020124,0.04934172818513688
0,6.755371474335396,6.672032945461067,0.012490725024225675
131,8.489871565130038,8.335431477880796,0.0185281455026137
251,6.5918401456527285,6.548219102762372,0.006661512421286345
107,6.985987779527365,7.01211529430638,0.003726053221091429
54,7.26948001533774,7.090076835776092,0.025303418244551394
