features,VIF Factor
fixed_acidity,1.824905292146327
volatile_acidity,1.7870182723722394
citric_acid,1.3278890228968503
residual_sugar,17.259946025173875
chlorides,1.7432325946771023
free_sulfur_dioxide,1.6331885298499034
total_sulfur_dioxide,1.9708768597698378
density,22.629901499154343
pH,2.375273094635266
sulphates,1.3537292956315847
alcohol,3.786749786913758
