,y_predicted,y_actual,Relative Error
1424,4.089043956887481,4,0.022260989221870142
3159,4.157672798272505,4,0.0394181995681262
