,y_predicted,y_actual,Relative Error
2348,6.858908931546836,7,0.02015586692188062
1893,8.402192520950168,9,0.06642305322775914
