Constant,fixed_acidity,volatile_acidity,citric_acid,residual_sugar,chlorides,free_sulfur_dioxide,total_sulfur_dioxide,density,pH,sulphates,alcohol,training_adj_r2
-117.81493798095407,-0.3412075100842895,-0.20397391072252966,-0.03495529750571391,-0.0384105040434715,0.02235164301321527,-0.006240908419121713,-0.10262865060943904,12.61437705796559,-1.6470641010058769,-0.017168001241335495,0.4388987442359536,0.9423435291954132
-117.81493798095408,-0.3412075100842895,-0.20397391072252963,-0.03495529750571391,-0.0384105040434715,0.022351643013215267,-0.006240908419121713,-0.10262865060943904,12.61437705796559,-1.6470641010058769,-0.017168001241335495,0.43889874423595354,0.9423435291954132
