Constant,fixed_acidity,volatile_acidity,citric_acid,residual_sugar,chlorides,free_sulfur_dioxide,total_sulfur_dioxide,density,pH,sulphates,alcohol,training_adj_r2
132.96370075025686,0.07508073875040858,-0.25128834475820944,-0.04120135812013028,0.10165014026347863,0.020631139135814013,0.03156103515344086,0.005580239328430048,-13.311312884550585,0.7218026033436556,0.05431972531345093,0.303329241838396,0.775636246610202
