Constant,fixed_acidity,volatile_acidity,citric_acid,residual_sugar,chlorides,free_sulfur_dioxide,total_sulfur_dioxide,density,pH,sulphates,alcohol,training_adj_r2
142.653433001837,0.0649161174025692,-0.19792083420181394,-0.009154788779554016,0.08329428193072226,-0.003238510232067454,0.041157874929182034,-0.02186231935871419,-14.281117720610451,0.7224946733353544,0.07924687793846522,0.19183325603266568,0.6688187531331447
