Constant,fixed_acidity,volatile_acidity,citric_acid,residual_sugar,chlorides,free_sulfur_dioxide,total_sulfur_dioxide,density,pH,sulphates,alcohol,training_adj_r2
128.43983090699538,0.11612785003741101,-0.26144288155605033,-0.03734147995278885,0.09997930373790534,-0.003564309027957561,0.025510842337313128,-0.08697805020105914,-12.848824858512142,0.8285752943630974,0.07448560126867697,0.2380747508977701,0.8127188610078299
128.43983090699734,0.11612785003741753,-0.2614428815560505,-0.03734147995279069,0.09997930373790598,-0.0035643090279577107,0.02551084233731321,-0.08697805020105781,-12.848824858512312,0.8285752943630987,0.07448560126867743,0.2380747508977668,0.8127188610078322
