Constant,fixed_acidity,volatile_acidity,citric_acid,residual_sugar,chlorides,free_sulfur_dioxide,total_sulfur_dioxide,density,pH,sulphates,alcohol,training_adj_r2
179.40382198846038,0.25205452978663456,-0.3010334498074713,-0.07805315084616879,0.13472611401869658,-0.008294295418219189,0.056108647839289816,-0.2773543310858208,-18.11229308083058,1.5280183168828343,0.07493745835360252,0.17477275844539694,0.8747574521390287
179.40382198845367,0.252054529786623,-0.30103344980747704,-0.07805315084617773,0.13472611401869167,-0.008294295418222408,0.05610864783928471,-0.2773543310858039,-18.112293080829915,1.5280183168827755,0.07493745835360442,0.17477275844540657,0.8747574521390323
