,y_predicted,y_actual,Relative Error
0,3.0095561104899606,4,0.24761097237750984
1,5.095321578647782,7,0.2720969173360311
2,2.9396063086838047,6,0.5100656152193659
