features,VIF Factor
log_P(atm),6.603884701259591
log_Fuel(%),4.60697477170617
log_Oxidizer(%),2.978060945301839
T0/S_H__T,3.8832737190486895
T0/T,11.22642400955682
