AGE,B,CHAS,CRIM,DIS,INDUS,LSTAT,NOX,PTRATIO,RAD,RM,TAX,ZN
60.65167464114832,366.8718181818182,0.04784688995215311,1.7895190909090917,4.245615789473682,9.81555023923445,11.271770334928226,0.5287502392344493,18.52200956937796,7.7272727272727275,6.316464114832538,370.8133971291866,12.588516746411484
