AGE,B,CHAS,CRIM,DIS,INDUS,LSTAT,NOX,PTRATIO,RAD,RM,TAX,ZN
61.90181818181818,362.759090909091,0.09090909090909091,1.7311956363636363,4.5148363636363635,8.882363636363635,9.427454545454545,0.5371618181818182,17.396363636363645,7.072727272727272,6.767436363636365,366.8,23.28181818181818
