AGE,B,CHAS,CRIM,DIS,INDUS,LSTAT,NOX,PTRATIO,RAD,RM,TAX,ZN
69.99907407407404,352.89851851851853,0.10185185185185185,2.9598281481481483,3.67281851851852,10.924444444444442,11.432407407407412,0.5433314814814815,18.041666666666675,9.203703703703704,6.26662037037037,400.3888888888889,12.787037037037036
