features,VIF Factor
log_P(atm),10.723583667129677
log_Fuel(%),29.62761213028532
log_Oxidizer(%),22.206315262311993
T0/S_H__T,1.7878118782944254
T0/T,17.947557274363472
