features,VIF Factor
log_P(atm),4.174578910668024
log_Fuel(%),18.370170385249185
log_Oxidizer(%),16.196592890056316
T0/S_H__T,2.3256170758424894
T0/T,6.034830142821205
