features,VIF Factor
log_P(atm),5.190914200830075
log_Fuel(%),26.915751171842885
log_Oxidizer(%),19.94402957098988
T0/S_H__T,2.243848013873149
T0/T,9.147348630092425
