,y_predicted,y_actual,Relative Error
3650,4.914767952110452,5,0.017046409577909573
2326,4.987486612959771,5,0.0025026774080458836
2328,4.982809001496548,5,0.0034381997006903476
4251,3.003098462277734,3,0.0010328207592446386
3394,4.916871691873518,5,0.016625661625296394
