,y_predicted,y_actual,Relative Error
441,21.950684145893362,20.8,0.05532135316795007
278,21.12038497256949,20.0,0.056019248628474475
407,12.00181828462382,11.9,0.008556158371749526
289,20.3429413029058,19.1,0.06507546088512033
