,y_predicted,y_actual,Relative Error
205,7.802571463023144,7.732369222284388,0.00907900783325711
133,7.710580845730055,7.501082124259871,0.027929133157018348
161,7.095368451172643,7.1204443723924875,0.003521679253203549
140,6.904694304668525,6.755768921984255,0.02204417948631212
