T0/S_H__T,T0/T,log_Fuel(%),log_Oxidizer(%),log_P(atm)
0.0728287749046806,0.764166529518062,-1.4232666708339772,1.3332495832719793,1.0923459192099583
