,y_predicted,y_actual,Relative Error
460,10.893347852711766,12.0,0.09222101227401946
474,19.644959252621277,19.0,0.033945223822172466
