,y_predicted,y_actual,Relative Error
198,17.118404198367887,17.0,0.006964952845169847
2199,9.950083330819956,13.0,0.2346089745523111
1566,12.622679082175225,12.0,0.05188992351460205
