,y_predicted,y_actual,Relative Error
48,4.4957332830870635,4.700480365792417,0.043558757142225894
