,y_predicted,y_actual,Relative Error
0,11.194079663057224,14.6,0.23328221485909426
1,50.396156888697455,50.0,0.007923137773949094
2,30.30670097295235,28.7,0.055982612297991285
3,17.423108444023036,13.4,0.3002319734345549
4,46.57820004568615,37.6,0.23878191610867422
