,y_predicted,y_actual,Relative Error
272,5.360620321259155,5.4510384535657,0.016587322411457127
186,4.524312044559221,4.248495242049359,0.06492105717336649
374,4.491818458256338,4.820281565605037,0.06814189231028263
81,4.4519304435642235,4.430816798843313,0.004765181157212813
380,5.26682578902457,5.730099782973574,0.08084920184559037
