,Constant,len,dia,hei,w_wei,s_wei,v_wei,sh_wei,Class,Time(μs)_actual,Time(μs)_predicted
216,1.0,0.475,0.365,0.14,0.4545,0.171,0.118,0.158,16,8,10.259193604880831
412,1.0,0.455,0.345,0.15,0.5795,0.1685,0.125,0.215,16,13,11.952209505683706
