,Constant,len,dia,hei,w_wei,s_wei,v_wei,sh_wei,Class,Time(μs)_actual,Time(μs)_predicted
63,1.0,0.185,0.13,0.045,0.029,0.012,0.0075,0.0095,30,4,3.0095561104899606
137,1.0,0.36,0.265,0.085,0.1865,0.0675,0.037000000000000005,0.0615,30,7,5.095321578647782
327,1.0,0.19,0.13,0.03,0.0295,0.0155,0.015,0.01,30,6,2.9396063086838047
