,Constant,len,dia,hei,w_wei,s_wei,v_wei,sh_wei,Class,Time(μs)_actual,Time(μs)_predicted
130,1.0,0.455,0.34,0.135,0.462,0.1675,0.158,0.12,9,9,13.676306231454333
255,1.0,0.475,0.37,0.125,0.655,0.266,0.1725,0.185,9,10,14.322843926453036
275,1.0,0.495,0.385,0.13,0.6905,0.3125,0.179,0.175,9,10,13.66035307197249
