,Constant,log_P(atm),log_Fuel(%),log_Oxidizer(%),T0/S_H__T,log_T0/T
84,1.0,0.5364933705145685,-1.3862943611198906,1.3862943611198906,0.10871928680147858,-0.42722659988967715
193,1.0,0.7654678421395714,-3.506557897319982,-0.7657178733947807,0.036635404454865184,-0.5341514490694873
