,Constant,log_P(atm),log_Fuel(%),log_Oxidizer(%),T0/S_H__T,log_T0/T
74,1.0,0.6471032420585384,-0.6931471805599453,1.3862943611198906,0.12254901960784313,-0.30748469974796055
108,1.0,0.62057648772511,-1.2517634681622845,1.3862943611198906,0.05225206395652628,-0.31261855774181246
242,1.0,0.131028262406404,0.1823215567939546,2.174751721484161,0.06825938566552901,-0.3818552424690306
243,1.0,0.20701416938432612,0.1823215567939546,2.174751721484161,0.06844626967830253,-0.37912113276856246
