,Constant,log_P(atm),log_Fuel(%),log_Oxidizer(%),T0/S_H__T,T0/T
33,1.0,0.06765864847381486,0.0,2.5649493574615367,0.1720578114246387,0.6882312456985548
43,1.0,0.7030975114131134,-2.995732273553991,-1.1239300966523995,0.1419647927314026,0.5678591709256104
56,1.0,0.5364933705145685,-1.3862943611198906,1.3862943611198906,0.10871928680147858,0.6523157208088715
183,1.0,0.7654678421395714,-3.506557897319982,-0.7657178733947807,0.036635404454865184,0.5861664712778429
