,Constant,log_P(atm),log_Fuel(%),log_Oxidizer(%),T0/S_H__T,T0/T
30,1.0,0.0769610411361284,0.0,2.5649493574615367,0.17580872011251758,0.7032348804500703
33,1.0,0.06765864847381486,0.0,2.5649493574615367,0.1720578114246387,0.6882312456985548
43,1.0,0.7030975114131134,-2.995732273553991,-1.1239300966523995,0.1419647927314026,0.5678591709256104
56,1.0,0.5364933705145685,-1.3862943611198906,1.3862943611198906,0.10871928680147858,0.6523157208088715
69,1.0,0.1823215567939546,-0.916290731874155,2.174751721484161,0.06872852233676977,0.6872852233676976
183,1.0,0.7654678421395714,-3.506557897319982,-0.7657178733947807,0.036635404454865184,0.5861664712778429
202,1.0,1.6174060820832772,0.7598708126028534,3.044522437723423,0.05107252298263534,1.0214504596527068
204,1.0,1.8656293177945105,0.688134638736401,3.044522437723423,0.05060728744939271,1.0121457489878543
