features,VIF Factor
fixed_acidity,5.296652695573571
volatile_acidity,1.3791843331047113
citric_acid,1.5372384631421168
residual_sugar,15.884449910943156
chlorides,1.9359481372468494
free_sulfur_dioxide,3.1778591298191663
total_sulfur_dioxide,4.666997681242046
density,42.3724578563991
pH,4.403999003214687
sulphates,1.6514246225528166
alcohol,10.184120937962026
