features,VIF Factor
fixed_acidity,3.256746989277211
volatile_acidity,1.1358199565121745
citric_acid,1.151528320263289
residual_sugar,15.27235687342464
chlorides,1.2442126297521332
free_sulfur_dioxide,1.7697451767358552
total_sulfur_dioxide,2.2332856497471356
density,39.76276073471145
pH,2.4478391039178855
sulphates,1.18155572763436
alcohol,11.98884489085033
