features,VIF Factor
fixed_acidity,3.386849638333269
volatile_acidity,1.154038998374797
citric_acid,1.2663687203225906
residual_sugar,18.878267531485207
chlorides,1.2264309238859683
free_sulfur_dioxide,2.011222937592889
total_sulfur_dioxide,2.413044300786458
density,40.507183675203954
pH,2.762809924065854
sulphates,1.1805890347060033
alcohol,9.006506440543712
