features,VIF Factor
log_P(atm),1.8076108053474487
log_Fuel(%),12.719513615389806
log_Oxidizer(%),13.797229837715484
T0/S_H__T,2.262737855104586
T0/T,4.24681323019464
