,y_predicted,y_actual,Relative Error
1862,7.974629516701069,8,0.0031713104123664015
1241,16.765273868071283,16,0.047829616754455184
2554,10.063794560914472,10,0.006379456091447189
3722,10.962222737562557,11,0.003434296585222056
41,12.900615819275885,13,0.007644936978778105
