,y_predicted,y_actual,Relative Error
314,4.65740402173819,4.77912349311153,0.02546899479554828
350,5.170871428085873,5.541263545158426,0.06684253763677699
2,5.154812890301619,5.278114659230517,0.023360949295268597
353,5.129645595495312,5.44673737166631,0.05821682863221857
33,4.945458573923982,4.919980925828125,0.005178403835288882
305,4.6554899904656555,4.465908118654584,0.042450911835639364
89,7.286384760253698,7.227662498728654,0.008124654621791351
