,y_predicted,y_actual,Relative Error
101,2.9595824050151593,3.0,0.013472531661613552
2471,8.086241713771727,8.0,0.010780214221465911
1908,2.870968098243417,3.0,0.04301063391886103
