Constant,log_P(atm),log_Fuel(%),log_Oxidizer(%),T0/S_H__T,T0/T,Training_R2,Testing_R2
-5.0658,-0.4573,-0.9433,0.5495,4.7817,10.1269,0.994102984780149,0.0
-5.0658,-0.4573,-0.9433,0.5495,4.7817,10.1269,0.994102984780149,0.0
