,Constant,fixed_acidity,volatile_acidity,citric_acid,residual_sugar,chlorides,free_sulfur_dioxide,total_sulfur_dioxide,density,pH,sulphates,alcohol,Class,Time(μs)_actual,Time(μs)_predicted
11,1.0,7.2,3.1,4.6000000000000005,5.0,4.0,0.3,0.29,9.906,3.04,5.300000000000001,12.5,17,4,4.171782356776504
43,1.0,6.9,4.1,2.2,4.2,3.1,1.0,1.02,9.93,3.0,8.6,11.6,17,4,3.960833310562464
219,1.0,7.0,2.2,2.6,1.1,3.7000000000000006,2.0,0.71,9.902,3.1,3.8,11.7,17,6,4.082104446465138
462,1.0,7.1,2.4,3.4000000000000004,1.2,4.5,0.6,1.32,9.9132,3.16,4.6000000000000005,11.2,17,4,3.7705045010571325
