features,VIF Factor
len,36.53557744329977
dia,36.85991022693169
hei,4.93545247680643
w_wei,78.08812610242754
s_wei,20.219796951274436
v_wei,14.305931169025692
sh_wei,15.424789813977936
