features,VIF Factor
len,35.86447426697795
dia,30.183141899139283
hei,2.45438000823779
w_wei,33.44345928625971
s_wei,7.077660161234928
v_wei,13.368634000515055
sh_wei,11.91665155174794
