features,VIF Factor
len,37.137963289944786
dia,36.944276973755954
hei,4.854922950936768
w_wei,42.93500838611985
s_wei,9.904812333885358
v_wei,12.758923647036507
sh_wei,14.4174734226593
