features,VIF Factor
len,32.096828637138806
dia,34.1930840719441
hei,3.8313675204119444
w_wei,48.564476938934575
s_wei,12.656171826241259
v_wei,11.074645292667782
sh_wei,12.21742460557768
