features,VIF Factor
len,39.55151143748622
dia,49.52978514745614
hei,3.589420025157482
w_wei,40.98610063968996
s_wei,5.00868279384866
v_wei,17.699671434106662
sh_wei,18.44036967500576
