features,VIF Factor
len,66.70336753496171
dia,66.6978661142602
hei,7.160731455429079
w_wei,52.72142292251663
s_wei,25.385828285244457
v_wei,11.405474442640793
sh_wei,19.5047338912306
