features,VIF Factor
female,1.8161739679682116
male,1.7361478217283488
len,35.9138335094972
dia,36.523180321840606
hei,5.029177394649537
w_wei,75.58615851124401
s_wei,19.755004030711472
v_wei,14.616456857165124
sh_wei,15.094643650516684
