features,VIF Factor
len,36.37895057365761
dia,37.19667768144566
hei,4.4962445627782
w_wei,78.22879023406907
s_wei,19.45780882110247
v_wei,14.347099741272398
sh_wei,16.07748333821381
