features,VIF Factor
female,2.0687823736552504
male,1.95442967234141
len,52.01145143734077
dia,50.330004694730825
hei,2.323482229046408
w_wei,27.386945242351327
s_wei,6.190417185521266
v_wei,12.885573465257417
sh_wei,16.694237444933464
