,y_predicted,y_actual,Relative Error
26,4.324226098840295,4.605170185988092,0.06100623338581713
329,4.860719023117315,5.327876168789581,0.08768168232002999
104,4.3791301859739304,4.59511985013459,0.04700414161217864
2,4.957489240624428,5.278114659230517,0.060746201874445876
145,7.237212266389404,6.320768294250582,0.1449893319096076
372,4.678244123207637,4.532599493153256,0.03213269345204343
42,4.003167016476938,3.8501476017100584,0.03974377883562588
175,6.3448611930502175,6.946975992135418,0.08667293506798458
