features,VIF Factor
len,60.400110722321045
dia,110.25662468455529
hei,10.354789827560614
w_wei,103.2538561039176
s_wei,6.234474367739476
v_wei,40.23615207420007
sh_wei,26.139998289664778
