features,VIF Factor
log_P(atm),1.9280755524941984
log_Fuel(%),11.410666109226275
log_Oxidizer(%),12.530428820904255
T0/S_H__T,2.561984049441451
T0/T,3.7187060674334393
