features,VIF Factor
log_P(atm),5.229984112367809
log_Fuel(%),15.99107361700621
log_Oxidizer(%),10.67491642267073
T0/S_H__T,3.2223798057327704
T0/T,6.883243948978601
