features,VIF Factor
log_P(atm),4.541913485170217
log_Fuel(%),17.567400374310807
log_Oxidizer(%),16.713635978388798
T0/S_H__T,2.481209714367468
T0/T,6.42588119425918
