,y_predicted,y_actual,Relative Error
0,4.9064015147696365,5,0.0187196970460727
1,5.128294354720548,7,0.2673865207542074
