,y_predicted,y_actual,Relative Error
0,4.171782356776504,4,0.042945589194125944
1,3.960833310562464,4,0.009791672359384052
2,4.082104446465138,6,0.31964925892247703
3,3.7705045010571325,4,0.05737387473571687
