,y_predicted,y_actual,Relative Error
0,4.717848086275197,6,0.21369198562080052
1,5.222722595651774,6,0.12954623405803764
2,4.300011954021286,4,0.07500298850532161
3,4.262898573234963,7,0.3910144895378624
4,4.2628985732349465,7,0.3910144895378648
5,4.1199938054278284,3,0.37333126847594283
6,3.868506153194363,4,0.03287346170140926
