,Constant,log_P(atm),log_Fuel(%),log_Oxidizer(%),T0/S_H__T,T0/T,Class,Time(μs)_actual,Time(μs)_predicted
13,1.0,0.8153648132841944,-3.146555163288575,-0.2876820724517809,0.030543677458766034,0.6108735491753207,8,3.58351893845611,3.8435550360353705
34,1.0,0.2151113796169455,-0.05129329438755058,1.8229350866965048,0.15772870662460567,0.6309148264984227,8,4.248495242049359,4.445568676170669
44,1.0,0.17395330712343798,0.6931471805599453,2.5649493574615367,0.16778523489932887,0.6711409395973155,8,4.605170185988092,4.746809088341949
47,1.0,0.19885085874516517,0.1823215567939546,2.580216829592325,0.06872852233676977,0.6872852233676976,8,4.74493212836325,4.8381065026380305
100,1.0,0.598836501088704,-1.9449106487222296,1.3862943611198906,0.04859086491739553,0.6802721088435374,8,4.532599493153256,4.499133231790313
119,1.0,0.598836501088704,-1.9449106487222296,1.3862943611198906,0.04859086491739553,0.6802721088435374,8,4.532599493153256,4.499133231790313
