Constant,fixed_acidity,volatile_acidity,citric_acid,residual_sugar,chlorides,free_sulfur_dioxide,total_sulfur_dioxide,density,pH,sulphates,alcohol,training_adj_r2
163.67146737037947,0.15317177018457667,-0.24219120079005374,-0.049192298634013865,0.12008931459403793,0.015051981248054186,0.03566394582904413,-0.040166040792633396,-16.45941027265547,0.9217663562057496,0.06564241845660723,0.24458173265576344,0.6210919509004864
