Constant,fixed_acidity,volatile_acidity,citric_acid,residual_sugar,chlorides,free_sulfur_dioxide,total_sulfur_dioxide,density,pH,sulphates,alcohol,training_adj_r2
54.65876645935214,0.178947524001575,-0.19280969575997775,0.011882858840757071,0.0410956350742826,-0.010344996144304508,0.10954088244140586,-0.10770994752096597,-5.149521916631329,0.21439442379557327,-0.010219440039749283,0.26136584419611886,0.7182463065158061
