features,VIF Factor
log_P(atm),2.1744043275227996
log_Fuel(%),9.55204189434217
log_Oxidizer(%),14.042366391894525
T0/S_H__T,1.8192487319077761
T0/T,5.359911701188154
