,Constant,log_P(atm),log_Fuel(%),log_Oxidizer(%),T0/S_H__T,T0/T,Class,Time(μs)_actual,Time(μs)_predicted
22,1.0,1.8421356765531218,0.5888971591861462,3.044522437723423,0.05324813631522897,1.0649627263045793,9,6.298949246855942,5.814770170143252
33,1.0,0.5247285289349821,-1.5606477482646683,1.3862943611198906,0.08909479686386315,0.7127583749109052,9,5.278114659230517,4.572784506693079
