,Constant,log_P(atm),log_Fuel(%),log_Oxidizer(%),T0/S_H__T,T0/T,Class,Time(μs)_actual,Time(μs)_predicted
2,1.0,2.468099531471619,0.6280751838162305,3.0252910757955354,0.07751937984496124,0.7751937984496124,3,4.770684624465665,5.032341455743417
10,1.0,0.6931471805599453,-0.6931471805599453,1.3862943611198906,0.13154433043935806,0.7892659826361483,3,7.520234556474628,7.218954578083322
17,1.0,1.5665304114228238,-1.0532565869473125,3.044522437723423,0.040290088638195005,0.8058017727639001,3,5.820082930352362,6.450737596839466
24,1.0,1.7387102481382397,-0.6045870035804651,3.044522437723423,0.048216007714561235,0.9643201542912246,3,7.865955413933502,8.153732932315435
27,1.0,1.3887912413184778,-0.5698681643997741,3.044522437723423,0.04363001745200698,0.8726003490401396,3,6.934397209928558,7.265222441901759
32,1.0,1.8809906029559975,-0.5711065546509208,3.044522437723423,0.04748338081671415,0.949667616334283,3,7.652070746116482,7.863074488652936
34,1.0,1.1314021114911006,-0.8675005677047231,1.3862943611198906,0.1,0.8,3,7.498315870766981,7.037641254710275
36,1.0,0.7227059828014898,-2.385966701933097,1.3862943611198906,0.030814741772463947,0.8628127696289906,3,8.261009786023827,8.408088282752168
37,1.0,0.12221763272424911,0.0,1.1786549963416462,0.15852885225110971,0.6341154090044389,3,5.717027701406222,5.618136823370912
