,Constant,log_P(atm),log_Fuel(%),log_Oxidizer(%),T0/S_H__T,T0/T,Class,Time(μs)_actual,Time(μs)_predicted
3,1.0,1.4134230285081433,-0.916290731874155,1.4816045409242156,0.0683526999316473,0.683526999316473,7,4.634728988229636,4.272148936887254
7,1.0,2.991724252156452,0.6280751838162305,3.0252910757955354,0.11764705882352941,1.1764705882352942,7,7.410347097821024,6.799461731804239
13,1.0,0.5766133643039938,-1.9449106487222296,1.3862943611198906,0.05105687736138058,0.7147962830593281,7,5.19295685089021,5.242035455435739
19,1.0,3.292126286607793,0.11600367575630613,3.033509637888021,0.061124694376528114,1.2224938875305624,7,6.78105762593618,7.024035013077406
40,1.0,0.7514160886839212,-3.506557897319982,-0.7657178733947807,0.03970775095298602,0.6353240152477764,7,4.77912349311153,4.790142182450536
