,Constant,log_P(atm),log_Fuel(%),log_Oxidizer(%),T0/S_H__T,T0/T,Class,Time(μs)_actual,Time(μs)_predicted
32,1.0,0.17395330712343798,0.6931471805599453,2.5649493574615367,0.16778523489932887,0.6711409395973155,10,4.605170185988092,4.495676835145711
43,1.0,0.5247285289349821,-1.5606477482646683,1.3862943611198906,0.08909479686386315,0.7127583749109052,10,5.278114659230517,4.520523298706516
