,y_predicted,y_actual,Relative Error
7,4.657833718098482,4.875197323201151,0.04458560150339593
