features,VIF Factor
log_P(atm),3.4050707302466603
log_Fuel(%),3.328850972409337
log_Oxidizer(%),2.920408995317815
T0/S_H__T,1.6738645525978402
T0/T,4.740986848519454
