,Constant,fixed_acidity,volatile_acidity,citric_acid,residual_sugar,chlorides,free_sulfur_dioxide,total_sulfur_dioxide,density,pH,sulphates,alcohol
916,1.0,7.4,2.0,4.3,7.8,4.5,2.7,1.53,9.963999999999999,3.19,5.5,9.0
2048,1.0,6.6,5.6000000000000005,1.6,3.1,4.5,2.8,0.92,9.94,3.12,3.5,9.1
2472,1.0,9.9,4.9,2.3000000000000003,2.4,8.7,1.9,1.15,9.948,2.77,4.4,9.4
2855,1.0,9.2,7.1,2.3000000000000003,6.2,4.2,1.5,0.93,9.948,2.89,3.4000000000000004,10.1
