features,VIF Factor
log_P(atm),4.441659006676185
log_Fuel(%),20.380548501610654
log_Oxidizer(%),17.355354596743908
T0/S_H__T,2.540980156371053
T0/T,6.412046870490902
