features,VIF Factor
log_P(atm),2.189189785513823
log_Fuel(%),5.410242235878065
log_Oxidizer(%),6.276803441073985
T0/S_H__T,2.122984395959186
T0/T,3.149794235489119
