,y_predicted,y_actual,Relative Error
4261,3.3659526085918943,3,0.12198420286396476
2357,4.0971441293621025,4,0.02428603234052562
1817,4.128120329458776,4,0.03203008236469396
