,y_predicted,y_actual,Relative Error
331,16.377167481384046,16.1,0.0172153715145369
53,19.633261882117267,19.8,0.008421117064784515
30,11.717111332614488,11.7,0.0014625070610674118
352,22.170907883001313,23.3,0.04845888914157459
259,20.319948268678786,20.3,0.0009826733339303101
287,20.380015094241337,20.4,0.0009796522430716595
