,y_predicted,y_actual,Relative Error
412,24.889329338347643,23.2,0.07281591975636396
265,40.65602829193625,43.8,0.07178017598319053
280,41.079091083172514,39.8,0.03213796691388234
