Constant,log_P(atm),log_Fuel(%),log_Oxidizer(%),T0/S_H__T,T0/T,training_adj_r2
-0.024556734236043543,-0.5803211047241126,-0.20851940884821096,0.0439357722696494,1.23848447833522,7.1070582195812495,0.9365130502566441
