Constant,log_P(atm),log_Fuel(%),log_Oxidizer(%),T0/S_H__T,T0/T,training_adj_r2
-1.7432655343370984,-0.6139712925200853,-0.5333237210190054,0.17471677201454464,3.1505956384135505,9.580614725638444,0.8760257780764821
