Constant,log_P(atm),log_Fuel(%),log_Oxidizer(%),T0/S_H__T,T0/T,training_adj_r2
1.1431969878427655,-0.46481433941401473,0.030099901152521813,0.017396581425955793,0.339382480867926,5.120710169983722,0.9735619327533587
