Constant,log_P(atm),log_Fuel(%),log_Oxidizer(%),T0/S_H__T,T0/T,training_adj_r2
-1.0292463268518608,-0.6063154872277682,-0.4981646884679642,0.23243972032791793,3.002155567994918,8.496314542623757,0.9740875295482204
