,y_predicted,y_actual,Relative Error
2048,6.421928087876665,6,0.07032134797944423
2778,8.150191444853732,8,0.018773930606716505
821,7.780532849508546,8,0.027433393811431728
1244,8.008237181807118,8,0.0010296477258897596
2656,8.01731998377303,8,0.0021649979716287238
3883,7.8733778766022064,8,0.015827765424724194
1988,8.229784764433074,8,0.028723095554134215
