,y_predicted,y_actual,Relative Error
291,4.856998896330506,4.812184355372417,0.009312723214366641
18,5.084694153435712,5.225746673713202,0.026991840417182635
21,4.871098864062967,4.912654885736052,0.00845897435086349
87,5.703842235100857,5.730099782973574,0.004582389289404502
101,5.8291248458717675,5.655991810819852,0.03061055263918761
259,5.480949018738466,5.3706380281276624,0.02053964352709513
200,5.075617755568555,5.111987788356544,0.007114655647423139
245,5.291618055781454,5.472270673671475,0.033012368843373954
