features,VIF Factor
fixed_acidity,2.1062001644686132
volatile_acidity,1.2304827784316787
citric_acid,1.1795197459271995
residual_sugar,10.482445657548988
chlorides,1.3776937073903959
free_sulfur_dioxide,1.5405340077435128
total_sulfur_dioxide,2.1280985406572404
density,19.125472227635417
pH,2.134901002947622
sulphates,1.1391168320886302
alcohol,5.292535459195934
