features,VIF Factor
fixed_acidity,6.8190436123670155
volatile_acidity,1.2252810832931196
citric_acid,1.5481228370788458
residual_sugar,17.663968307521415
chlorides,1.4299075006977184
free_sulfur_dioxide,2.739988430996802
total_sulfur_dioxide,3.4330044358782223
density,39.84759188173012
pH,4.989759700819712
sulphates,1.8350432410823982
alcohol,9.493684731115282
