features,VIF Factor
fixed_acidity,5.21288044614061
volatile_acidity,1.4568992148351072
citric_acid,1.9852042051035512
residual_sugar,13.758634665984186
chlorides,1.2214775017093105
free_sulfur_dioxide,2.812483920476523
total_sulfur_dioxide,3.1331383626379328
density,43.82487022777213
pH,3.9770479891980592
sulphates,1.3658927159635716
alcohol,18.456257754994454
