features,VIF Factor
log_P(atm),3.938999335084634
log_Fuel(%),17.679661520244494
log_Oxidizer(%),15.252292803902138
T0/S_H__T,2.399387599929422
T0/T,5.353615545368545
