,y_predicted,y_actual,Relative Error
432,22.428797937463322,27.1,0.17236907979840144
219,51.55378763432468,46.7,0.10393549538168469
357,21.933091094021975,19.7,0.11335487786913584
224,52.46961569635874,50.0,0.04939231392717474
