,y_predicted,y_actual,Relative Error
0,4.033603686216006,4,0.008400921554001517
1,4.002283101275642,4,0.000570775318910588
2,3.999818107264119,7,0.428597413247983
3,3.963033774694626,6,0.339494370884229
4,3.9998181072641232,7,0.4285974132479824
5,3.9850848434010095,4,0.0037287891497476133
6,4.020273504103438,4,0.005068376025859411
