,y_predicted,y_actual,Relative Error
0,7.170037723132708,5,0.4340075446265416
1,7.170037723132708,5,0.4340075446265416
2,8.29283878304659,8,0.036604847880823854
3,7.920592148806321,8,0.00992598139920986
4,7.998651127125235,8,0.00016860910934557438
