,y_predicted,y_actual,Relative Error
0,4.0249575113547955,5,0.19500849772904089
1,4.632459559311488,6,0.22792340678141873
2,4.131858703059903,6,0.3113568828233495
3,4.4925159140260815,7,0.35821201228198835
4,4.005131816798414,5,0.19897363664031714
5,4.005131816798414,5,0.19897363664031714
6,4.840481824275252,6,0.193253029287458
7,4.222787704070075,6,0.2962020493216541
8,4.445470622282078,7,0.3649327682454175
