,Constant,CRIM,ZN,INDUS,CHAS,NOX,RM,AGE,DIS,RAD,TAX,PTRATIO,B,LSTAT
84,1.0,38.3518,0.0,18.1,0,0.693,5.4529999999999985,100.0,1.4896,24,666,20.2,396.9,30.59
231,1.0,16.8118,0.0,18.1,0,0.7,5.277,98.1,1.4261,24,666,20.2,396.9,30.81
345,1.0,8.98296,0.0,18.1,1,0.77,6.2120000000000015,97.4,2.1222,24,666,20.2,377.73,17.6
