,y_predicted,y_actual,Relative Error
324,4.798133892817949,5.19295685089021,0.07603047154235028
360,4.989262339364229,5.030437921392435,0.008185287776458347
2,5.02590614279203,5.278114659230517,0.04778382674908694
299,4.441187901306715,4.418840607796598,0.005057275311240466
32,4.476226241840764,4.74493212836325,0.0566300801051027
367,5.013548118604704,5.19295685089021,0.03454847352616671
89,7.199218356267647,7.227662498728654,0.003935455268700097
