Constant,fixed_acidity,volatile_acidity,citric_acid,residual_sugar,chlorides,free_sulfur_dioxide,total_sulfur_dioxide,density,pH,sulphates,alcohol,training_adj_r2
124.53446096744617,0.018890518039685958,-0.1830955156718297,0.00213553950669515,0.0691386641581714,-0.013235234816788018,0.016326479744614552,0.10265325281258161,-12.300479702219032,0.26331786655090417,0.05916285781209841,0.13687279702767968,0.723402525480729
