Constant,fixed_acidity,volatile_acidity,citric_acid,residual_sugar,chlorides,free_sulfur_dioxide,total_sulfur_dioxide,density,pH,sulphates,alcohol,training_adj_r2
17.819879397291515,-0.0008485222546266158,-0.006959404584657214,0.00875577391283603,0.00945548517126471,-0.005656422906163805,-0.03156528801387498,-0.003647344974543998,-1.3624381311733487,0.05060001138523251,0.006648234747966997,-0.04045925806286643,0.819593280254751
