,y_predicted,y_actual,Relative Error
3601,4.9064015147696365,5,0.0187196970460727
2067,4.965868081215812,5,0.006826383756837551
2176,4.0814124278304345,4,0.020353106957608613
