features,VIF Factor
len,34.567366707554875
dia,34.329980997661785
hei,4.787513271924802
w_wei,74.01657216176606
s_wei,19.041957293411294
v_wei,13.744714539051083
sh_wei,14.965008401220418
