features,VIF Factor
len,55.81778220268858
dia,61.39077244766944
hei,7.648374288716526
w_wei,194.13236664321815
s_wei,42.942616820405675
v_wei,23.10702109156095
sh_wei,48.537403729819566
