,y_predicted,y_actual,Relative Error
2281,8.921746041692055,9,0.008694884256438348
3105,11.062709068350106,11,0.005700824395464175
2237,15.171462105044776,15,0.011430807002985096
3546,6.786976686130841,7,0.030431901981308407
2031,15.761501058669195,16,0.014906183833175324
