,y_predicted,y_actual,Relative Error
4261,3.6090219590372534,3,0.20300731967908447
494,4.077218066701782,4,0.019304516675445527
250,3.7148517433488024,4,0.0712870641627994
3649,3.755872795539034,4,0.061031801115241535
4148,3.774829140296649,3,0.258276380098883
2899,4.17030397469925,5,0.16593920506015003
