,y_predicted,y_actual,Relative Error
0,7.642854283867132,14.6,0.4765168298721142
1,10.871126477307303,8.3,0.30977427437437377
2,13.34243938367998,13.4,0.004295568382091009
3,30.667940055308264,50.0,0.3866411988938347
4,2.0644197687281096,8.8,0.7654068444627148
