,y_predicted,y_actual,Relative Error
64,4.819671293065246,4.8283137373023015,0.0017899508414885915
180,4.9456318311857155,5.0369526024136295,0.018130162905276206
14,4.996688426012614,5.017279836814924,0.004104098529888227
