features,VIF Factor
log_P(atm),2.117217395859226
log_Fuel(%),6.483727656939571
log_Oxidizer(%),7.140219720423882
T0/S_H__T,2.096035335645612
T0/T,3.09680362351474
