features,VIF Factor
CRIM,4.857177093524529
ZN,3.404950415478244
INDUS,7.3803894896061815
CHAS,1.9526182612907006
NOX,8.223057067962163
RM,4.788549740903131
AGE,6.289125559257179
DIS,5.893620233166366
RAD,6.568323650582417
TAX,6.583128959851476
PTRATIO,5.302505089592818
B,1.9278537237059425
LSTAT,5.139639815236596
