,y_predicted,y_actual,Relative Error
437,16.08367802007437,15.6,0.03100500128681859
279,18.893182408049455,20.0,0.055340879597527246
228,18.243628244492523,18.4,0.008498464973232353
