,Constant,log_P(atm),log_Fuel(%),log_Oxidizer(%),T0/S_H__T,log_T0/T
17,1.0,1.5953389880545987,-1.3727860110950982,3.044522437723423,0.04299226139294927,-0.15100287353652733
19,1.0,1.3862943611198906,-1.57310598318671,3.044522437723423,0.04638218923933209,-0.07510747248680545
95,1.0,0.7561219797213337,-1.7282214484240672,1.3862943611198906,0.03024071610015725,-0.16636153721522523
216,1.0,0.19885085874516517,-0.916290731874155,0.7884573603642703,0.059665871121718374,-0.5164100020598914
217,1.0,0.23111172096338664,-0.916290731874155,0.7884573603642703,0.06540222367560497,-0.4246139269469252
