,Constant,log_P(atm),log_Fuel(%),log_Oxidizer(%),T0/S_H__T,T0/T
16,1.0,0.12221763272424911,0.0,1.8718021769015913,0.16056518946692358,0.6422607578676943
28,1.0,0.14842000511827322,0.6931471805599453,2.5649493574615367,0.16479894528675015,0.6591957811470006
57,1.0,0.4824261492442928,-1.3862943611198906,1.3862943611198906,0.11671335200746966,0.7002801120448179
121,1.0,0.7514160886839212,-3.506557897319982,-1.1086626245216111,0.05605381165919283,0.5605381165919282
124,1.0,1.3217558399823195,-3.506557897319982,-1.1086626245216111,0.05847953216374269,0.5847953216374269
