,y_predicted,y_actual,Relative Error
143,4.27617766970086,4.430816798843313,0.03490081765123372
305,5.082434050289916,5.4510384535657,0.06762095083638013
349,4.684088170133835,4.532599493153256,0.033422030163796926
