features,VIF Factor
CRIM,2.4698294693263363
ZN,2.502562861158127
INDUS,3.567935463702202
CHAS,1.0398273102606477
NOX,5.184593460843502
RM,2.61377374061635
AGE,3.6603932871749247
DIS,3.974672256861337
RAD,8.622604316912886
TAX,10.038918728235956
PTRATIO,1.8217329743874158
B,1.7148502175415956
LSTAT,4.232625410281123
