,Constant,log_P(atm),log_Fuel(%),log_Oxidizer(%),T0/S_H__T,T0/T
200,1.0,0.7561219797213337,-1.7282214484240672,1.3862943611198906,0.03024071610015725,0.8467400508044031
