Constant,log_P(atm),log_Fuel(%),log_Oxidizer(%),T0/S_H__T,T0/T,Training_R2,Testing_R2
-1.1929,-0.6208,-0.4625,0.1798,2.2357,8.931,0.5951239057115103,-0.013638745474289227
