,y_predicted,y_actual,Relative Error
447,23.85217134468199,23.8,0.002192073305966005
408,19.21357127812185,19.3,0.004478172118038854
15,29.56338163990404,30.3,0.02431083696686337
292,14.156442335657308,13.4,0.056450920571440896
