,Constant,CRIM,ZN,INDUS,CHAS,NOX,RM,AGE,DIS,RAD,TAX,PTRATIO,B,LSTAT
20,1.0,7.67202,0.0,18.1,0,0.693,5.747000000000001,98.9,1.6334,24,666,20.2,393.1,19.92
86,1.0,25.0461,0.0,18.1,0,0.693,5.987,100.0,1.5888,24,666,20.2,396.9,26.77
227,1.0,14.2362,0.0,18.1,0,0.693,6.343,100.0,1.5741,24,666,20.2,396.9,20.32
