,Constant,CRIM,ZN,INDUS,CHAS,NOX,RM,AGE,DIS,RAD,TAX,PTRATIO,B,LSTAT
186,1.0,13.0751,0.0,18.1,0,0.58,5.712999999999999,56.7,2.8237,24,666,20.2,396.9,14.76
428,1.0,1.49632,0.0,19.58,0,0.871,5.404,100.0,1.5916,5,403,14.7,341.6,13.28
