,Constant,CRIM,ZN,INDUS,CHAS,NOX,RM,AGE,DIS,RAD,TAX,PTRATIO,B,LSTAT
17,1.0,0.06905,0.0,2.18,0,0.458,7.147,54.2,6.0622,3,222,18.7,396.9,5.33
54,1.0,4.55587,0.0,18.1,0,0.718,3.5610000000000004,87.9,1.6132,24,666,20.2,354.7,7.12
159,1.0,0.20746,0.0,27.74,0,0.609,5.093,98.0,1.8226,4,711,20.1,318.43,29.68
167,1.0,45.7461,0.0,18.1,0,0.693,4.519,100.0,1.6582,24,666,20.2,88.27,36.98
219,1.0,0.29819,0.0,6.2,0,0.504,7.686,17.0,3.3751,8,307,17.4,377.51,3.92
222,1.0,0.10659,80.0,1.91,0,0.413,5.936,19.5,10.5857,4,334,22.0,376.04,5.57
357,1.0,0.2896,0.0,9.69,0,0.585,5.39,72.9,2.7986,6,391,19.2,396.9,21.14
381,1.0,5.669980000000002,0.0,18.1,1,0.631,6.683,96.8,1.3567,24,666,20.2,375.33,3.73
442,1.0,11.1081,0.0,18.1,0,0.6679999999999999,4.9060000000000015,100.0,1.1742,24,666,20.2,396.9,34.77
