,y_predicted,y_actual,Relative Error
203,14.768768700618404,13.9,0.06250134536823046
172,29.597852852666634,29.0,0.02061561560919427
90,15.445243710674829,15.4,0.0029379032905732768
351,15.285784178671621,14.9,0.025891555615545014
