features,VIF Factor
log_P(atm),2.7707556858348954
log_Fuel(%),4.990792342356777
log_Oxidizer(%),5.468831351047561
T0/S_H__T,2.97432282225777
T0/T,2.8288059171542943
