features,VIF Factor
log_P(atm),5.192675132381591
log_Fuel(%),3.59866476612325
log_Oxidizer(%),4.275655603964388
T0/S_H__T,5.182512073852424
T0/T,4.474471951796566
