features,VIF Factor
log_P(atm),8.601424373249626
log_Fuel(%),12.636437941342997
log_Oxidizer(%),12.011005271896652
T0/S_H__T,4.537026361788573
T0/T,6.098660198972777
