features,VIF Factor
log_P(atm),3.9220643976227128
log_Fuel(%),10.155499684782372
log_Oxidizer(%),9.638869857940694
T0/S_H__T,3.5514336658256886
T0/T,2.826680457393735
