dia,hei,len,s_wei,sh_wei,v_wei,w_wei
0.3568617021276597,0.13202127659574467,0.4554255319148936,0.2618882978723404,0.223813829787234,0.14429787234042554,0.6968297872340425
0.35686170212765966,0.13202127659574467,0.45542553191489354,0.26188829787234036,0.223813829787234,0.14429787234042554,0.6968297872340425
