dia,hei,len,s_wei,sh_wei,v_wei,w_wei
0.3955053191489365,0.13917553191489362,0.5052925531914898,0.32919148936170195,0.23841755319148936,0.16968882978723407,0.7931196808510643
0.3955053191489365,0.13917553191489362,0.5052925531914898,0.32919148936170195,0.23841755319148938,0.16968882978723407,0.7931196808510643
