dia,hei,len,s_wei,sh_wei,v_wei,w_wei
0.4078755555555556,0.13787555555555545,0.5235200000000003,0.35108088888888883,0.2355524444444443,0.1771893333333334,0.8123693333333326
0.40787555555555555,0.13787555555555545,0.5235200000000003,0.35108088888888883,0.23555244444444431,0.1771893333333334,0.8123693333333326
