dia,hei,len,s_wei,sh_wei,v_wei,w_wei
0.4180821917808216,0.14437214611872146,0.5356050228310503,0.3822659817351597,0.257747716894977,0.1955605022831051,0.8965684931506861
0.4180821917808216,0.14437214611872146,0.5356050228310503,0.38226598173515974,0.257747716894977,0.1955605022831051,0.8965684931506861
