features,VIF Factor
fixed_acidity,3.735216880171865
volatile_acidity,1.1752292324945082
citric_acid,1.372500852911545
residual_sugar,9.867321359893015
chlorides,1.313619224394197
free_sulfur_dioxide,2.460739476111597
total_sulfur_dioxide,3.4389803265025294
density,20.876933088629382
pH,2.849101237870186
sulphates,1.4464059806443201
alcohol,6.145331552890046
