,y_predicted,y_actual,Relative Error
339,5.120444078602169,5.247024072160486,0.024124149578409894
227,6.1963353811976205,5.723585101952381,0.08259688129455423
269,5.548787138205212,5.726847747587197,0.031092254802304584
270,5.185998078296027,4.564348191467836,0.13619685894915837
171,6.371836301089655,6.946975992135418,0.08278993503027389
138,4.625946357569453,4.7535901911063645,0.026852090400161996
