Constant,fixed_acidity,volatile_acidity,citric_acid,residual_sugar,chlorides,free_sulfur_dioxide,total_sulfur_dioxide,density,pH,sulphates,alcohol,training_adj_r2
131.0171923051428,0.05013025604120423,-0.18453472430669568,-0.0018990806233230492,0.07467787741262341,-0.0012105385402722659,0.03815755012293242,-0.012961944344808471,-13.08572398428365,0.5827166243200921,0.06938029432554883,0.2206430895314787,0.27906567122089465
