,y_predicted,y_actual,Relative Error
15,4.105016873891169,4.290459441148391,0.04322207674980046
164,4.3846438602069995,4.382026634673881,0.0005972637209479334
31,5.329423500876284,5.497168225293202,0.030514751876266503
1,4.632777883476552,4.74493212836325,0.023636638386518957
