,y_predicted,y_actual,Relative Error
3,7.166257199879349,7.498315870766981,0.044284433546231274
39,6.1302185128188125,6.186208623900494,0.009050795808172826
307,5.743379354124431,5.717027701406222,0.004609327450298612
123,8.98317096004922,8.653819788948063,0.038058473498809975
348,6.988414932991324,7.282761179605593,0.04041684731315192
382,8.18423310189695,8.357962965845681,0.020786149048358765
