features,VIF Factor
fixed_acidity,2.0692816616592054
volatile_acidity,1.2718471911201783
citric_acid,1.3056552596734305
residual_sugar,10.049203585828664
chlorides,1.603763579137728
free_sulfur_dioxide,1.5527144559826032
total_sulfur_dioxide,2.023539141343337
density,16.43387292525149
pH,2.1326430957062836
sulphates,1.1969967591271724
alcohol,4.303806055481104
