features,VIF Factor
fixed_acidity,3.3572982419659887
volatile_acidity,1.1825604842547133
citric_acid,1.1865389384812406
residual_sugar,15.432137744687854
chlorides,1.3865572288581633
free_sulfur_dioxide,1.6073071899612543
total_sulfur_dioxide,2.4617035756884644
density,42.495939811603556
pH,2.7156568397184144
sulphates,1.1758788214707183
alcohol,13.406046090503038
