,y_predicted,y_actual,Relative Error
35,3.951720805340589,3.58351893845611,0.10274868731211773
