,Constant,fixed_acidity,volatile_acidity,citric_acid,residual_sugar,chlorides,free_sulfur_dioxide,total_sulfur_dioxide,density,pH,sulphates,alcohol
159,1.0,7.9,3.3000000000000003,2.8000000000000003,31.6,5.3,3.5,1.76,10.103,3.15,3.8,8.8
834,1.0,7.1,1.3,2.9,15.5,6.4,5.6,1.155,9.9737,3.16,4.1,9.7
1553,1.0,8.0,3.5999999999999996,4.3,10.1,5.3,2.9,1.46,9.982,3.4,4.6000000000000005,9.5
1658,1.0,7.9,3.3000000000000003,2.8000000000000003,31.6,5.3,3.5,1.76,10.103,3.15,3.8,8.8
1849,1.0,6.8,2.7,2.8000000000000003,13.3,7.6,5.0,1.63,9.979,3.03,3.8,8.6
3112,1.0,8.3,3.0,3.5999999999999996,10.0,4.2,3.3,1.69,9.982,3.23,5.1,9.3
3845,1.0,9.2,3.4000000000000004,5.4,17.3,6.0,4.6,2.35,10.018200000000002,3.08,6.1,8.8
4138,1.0,8.3,3.0,3.5999999999999996,10.0,4.2,3.3,1.69,9.982,3.23,5.1,9.3
