,y_predicted,y_actual,Relative Error
371,17.742681996313348,18.2,0.02512736283992592
5,23.744697389364752,22.8,0.04143409602476981
268,21.079189123575574,21.0,0.003770910646455913
97,23.831381226905325,24.3,0.019284723172620394
66,18.28830197503015,18.8,0.027217980051587726
