Constant,len,dia,hei,w_wei,s_wei,v_wei,sh_wei,Training_R2,Testing_R2
1.7253,1.5711,9.0422,11.5199,4.3381,-12.2526,-5.4974,8.1786,0.9359315795008908,0.9390369077717082
1.7253,1.5711,9.0422,11.5199,4.3381,-12.2526,-5.4974,8.1786,0.9359315795008908,0.9390369077717082
6.2286,-4.6813,12.0646,38.865,11.8706,-24.2394,-19.8144,15.3136,0.9961061387439768,0.9926087987057659
