Constant,len,dia,hei,w_wei,s_wei,v_wei,sh_wei,Training_R2,Testing_R2
5.1519,-11.8391,20.2794,34.9479,12.9692,-26.4139,-17.292,12.5924,0.9944228134961672,0.9962886870654281
