Constant,len,dia,hei,w_wei,s_wei,v_wei,sh_wei,Training_R2,Testing_R2
7.8855,-30.7454,41.1171,51.9875,14.8399,-29.7278,-25.6547,19.5938,0.941237713066346,0.9551428000728072
7.8855,-30.7454,41.1171,51.9875,14.8399,-29.7278,-25.6547,19.5938,0.9412377130663461,0.9551428000728072
