features,VIF Factor
log_P(atm),2.58759488379859
log_Fuel(%),22.36047399591189
log_Oxidizer(%),19.616785595442895
T0/S_H__T,3.466979815105469
T0/T,3.8484429595153813
