features,VIF Factor
log_P(atm),3.444833374813446
log_Fuel(%),31.893199748860145
log_Oxidizer(%),26.719119669551436
T0/S_H__T,3.283058056580847
log_T0/T,6.43991762848772
