features,VIF Factor
log_P(atm),2.805698564722012
log_Fuel(%),22.932943036545442
log_Oxidizer(%),19.488276162524922
T0/S_H__T,3.6386125873368362
T0/T,4.088847760563654
