features,VIF Factor
log_P(atm),4.323026504921846
log_Fuel(%),116.7030571767075
log_Oxidizer(%),62.887175041995654
T0/S_H__T,8.826919605464546
T0/T,19.636669747200287
