features,VIF Factor
log_P(atm),3.984287907932637
log_Fuel(%),33.95361750039459
log_Oxidizer(%),22.499065413312415
T0/S_H__T,5.710124220287751
T0/T,6.614275798539986
