features,VIF Factor
log_P(atm),8.079930835007803
log_Fuel(%),22.94879231783016
log_Oxidizer(%),23.918891787620193
T0/S_H__T,5.205180698706964
T0/T,10.099672430163363
