features,VIF Factor
log_P(atm),4.632508843991114
log_Fuel(%),43.00593809687991
log_Oxidizer(%),52.1798486669077
T0/S_H__T,1.5389495882392792
T0/T,8.82488768308767
