features,VIF Factor
log_P(atm),39.664277483976356
log_Fuel(%),1506.7639725823287
log_Oxidizer(%),565.1891767312811
T0/S_H__T,85.07685391475326
T0/T,469.52888489257657
