features,VIF Factor
log_P(atm),20.425179742269872
log_Fuel(%),92.50638155253428
log_Oxidizer(%),76.33069843696184
T0/S_H__T,6.313863046765765
log_T0/T,45.270580760153955
