features,VIF Factor
log_P(atm),3.542050040201182
log_Fuel(%),37.52738494115734
log_Oxidizer(%),22.93006230010721
T0/S_H__T,5.78763826073281
T0/T,6.680061977701131
