features,VIF Factor
log_P(atm),1.7175874474616974
log_Fuel(%),22.255701254576252
log_Oxidizer(%),24.249867608171233
T0/S_H__T,3.1184319158539537
T0/T,7.069663269909058
