,Constant,len,dia,hei,w_wei,s_wei,v_wei,sh_wei,Class,Time(μs)_actual,Time(μs)_predicted
62,1.0,0.285,0.225,0.07,0.1005,0.0425,0.0185,0.035,14,7,7.996745643362518
183,1.0,0.44,0.345,0.1,0.366,0.122,0.0905,0.12,14,13,10.677949125882527
283,1.0,0.45,0.345,0.115,0.496,0.1905,0.117,0.14,14,12,10.638937508271201
348,1.0,0.43,0.335,0.12,0.444,0.155,0.1145,0.14,14,13,10.984015957605349
374,1.0,0.475,0.355,0.125,0.4625,0.18600000000000005,0.107,0.145,14,9,10.8209545198096
388,1.0,0.72,0.55,0.205,2.165,1.1055,0.525,0.404,14,10,8.522770555237877
