,Constant,len,dia,hei,w_wei,s_wei,v_wei,sh_wei,Class,Time(μs)_actual,Time(μs)_predicted
29,1.0,0.45,0.355,0.105,0.5225,0.237,0.1165,0.145,8,8,14.616600395906312
52,1.0,0.435,0.325,0.1,0.342,0.1335,0.0835,0.105,8,6,14.432660390040752
98,1.0,0.415,0.315,0.125,0.388,0.068,0.09,0.125,8,12,17.779622079933013
102,1.0,0.53,0.405,0.13,0.738,0.2845,0.17,0.193,8,9,16.332517066019655
