,Constant,len,dia,hei,w_wei,s_wei,v_wei,sh_wei,Class,Time(μs)_actual,Time(μs)_predicted
42,1.0,0.605,0.475,0.18,0.9365,0.394,0.219,0.295,31,15,7.78269672854459
55,1.0,0.625,0.49,0.165,1.1835,0.517,0.2375,0.39,31,11,7.975167589965483
122,1.0,0.65,0.505,0.17,1.5595,0.695,0.3515,0.395,31,11,7.9232574025724345
208,1.0,0.19,0.145,0.04,0.038,0.0165,0.0065,0.015,31,4,2.9048314941454403
268,1.0,0.5,0.395,0.145,0.7865,0.332,0.1815,0.2455,31,8,6.588319641223945
301,1.0,0.69,0.525,0.19,1.492,0.6425,0.3905,0.42,31,12,8.602894691118824
353,1.0,0.42,0.32,0.13,0.4135,0.1645,0.106,0.119,31,10,5.553457054264413
384,1.0,0.655,0.515,0.155,1.3090000000000002,0.524,0.34600000000000003,0.385,31,11,8.780820270113304
413,1.0,0.6,0.48,0.175,1.229,0.4125,0.2735,0.415,31,13,9.071577088427414
