,y_predicted,y_actual,Relative Error
300,4.526051605238144,4.605170185988092,0.017180381517859614
338,5.2048862461565175,5.030437921392435,0.034678556318570884
2,4.804669386742057,4.969813299576001,0.03322939975391697
262,5.347551861991645,5.081404364984463,0.05237676002350503
