,y_predicted,y_actual,Relative Error
166,19.00024265570938,18.8,0.010651205090924347
384,21.55715955803418,21.7,0.006582508846351153
425,26.42744581366883,26.6,0.0064869994861343075
120,11.317290653116096,11.3,0.0015301462934597747
398,23.035806361381255,23.1,0.00277894539475094
49,18.822247094902664,19.2,0.01967463047381953
