,y_predicted,y_actual,Relative Error
3581,4.954126039797387,5,0.009174792040522562
2306,4.927837524604342,5,0.014432495079131514
3011,3.838012726728806,4,0.0404968183177985
1888,4.950111209066478,5,0.009977758186704478
1876,5.011835480233202,5,0.0023670960466404267
1547,5.147028603022989,5,0.02940572060459772
850,4.009436380535533,4,0.0023590951338832156
3366,4.843998427722113,5,0.031200314455577426
375,4.8929178526869155,5,0.021416429462616904
12,4.999705186429221,5,5.89627141557969e-05
