,y_predicted,y_actual,Relative Error
403,5.207586456484513,5.19295685089021,0.0028172014546577694
477,5.498008415001479,5.5053315359323625,0.0013301870892037534
6,6.4836666464939,6.280395838960195,0.03236592290452808
347,5.894341468559897,5.8971538676367405,0.0004769078677559114
64,8.420582529276302,8.470101583882387,0.005846335385199399
281,5.652188458518887,5.720311776607412,0.011909021876588629
179,5.080468170844102,5.081404364984463,0.00018423925220598122
