,Constant,CRIM,ZN,INDUS,CHAS,NOX,RM,AGE,DIS,RAD,TAX,PTRATIO,B,LSTAT
20,1.0,7.67202,0.0,18.1,0,0.693,5.747000000000001,98.9,1.6334,24,666,20.2,393.1,19.92
99,1.0,3.4742800000000003,0.0,18.1,1,0.718,8.78,82.9,1.9047,24,666,20.2,354.55,5.29
102,1.0,0.06417,0.0,5.96,0,0.499,5.933,68.2,3.3603,5,279,19.2,396.9,9.68
157,1.0,12.2472,0.0,18.1,0,0.584,5.8370000000000015,59.7,1.9976,24,666,20.2,24.65,15.69
227,1.0,14.2362,0.0,18.1,0,0.693,6.343,100.0,1.5741,24,666,20.2,396.9,20.32
367,1.0,0.25356,0.0,9.9,0,0.544,5.705,77.7,3.945,4,304,18.4,396.42,11.5
