,y_predicted,y_actual,Relative Error
0,3.9752787656003212,4,0.006180308599919693
1,4.018710609571486,4,0.004677652392871545
2,4.014939121175496,7,0.42643726840350055
3,3.938648565082438,6,0.34355857248626037
4,4.014939121175496,7,0.42643726840350055
5,3.868797898787975,4,0.032800525303006256
6,3.979788286142221,4,0.005052928464444717
