,y_predicted,y_actual,Relative Error
0,7.17451528425417,5,0.43490305685083397
1,7.17451528425417,5,0.43490305685083397
2,8.21336358197538,8,0.0266704477469224
3,7.889424831769134,8,0.013821896028858305
4,8.008624909729937,8,0.0010781137162421128
