features,VIF Factor
log_P(atm),2.267931191137148
log_Fuel(%),6.865776645106549
log_Oxidizer(%),6.158709210844318
T0/S_H__T,3.55957993461295
T0/T,4.245710153343806
