features,VIF Factor
log_P(atm),2.2821545232269624
log_Fuel(%),5.2886437827557025
log_Oxidizer(%),6.1674352489712865
T0/S_H__T,2.0741601392923394
T0/T,2.9277026777083814
