features,VIF Factor
log_P(atm),2.4314150745900873
log_Fuel(%),2.3934645730164523
log_Oxidizer(%),3.2659861060250828
T0/S_H__T,1.6822451950536046
T0/T,2.6259360936471436
