features,VIF Factor
log_P(atm),11.118778024643694
log_Fuel(%),49.5451243671011
log_Oxidizer(%),40.00532220569744
T0/S_H__T,6.037037559383962
T0/T,10.649428337649178
