features,VIF Factor
log_P(atm),2.9409597962133445
log_Fuel(%),7.187356643718004
log_Oxidizer(%),8.151880191623727
T0/S_H__T,7.76865036335814
T0/T,4.688520282195392
