features,VIF Factor
log_P(atm),4.521329000708463
log_Fuel(%),13.536261296925964
log_Oxidizer(%),13.903961739152463
T0/S_H__T,3.26045370761415
T0/T,7.060869861537686
