features,VIF Factor
log_P(atm),2.7245912529714764
log_Fuel(%),18.015380223068878
log_Oxidizer(%),14.435585978217775
T0/S_H__T,2.991446144129903
T0/T,4.159239272361598
