features,VIF Factor
log_P(atm),2.6404613323096964
log_Fuel(%),7.123800902178723
log_Oxidizer(%),8.160153434667876
T0/S_H__T,3.541690191636648
T0/T,3.1666523085903715
