features,VIF Factor
log_P(atm),3.366648643036161
log_Fuel(%),9.913496333650512
log_Oxidizer(%),12.15446917508553
T0/S_H__T,2.0859711053570686
T0/T,3.934407060693944
