,y_predicted,y_actual,Relative Error
0,23.9627964200521,23.0,0.041860713915308725
1,29.163377142075408,23.6,0.23573631957946636
2,26.042516473571634,24.8,0.050101470708533616
3,16.468098190352546,17.2,0.04255243079345661
4,22.552918804901665,20.0,0.12764594024508327
5,27.68440812644068,25.0,0.10737632505762719
6,36.725942324560016,43.1,0.14788996926774908
7,33.24048476693818,31.7,0.0485957339728133
