,y_predicted,y_actual,Relative Error
0,17.55310808838819,13.8,0.27196435423102816
1,7.9925854723145076,14.6,0.452562638882568
2,10.897855493202139,8.3,0.3129946377351973
3,13.128286941347074,13.4,0.020277093929322847
4,30.4155756769009,50.0,0.391688486461982
5,17.65135463602821,19.8,0.10851744262483795
6,2.3072779730187154,8.8,0.7378093212478732
