,y_predicted,y_actual,Relative Error
0,49.962410275204405,50.0,0.000751794495911895
