features,VIF Factor
log_P(atm),2.2437522044970666
log_Fuel(%),7.696334604743869
log_Oxidizer(%),7.78940576351814
T0/S_H__T,2.1019800096330834
T0/T,3.0969949824025584
