,y_predicted,y_actual,Relative Error
113,4.764292152245726,4.897839799950911,0.02726664267510815
141,4.915315271584648,5.099866427824199,0.0361874489952647
