features,VIF Factor
fixed_acidity,4.475588399927961
volatile_acidity,1.3429456701243687
citric_acid,1.3624349148228603
residual_sugar,15.66502974605608
chlorides,1.2723463205720755
free_sulfur_dioxide,2.196913547245288
total_sulfur_dioxide,2.6960744744735914
density,48.41355582719266
pH,3.3213907665136793
sulphates,1.3049039068833195
alcohol,17.27588134359237
