features,VIF Factor
fixed_acidity,5.054742774327895
volatile_acidity,3.407548519797828
citric_acid,3.060205898893672
residual_sugar,79.14945127441328
chlorides,14.957696824543797
free_sulfur_dioxide,2.649448110088548
total_sulfur_dioxide,4.668597511546373
density,249.1498739796992
pH,6.612641754816961
sulphates,5.0051859728959185
alcohol,47.4045116748945
