features,VIF Factor
fixed_acidity,1.9549915656528942
volatile_acidity,1.5880518923617235
citric_acid,1.2953808666477185
residual_sugar,16.771572933788516
chlorides,1.8008858788296096
free_sulfur_dioxide,1.489866341145383
total_sulfur_dioxide,2.158809880596498
density,22.508793290958923
pH,2.613296807837925
sulphates,1.2580305402769314
alcohol,4.366491897240585
