features,VIF Factor
fixed_acidity,2.1847886215130092
volatile_acidity,1.2255515176477636
citric_acid,1.166793273967691
residual_sugar,11.046550745492668
chlorides,1.3455110061906648
free_sulfur_dioxide,1.617918163306268
total_sulfur_dioxide,2.105026418170556
density,21.473753967948955
pH,2.146855353001862
sulphates,1.1393038364018773
alcohol,5.898479886119646
