features,VIF Factor
fixed_acidity,2.6012415262248294
volatile_acidity,1.4014871893144247
citric_acid,1.5861237942250797
residual_sugar,7.466353716779146
chlorides,1.3377687766733828
free_sulfur_dioxide,2.44163976083471
total_sulfur_dioxide,2.4765544874622587
density,14.923342109813593
pH,2.5372120500716497
sulphates,1.3628714349906819
alcohol,4.790590627640598
