Constant,log_P(atm),log_Fuel(%),log_Oxidizer(%),T0/S_H__T,T0/T,Training_R2,Testing_R2
-1.7183,-0.6122,-0.4966,0.1415,3.0601,9.612,0.9184976762598402,0.9501361977232178
