,Constant,log_P(atm),log_Fuel(%),log_Oxidizer(%),T0/S_H__T,T0/T,Class,Time(μs)_actual,Time(μs)_predicted
0,1.0,0.5364933705145685,-1.854699269001929,1.3862943611198906,0.026396367859782496,0.7390983000739099,7,6.56244409369372,5.730957631153352
9,1.0,3.1484533605716547,0.11600367575630613,3.033509637888021,0.06082725060827251,1.2165450121654502,7,6.690842277418564,7.729667538082234
37,1.0,0.5653138090500605,-1.5606477482646683,1.3862943611198906,0.09811616954474098,0.7849293563579278,7,7.110696122978827,6.158577731232261
41,1.0,0.20701416938432612,-1.6094379124341003,1.1314021114911006,0.04251700680272109,0.6802721088435374,7,5.19295685089021,5.398382725081681
