features,VIF Factor
log_P(atm),2.306351699622523
log_Fuel(%),7.865223321429907
log_Oxidizer(%),8.0194466764307
T0/S_H__T,2.0806047207232172
T0/T,3.243946157733433
