,y_predicted,y_actual,Relative Error
498,22.386156265024134,29,0.22806357706813332
