Constant,log_P(atm),log_Fuel(%),log_Oxidizer(%),T0/S_H__T,T0/T,training_adj_r2
-0.749447996550527,-0.5498645522238721,-0.2048176619934676,-0.03448903301980355,3.201411940665862,7.700363384398805,0.8784694504178271
0.20876697994210047,-0.5270361418074018,-0.12118718079271605,-0.04361253330479006,1.141056028687594,6.775149855640688,0.8608359776416503
-0.11720269631080338,-0.5341634915672817,-0.20387777615615427,0.042051247154652305,1.3789987596513744,6.837786109946755,0.8518107220482223
