,y_predicted,y_actual,Relative Error
18,4.395664034094103,4,0.09891600852352567
3048,5.1737962407791676,5,0.03475924815583351
