Constant,log_P(atm),log_Fuel(%),log_Oxidizer(%),T0/S_H__T,T0/T,Training_R2,Testing_R2
-1.3876,-0.6165,-0.4111,0.0906,2.4092,9.4016,0.6121481996951961,0.20074880063386946
