,y_predicted,y_actual,Relative Error
0,3.8435550360353705,3.58351893845611,0.07256445467295121
1,4.445568676170669,4.248495242049359,0.04638664348044489
2,4.746809088341949,4.605170185988092,0.030756496857556777
3,4.8381065026380305,4.74493212836325,0.01963660843910123
4,4.499133231790313,4.532599493153256,0.007383458744479003
5,4.499133231790313,4.532599493153256,0.007383458744479003
