,y_predicted,y_actual,Relative Error
18,4.365479495028259,4,0.09136987375706473
