features,VIF Factor
log_P(atm),5.030338251255154
log_Fuel(%),26.070814209902387
log_Oxidizer(%),17.536364510728678
T0/S_H__T,1.6928110104632161
T0/T,9.396473024859072
