features,VIF Factor
log_P(atm),4.843770360776623
log_Fuel(%),16.5291160062241
log_Oxidizer(%),14.555298873777708
T0/S_H__T,2.8051722820775375
T0/T,6.568280576305062
