features,VIF Factor
log_P(atm),2.286410571477113
log_Fuel(%),5.790689245961791
log_Oxidizer(%),6.446844124582102
T0/S_H__T,2.1910955182376726
T0/T,3.1950552879766407
