features,VIF Factor
log_P(atm),3.822275771524434
log_Fuel(%),47.717746448409045
log_Oxidizer(%),39.09591377498844
T0/S_H__T,5.601848520115768
T0/T,10.273925753400032
