features,VIF Factor
log_P(atm),3.4621965069747103
log_Fuel(%),8.094061795238758
log_Oxidizer(%),8.094837705879941
T0/S_H__T,5.8806951413344155
T0/T,4.861753647004956
