features,VIF Factor
len,41.57204608803329
dia,41.58298343300769
hei,5.944691844640263
w_wei,145.92527516256789
s_wei,37.77274066780452
v_wei,17.790684817836276
sh_wei,27.323821157527295
