features,VIF Factor
len,40.735053752730096
dia,43.166945215819666
hei,6.175123037750168
w_wei,123.35691959782139
s_wei,36.802970458585676
v_wei,20.237854437807602
sh_wei,24.557093875857184
