features,VIF Factor
len,30.74239461535432
dia,35.27820295611568
hei,1.3750666307492627
w_wei,108.21256841884514
s_wei,39.5483005634691
v_wei,18.15088667146964
sh_wei,21.020728475285548
