features,VIF Factor
len,32.12537222486706
dia,33.80984349310355
hei,4.69740709216554
w_wei,84.46738304821757
s_wei,25.81248887834192
v_wei,12.686036641799163
sh_wei,15.393682632307412
