features,VIF Factor
len,28.51109531397178
dia,22.758245492017377
hei,3.397739163351395
w_wei,36.33162476170403
s_wei,9.838615750822063
v_wei,10.985008552003105
sh_wei,9.939223787270192
