features,VIF Factor
log_P(atm),4.681384271859886
log_Fuel(%),20.04442835064161
log_Oxidizer(%),17.832406639533833
T0/S_H__T,2.2789655255048453
T0/T,6.675308522746203
