features,VIF Factor
log_P(atm),4.424435015384841
log_Fuel(%),17.6282095478102
log_Oxidizer(%),15.140087825008557
T0/S_H__T,2.143604536965276
T0/T,6.4272126716279026
