features,VIF Factor
log_P(atm),2.136988118234251
log_Fuel(%),5.6704341944522625
log_Oxidizer(%),6.46489020917618
T0/S_H__T,2.1962813160485304
T0/T,3.2372237826628885
