features,VIF Factor
fixed_acidity,2.644832147997691
volatile_acidity,1.1418622793959503
citric_acid,1.1687635853102587
residual_sugar,12.24642093550098
chlorides,1.2388517817223867
free_sulfur_dioxide,1.775734635690308
total_sulfur_dioxide,2.2153334101877435
density,27.052219508490865
pH,2.191084154062314
sulphates,1.1358946134063597
alcohol,7.427800116621298
