,y_predicted,y_actual,Relative Error
1,8.305340836786275,9.6,0.13486032950142965
42,19.410883370355016,19.4,0.0005609984719081195
271,18.19074363976297,19.1,0.04760504503858798
99,25.827568443199105,21.9,0.1793410248036122
327,22.78537872311702,23.3,0.022086750080814614
385,14.19012410364222,16.1,0.11862583207191192
