Constant,fixed_acidity,volatile_acidity,citric_acid,residual_sugar,chlorides,free_sulfur_dioxide,total_sulfur_dioxide,density,pH,sulphates,alcohol,training_adj_r2
162.8702117050118,0.20938066998942761,-0.22626977776477292,-0.030871189205175065,0.10372173726655887,0.009246346375894277,0.03163175445140631,-0.03671209337424375,-16.414975343329274,0.9350424223092704,0.04971094380006136,0.2548660886280132,0.988097929339147
