Constant,fixed_acidity,volatile_acidity,citric_acid,residual_sugar,chlorides,free_sulfur_dioxide,total_sulfur_dioxide,density,pH,sulphates,alcohol,training_adj_r2
131.07710573074948,-0.029706385891873504,-0.17440597525380225,0.020017945121968417,0.0680755294130717,0.006747598034409106,0.019845621925830337,0.12069586422120501,-12.927862805034378,0.07679192879853548,0.06089943990712241,0.18486774666531383,0.5011231700932324
