Constant,fixed_acidity,volatile_acidity,citric_acid,residual_sugar,chlorides,free_sulfur_dioxide,total_sulfur_dioxide,density,pH,sulphates,alcohol,training_adj_r2
14.725144927515345,-0.2013558512988806,-0.15933045049356173,-0.07628866516276651,-0.0029564121588749603,0.016256580466245545,-0.035090511016172804,-0.027170780575322406,-0.6858389207966873,-1.0513179480445523,0.06393724980300639,0.10051360107734733,0.22432346352795196
