Constant,fixed_acidity,volatile_acidity,citric_acid,residual_sugar,chlorides,free_sulfur_dioxide,total_sulfur_dioxide,density,pH,sulphates,alcohol,training_adj_r2
183.27014775966032,-0.041507105304675565,-0.18454507459271785,0.01422554750948083,0.08485757467553948,0.0006459021393610282,-0.003125785396821689,0.11033939662554731,-18.125378598502483,0.12211007774399874,0.08211664016518555,0.06159967581224231,0.42098882337265453
