Constant,log_P(atm),log_Fuel(%),log_Oxidizer(%),T0/S_H__T,T0/T,training_adj_r2
-2.2484348616900856,-0.71055476198455,-0.3273653895388296,-0.13730027559057809,3.061816825614727,12.263584234325325,0.9398136370076613
