,y_predicted,y_actual,Relative Error
166,6.146845448621286,6.042632833682381,0.017246226571637893
115,5.003161911066947,5.062595033026967,0.011739655566422938
112,4.972847575211963,4.927253685157205,0.00925340828139305
193,6.145049586189503,6.182084906716632,0.005990749251420198
