,y_predicted,y_actual,Relative Error
116,5.869760247562594,6.042632833682381,0.028608818519664833
268,3.893258493048762,3.8918202981106265,0.0003695429973562471
267,4.252842344982781,4.290459441148391,0.008767614909684605
68,7.345743674644256,7.621195162809845,0.03614282042136203
223,5.4933845300995285,5.777652323222656,0.04920126328483697
36,4.943800485114238,4.736198448394496,0.043833052812665946
