,y_predicted,y_actual,Relative Error
192,16.453109274155143,17.0,0.03217004269675632
168,21.926436324507122,22.3,0.016751734327034903
