features,VIF Factor
fixed_acidity,2.042481638209821
volatile_acidity,1.263195294543414
citric_acid,1.3119600654172416
residual_sugar,10.121691254208175
chlorides,1.597464167089133
free_sulfur_dioxide,1.5573876743333148
total_sulfur_dioxide,2.024449070590535
density,16.519488363093792
pH,2.1472238611446937
sulphates,1.1900163252609515
alcohol,4.305584203739562
