features,VIF Factor
fixed_acidity,4.439285763456735
volatile_acidity,1.4108824316146584
citric_acid,2.0443783559571727
residual_sugar,9.051464834671693
chlorides,1.766114367639105
free_sulfur_dioxide,2.273873084946747
total_sulfur_dioxide,3.4472268715201917
density,17.570698630861443
pH,3.172459256352054
sulphates,1.4250315671138492
alcohol,6.228931446318121
