,y_predicted,y_actual,Relative Error
0,14.616600395906312,8,0.827075049488289
1,14.432660390040752,6,1.4054433983401253
2,17.779622079933013,12,0.4816351733277511
3,16.332517066019655,9,0.8147241184466283
