,y_predicted,y_actual,Relative Error
0,10.259193604880831,8,0.28239920061010393
1,11.952209505683706,13,0.08059926879356105
