,y_predicted,y_actual,Relative Error
0,7.996745643362518,7,0.14239223476607396
1,10.677949125882527,13,0.17861929800903636
2,10.638937508271201,12,0.11342187431073321
3,10.984015957605349,13,0.1550756955688193
4,10.8209545198096,9,0.20232827997884448
5,8.522770555237877,10,0.14772294447621234
