,y_predicted,y_actual,Relative Error
0,17.538537051494572,18,0.02563683047252378
1,21.040412833545716,15,0.4026941889030477
2,17.1303738978596,11,0.5573067179872363
3,12.770984769135536,9,0.41899830768172625
4,11.337336190504047,7,0.6196194557862924
5,11.63241163549095,7,0.6617730907844214
6,16.38787069682961,11,0.4898064269845099
7,17.26190689024943,13,0.32783899155764856
8,15.94543703313946,15,0.06302913554263062
9,15.538444854400922,11,0.41258589585462924
