,y_predicted,y_actual,Relative Error
0,13.676306231454333,9,0.5195895812727037
1,14.322843926453036,10,0.4322843926453036
2,13.66035307197249,10,0.3660353071972491
