,y_predicted,y_actual,Relative Error
0,7.78269672854459,15,0.4811535514303607
1,7.975167589965483,11,0.2749847645485925
2,7.9232574025724345,11,0.27970387249341505
3,2.9048314941454403,4,0.27379212646363993
4,6.588319641223945,8,0.17646004484700684
5,8.602894691118824,12,0.28309210907343135
6,5.553457054264413,10,0.44465429457355865
7,8.780820270113304,11,0.20174361180788142
8,9.071577088427414,13,0.30218637781327584
