,y_predicted,y_actual,Relative Error
136,6.383419728484723,6.320768294250582,0.009911996662040134
8,3.4900928834286886,3.6109179126442243,0.03346102906201411
310,3.7122381271627383,3.6888794541139363,0.0063321866001210215
28,3.8685941316152257,3.8918202981106265,0.005967944230795149
95,3.425163420228745,3.295836866004329,0.03923936756651538
84,3.384196061179411,3.4011973816621555,0.0049986280050691705
141,6.641514771744985,6.695798917058491,0.008107194673246474
