,y_predicted,y_actual,Relative Error
16,3.638544035315962,3.7612001156935624,0.03261088923873505
