,y_predicted,y_actual,Relative Error
223,4.6316239132732715,4.454347296253507,0.03979856199557434
264,4.099635427663826,4.418840607796598,0.07223731482180341
