,Constant,log_P(atm),log_Fuel(%),log_Oxidizer(%),T0/S_H__T,T0/T
2,1.0,0.1906203596086497,-0.916290731874155,2.174751721484161,0.06983240223463687,0.6983240223463687
14,1.0,1.3217558399823195,-3.506557897319982,-1.1086626245216111,0.05847953216374269,0.5847953216374269
18,1.0,0.1823215567939546,-0.916290731874155,2.174751721484161,0.06872852233676977,0.6872852233676976
122,1.0,0.06765864847381486,0.0,2.5649493574615367,0.1720578114246387,0.6882312456985548
161,1.0,0.598836501088704,-1.9449106487222296,1.3862943611198906,0.04859086491739553,0.6802721088435374
190,1.0,1.8656293177945105,0.688134638736401,3.044522437723423,0.05060728744939271,1.0121457489878543
191,1.0,1.6174060820832772,0.7598708126028534,3.044522437723423,0.05107252298263534,1.0214504596527068
326,1.0,0.6471032420585384,-1.8325814637483102,1.3862943611198906,0.05811250581125058,0.697350069735007
