features,VIF Factor
log_P(atm),1.8752444365248413
log_Fuel(%),17.24005679807546
log_Oxidizer(%),16.748351437336225
T0/S_H__T,2.988343685882302
T0/T,4.109363946919463
