,Constant,CRIM,ZN,INDUS,CHAS,NOX,RM,AGE,DIS,RAD,TAX,PTRATIO,B,LSTAT
14,1.0,1.62864,0.0,21.89,0,0.624,5.019,100.0,1.4394,4,437,21.2,396.9,34.41
29,1.0,0.17899,0.0,9.69,0,0.585,5.67,28.8,2.7986,6,391,19.2,393.29,17.6
54,1.0,4.55587,0.0,18.1,0,0.718,3.5610000000000004,87.9,1.6132,24,666,20.2,354.7,7.12
381,1.0,5.669980000000002,0.0,18.1,1,0.631,6.683,96.8,1.3567,24,666,20.2,375.33,3.73
442,1.0,11.1081,0.0,18.1,0,0.6679999999999999,4.9060000000000015,100.0,1.1742,24,666,20.2,396.9,34.77
