,Constant,CRIM,ZN,INDUS,CHAS,NOX,RM,AGE,DIS,RAD,TAX,PTRATIO,B,LSTAT
186,1.0,13.0751,0.0,18.1,0,0.58,5.712999999999999,56.7,2.8237,24,666,20.2,396.9,14.76
376,1.0,15.0234,0.0,18.1,0,0.614,5.3039999999999985,97.3,2.1007,24,666,20.2,349.48,24.91
