features,VIF Factor
fixed_acidity,2.0517007143462593
volatile_acidity,1.268789140613201
citric_acid,1.2611399361753048
residual_sugar,11.130978027303865
chlorides,1.603395277986261
free_sulfur_dioxide,1.5671151697058447
total_sulfur_dioxide,2.077760105087986
density,18.251884618264352
pH,2.1354885206479577
sulphates,1.1961415479973818
alcohol,4.537825784550269
