,y_predicted,y_actual,Relative Error
3293,9.404029650911552,10,0.059597034908844826
3011,6.80706711246594,7,0.027561841076294336
3447,4.540686841928825,5,0.09186263161423494
882,7.9441250927690215,8,0.006984363403872318
1698,7.236367569870161,7,0.033766795695737324
2089,10.229301212036926,10,0.022930121203692623
