,Constant,fixed_acidity,volatile_acidity,citric_acid,residual_sugar,chlorides,free_sulfur_dioxide,total_sulfur_dioxide,density,pH,sulphates,alcohol,Class,Time(μs)_actual,Time(μs)_predicted
106,1.0,5.5,0.28,0.21,1.6,0.032,23.0,85.0,0.99027,3.42,0.42,12.5,2,5,7.945378438368692
157,1.0,5.8,0.15,0.31,5.9,0.036000000000000004,7.0,73.0,0.99152,3.2,0.43,11.9,2,6,8.075365155529454
281,1.0,5.4,0.5,0.13,5.0,0.028,12.0,107.0,0.99079,3.48,0.88,13.5,2,7,8.039675015178204
283,1.0,8.2,0.37,0.36,1.0,0.034,17.0,93.0,0.9906,3.04,0.32,11.7,2,8,7.6455240854397175
307,1.0,6.2,0.66,0.48,1.2,0.029,29.0,75.0,0.9892,3.33,0.39,12.8,2,8,7.257021650268058
328,1.0,8.0,0.3,0.28,5.7,0.044,31.0,124.0,0.9948,3.16,0.51,10.2,2,6,7.4410080649869315
331,1.0,5.2,0.44,0.04,1.4,0.036000000000000004,43.0,119.0,0.9894,3.36,0.33,12.1,2,8,7.577807270829368
419,1.0,6.5,0.18,0.31,1.7,0.044,30.0,127.0,0.9928,3.49,0.5,10.2,2,7,7.592639116384078
