,y_predicted,y_actual,Relative Error
73,6.294918142429243,6.320768294250582,0.00408971672713476
165,3.879930929977938,3.58351893845611,0.08271534115277526
