features,VIF Factor
log_P(atm),2.085803678958701
log_Fuel(%),5.80178411488804
log_Oxidizer(%),6.37613200326365
T0/S_H__T,2.0819522556457826
T0/T,2.955664967701202
