,y_predicted,y_actual,Relative Error
3,5.52615394007843,5.497168225293202,0.0052728447806746764
19,5.5887617223867885,5.616771097666572,0.004986739675294833
144,5.239803894091868,5.111987788356544,0.02500321030235018
79,5.88491337127199,5.777652323222656,0.018564815265572375
174,5.524872671505514,5.66988092298052,0.025575184636995624
242,5.7653604717277265,5.676753802268282,0.015608686327745943
