features,VIF Factor
log_P(atm),2.4603224464881173
log_Fuel(%),4.870192317602911
log_Oxidizer(%),5.2376598475854115
T0/S_H__T,2.0917363244729468
T0/T,3.3800206350427535
