,Constant,log_P(atm),log_Fuel(%),log_Oxidizer(%),T0/S_H__T,T0/T,Class,Time(μs)_actual,Time(μs)_predicted
31,1.0,0.6471032420585384,-1.8325814637483102,1.3862943611198906,0.05811250581125058,0.697350069735007,3,4.6443908991413725,4.914338575145706
