,Constant,log_P(atm),log_Fuel(%),log_Oxidizer(%),T0/S_H__T,T0/T,Class,Time(μs)_actual,Time(μs)_predicted
27,1.0,1.2149127443642704,-1.1394342831883648,1.3862943611198906,0.06500260010400416,0.7800312012480499,1,6.927557906278317,6.907747263692228
