features,VIF Factor
log_P(atm),5.323398663138764
log_Fuel(%),28.94592252561352
log_Oxidizer(%),19.66729652573853
T0/S_H__T,1.987600160317171
T0/T,10.483873802722714
