,y_predicted,y_actual,Relative Error
380,25.766548229926663,25.1,0.026555706371580133
10,22.406033663708058,22.6,0.008582581251855896
103,17.83147137671522,17.8,0.0017680548716416068
94,16.007071573102035,16.0,0.0004419733188771868
59,17.402288290889356,18.3,0.049055284650854916
340,11.38441767772035,11.0,0.03494706161094092
56,21.00386025599778,20.7,0.014679239420182592
76,22.443280068383565,21.6,0.03904074390664647
31,17.983080031417487,18.4,0.02265869394470174
