,y_predicted,y_actual,Relative Error
0,12.097300140900536,11.0,0.09975455826368512
1,11.748584602521635,11.0,0.06805314568378504
2,10.206612653115538,8.0,0.2758265816394423
3,19.294812405654895,17.0,0.13498896503852323
