,y_predicted,y_actual,Relative Error
0,18.79137166510557,9.0,1.0879301850117298
