,y_predicted,y_actual,Relative Error
0,8.773890280330248,11.0,0.20237361087906838
1,11.356861752541349,17.0,0.3319493086740383
2,2.97541240768267,5.0,0.404917518463466
3,5.109165203800639,6.0,0.14847246603322675
4,4.872333376379009,7.0,0.3039523748029987
5,2.923851215140142,4.0,0.26903719621496447
