,y_predicted,y_actual,Relative Error
0,4.8401192442017775,7.0,0.30855439368546034
1,8.429291873466587,10.0,0.15707081265334127
2,7.4974645448542,9.0,0.1669483839050889
3,10.79176292758736,15.0,0.28054913816084265
4,5.974767894059697,8.0,0.25315401324253783
5,8.949786417782475,12.0,0.25418446518479376
