,y_predicted,y_actual,Relative Error
0,9.567636944398314,9.0,0.06307077159981272
1,13.844024906956314,9.0,0.5382249896618126
2,6.836979526133468,5.0,0.3673959052266936
3,10.21809835858767,7.0,0.4597283369410956
4,12.868741868060098,10.0,0.28687418680600985
