features,VIF Factor
fixed_acidity,3.514257492404629
volatile_acidity,1.1406045919526646
citric_acid,1.267507818455174
residual_sugar,17.717200124276637
chlorides,1.1750029603285166
free_sulfur_dioxide,2.069292161939966
total_sulfur_dioxide,2.5998641423687503
density,38.29313955836642
pH,2.8252882507802437
sulphates,1.197913995526666
alcohol,8.780235704503964
