features,VIF Factor
fixed_acidity,3.7780631387314423
volatile_acidity,2.119213322765008
citric_acid,1.3117177092634849
residual_sugar,14.869342283678668
chlorides,2.250858830005112
free_sulfur_dioxide,3.529077397449234
total_sulfur_dioxide,4.7625403560778885
density,30.241167839938228
pH,2.7579698691024848
sulphates,1.6809391947152927
alcohol,9.660441129463567
