features,VIF Factor
fixed_acidity,3.0373392397291634
volatile_acidity,1.5297722250221488
citric_acid,1.6390174982294632
residual_sugar,14.719108599789388
chlorides,1.4325480145122846
free_sulfur_dioxide,1.562562100807306
total_sulfur_dioxide,2.1821404969025857
density,20.918178799469505
pH,2.7792409799303908
sulphates,1.276194205440507
alcohol,5.444073717268513
