features,VIF Factor
fixed_acidity,3.558889984336909
volatile_acidity,1.130320651952143
citric_acid,1.2177553771333038
residual_sugar,17.345118100433687
chlorides,1.1771772757726213
free_sulfur_dioxide,2.057242349989369
total_sulfur_dioxide,2.5717772350674837
density,42.090462829622496
pH,2.709328773243605
sulphates,1.1768665539941954
alcohol,11.246333621917392
