,y_predicted,y_actual,Relative Error
4,46.132086257385055,45.4,0.016125247960023265
23,18.61288454047069,23.1,0.1942474224904463
265,42.0087496661947,43.8,0.04089612634258663
106,17.318541297822264,18.2,0.04843179682295247
357,18.28009267809055,19.7,0.0720765138025101
429,47.710587910027755,48.8,0.022324018237136114
