,y_predicted,y_actual,Relative Error
403,22.248955426523516,17.2,0.2935439201467161
256,23.87039485104508,24.1,0.009527184603938617
332,27.26861716876303,24.5,0.11300478239849099
207,31.72823605929075,29.6,0.07189986686793072
206,35.18449449474258,36.2,0.02805263826677963
