,Constant,log_P(atm),log_Fuel(%),log_Oxidizer(%),T0/S_H__T,T0/T
65,1.0,0.767790723555711,-3.506557897319982,-1.1086626245216111,0.06693440428380187,0.6693440428380187
94,1.0,1.0508216248317612,-3.506557897319982,-1.1086626245216111,0.07309941520467836,0.7309941520467836
260,1.0,1.6937790608678513,-0.05129329438755058,1.8229350866965048,0.2032520325203252,0.8130081300813008
314,1.0,1.5953389880545987,0.9427379018890034,3.044522437723423,0.05328218243819267,0.8525149190110827
327,1.0,1.2837077723447896,-0.6931471805599453,1.3862943611198906,0.13144058885383805,0.7886435331230284
330,1.0,1.3217558399823195,-0.6931471805599453,1.3862943611198906,0.13217023526301877,0.7930214115781126
336,1.0,1.1314021114911006,-0.8675005677047231,1.3862943611198906,0.1,0.8
344,1.0,0.6575200029167941,-0.8675005677047231,1.3862943611198906,0.10105092966855295,0.8084074373484236
