features,VIF Factor
log_P(atm),5.460802821373939
log_Fuel(%),4.298444623318737
log_Oxidizer(%),4.000225268812186
T0/S_H__T,2.1039531122645294
T0/T,6.819442445323541
