features,VIF Factor
log_P(atm),8.562374278313136
log_Fuel(%),552.6726291364688
log_Oxidizer(%),439.06964254153064
T0/S_H__T,52.52902787875674
log_T0/T,13.594097166137585
