features,VIF Factor
log_P(atm),1.9243356987392195
log_Fuel(%),4.297996278663861
log_Oxidizer(%),3.240166123296298
T0/S_H__T,2.241554601688791
log_T0/T,2.8814582360393515
