features,VIF Factor
log_P(atm),2.2175423974457353
log_Fuel(%),25.875363075978704
log_Oxidizer(%),25.88311474555257
T0/S_H__T,4.313964039507463
T0/T,3.566162664956614
