features,VIF Factor
log_P(atm),33.57816155805684
log_Fuel(%),73.95437085003331
log_Oxidizer(%),232.53757572941058
T0/S_H__T,5.630586827235269
T0/T,62.40051318508709
