features,VIF Factor
log_P(atm),1.9731533544201412
log_Fuel(%),25.590093555024218
log_Oxidizer(%),25.653669900048914
T0/S_H__T,3.8011080217066513
T0/T,3.34253386688397
