features,VIF Factor
log_P(atm),2.2645486036876563
log_Fuel(%),4.105129993807421
log_Oxidizer(%),5.123057108264069
T0/S_H__T,1.7650952337526078
T0/T,3.77197509445173
