alcohol,chlorides,citric_acid,density,fixed_acidity,free_sulfur_dioxide,pH,residual_sugar,sulphates,total_sulfur_dioxide,volatile_acidity
10.887254901960784,4.382352941176471,3.625490196078431,9.93585098039216,7.098039215686272,4.000980392156864,3.177647058823529,5.848039215686273,4.717647058823531,1.4082352941176473,2.8647058823529417
10.887254901960784,4.382352941176471,3.625490196078431,9.935850980392159,7.098039215686272,4.000980392156863,3.177647058823529,5.848039215686274,4.717647058823531,1.4082352941176473,2.864705882352941
