alcohol,chlorides,citric_acid,density,fixed_acidity,free_sulfur_dioxide,pH,residual_sugar,sulphates,total_sulfur_dioxide,volatile_acidity
10.975409836065577,4.30081967213115,3.200000000000001,9.934401639344255,7.34016393442623,3.1213114754098377,3.1963114754098365,5.005327868852461,4.799180327868852,1.250163934426229,2.947131147540984
10.975409836065577,4.300819672131149,3.2000000000000015,9.934401639344255,7.34016393442623,3.1213114754098377,3.1963114754098365,5.005327868852461,4.799180327868852,1.250163934426229,2.9471311475409836
