alcohol,chlorides,citric_acid,density,fixed_acidity,free_sulfur_dioxide,pH,residual_sugar,sulphates,total_sulfur_dioxide,volatile_acidity
10.32740119313926,4.470022371364651,3.300447427293064,9.946659116331096,6.875279642058163,3.6109060402684543,3.1904697986577166,7.485234899328859,4.891946308724834,1.4309507829977637,2.7450223713646493
10.53684486373162,4.541981132075472,3.3138888888888824,9.939533647798736,6.836975890985324,3.5430293501048147,3.190754716981133,6.2833857442347885,4.94072327044023,1.370877882599582,2.7547955974842764
10.53684486373162,4.541981132075473,3.3138888888888824,9.939533647798735,6.8369758909853235,3.5430293501048147,3.190754716981133,6.2833857442347885,4.94072327044023,1.370877882599582,2.7547955974842764
