alcohol,chlorides,citric_acid,density,fixed_acidity,free_sulfur_dioxide,pH,residual_sugar,sulphates,total_sulfur_dioxide,volatile_acidity
10.588301282050962,4.615384615384613,3.0557692307692315,9.937767307692308,6.7846153846153845,2.637980769230769,3.2224038461538465,5.404326923076924,4.749999999999998,1.221826923076923,2.9250000000000003
10.588301282050965,4.615384615384613,3.0557692307692315,9.937767307692308,6.784615384615384,2.6379807692307695,3.222403846153846,5.4043269230769235,4.749999999999998,1.221826923076923,2.9250000000000003
