alcohol,chlorides,citric_acid,density,fixed_acidity,free_sulfur_dioxide,pH,residual_sugar,sulphates,total_sulfur_dioxide,volatile_acidity
11.064,4.984000000000002,3.432,9.932279999999997,7.128000000000003,3.242,3.0724,6.097999999999997,4.876,1.3218,2.9199999999999995
11.064,4.984000000000002,3.432,9.932279999999997,7.128000000000002,3.242,3.0724,6.097999999999998,4.876,1.3217999999999999,2.9199999999999995
