alcohol,chlorides,citric_acid,density,fixed_acidity,free_sulfur_dioxide,pH,residual_sugar,sulphates,total_sulfur_dioxide,volatile_acidity
9.838596491228067,4.821052631578948,3.296491228070174,9.963455263157892,7.375438596491227,3.5105263157894737,3.1228947368421056,9.82368421052632,4.7096491228070185,1.4453070175438594,2.686842105263157
9.838596491228069,4.821052631578948,3.296491228070174,9.963455263157892,7.375438596491227,3.510526315789474,3.1228947368421056,9.82368421052632,4.709649122807018,1.4453070175438594,2.686842105263157
