alcohol,chlorides,citric_acid,density,fixed_acidity,free_sulfur_dioxide,pH,residual_sugar,sulphates,total_sulfur_dioxide,volatile_acidity
10.174468085106383,4.457446808510638,3.293617021276596,9.948597872340427,7.193617021276596,3.5702127659574465,3.1917021276595747,7.259574468085105,4.872340425531914,1.3778723404255315,2.6638297872340435
