,Constant,log_P(atm),log_Fuel(%),log_Oxidizer(%),T0/S_H__T,T0/T
6,1.0,2.991724252156452,0.6280751838162305,3.0252910757955354,0.11764705882352941,1.1764705882352942
172,1.0,0.5596157879354227,-1.9449106487222296,1.3862943611198906,0.05366534292154127,0.7513148009015778
207,1.0,1.7613002617433464,0.25386672395705046,3.044522437723423,0.05186721991701245,1.037344398340249
227,1.0,2.064327903869788,0.024302292522964817,3.044522437723423,0.04284490145672665,0.856898029134533
240,1.0,1.9021075263969205,-0.5621189181535413,3.044522437723423,0.04180602006688963,0.8361204013377926
306,1.0,1.7934247485471162,0.4014570867106256,3.044522437723423,0.0536480686695279,1.0729613733905579
