features,VIF Factor
log_P(atm),1.5900077827831702
log_Fuel(%),9.954119224241937
log_Oxidizer(%),11.832545785983045
T0/S_H__T,2.2200238775200836
T0/T,3.8637671991272295
