,y_predicted,y_actual,Relative Error
0,5.953139625417475,10,0.4046860374582525
1,6.70779653137527,9,0.2546892742916367
2,7.106006733451205,14,0.49242809046777103
3,7.184514593703018,11,0.34686230966336196
4,6.833502777587393,13,0.4743459401855852
5,7.100288249655678,11,0.35451925003130197
