,y_predicted,y_actual,Relative Error
1969,8.008781425662281,8,0.0010976782077851688
1928,10.007230828080985,10,0.0007230828080984963
1850,13.126600039950969,13,0.009738464611612967
2644,9.033704969671838,9,0.0037449966302042347
