,y_predicted,y_actual,Relative Error
3704,8.818518314003656,9,0.02016463177737155
3380,8.968217080245733,9,0.003531435528251908
432,11.60355701027412,12,0.03303691581049003
364,8.609375078593482,8,0.07617188482418524
1479,3.2217650143574486,3,0.07392167145248285
2114,7.198166103596905,7,0.028309443370986415
962,7.870405590511888,8,0.01619930118601398
1625,3.330281293503711,3,0.11009376450123698
388,6.888152438207418,7,0.015978223113226036
3094,6.780374301738351,7,0.03137509975166416
