T0/S_H__T,T0/T,log_Fuel(%),log_Oxidizer(%),log_P(atm)
0.06806245464544756,0.7839226581373607,-1.5225884570619816,1.3143623311705745,1.2690839576469688
