T0/S_H__T,T0/T,log_Fuel(%),log_Oxidizer(%),log_P(atm)
0.07105810286674652,0.8021022455898192,-0.8766550165790185,1.9325368361414657,1.3810586851224738
