features,VIF Factor
CRIM,2.4124459839684684
ZN,2.2769943761679885
INDUS,5.9021933459754266
CHAS,1.5217776148626814
NOX,5.009136107264543
RM,3.2769441715282723
AGE,4.5201589297415605
DIS,4.294184804247438
RAD,8.2192887828622
TAX,10.416710043666892
PTRATIO,2.9718816463559325
B,1.6851916298663812
LSTAT,4.850929523414017
