,Constant,CRIM,ZN,INDUS,CHAS,NOX,RM,AGE,DIS,RAD,TAX,PTRATIO,B,LSTAT,Class,Time(μs)_actual,Time(μs)_predicted
2,1.0,0.30347,0.0,7.38,0,0.493,6.312,28.9,5.4159,5,287,19.6,396.9,6.15,11,23.0,23.9627964200521
5,1.0,0.09178,0.0,4.05,0,0.51,6.416,84.1,2.6463,5,296,16.6,395.5,9.04,11,23.6,29.163377142075408
8,1.0,0.03659,25.0,4.86,0,0.426,6.3020000000000005,32.2,5.4007,4,281,19.0,396.9,6.72,11,24.8,26.042516473571634
13,1.0,14.0507,0.0,18.1,0,0.597,6.657,100.0,1.5275,24,666,20.2,35.05,21.22,11,17.2,16.468098190352546
20,1.0,0.09744,0.0,5.96,0,0.499,5.841,61.4,3.3779,5,279,19.2,377.56,11.41,11,20.0,22.552918804901665
24,1.0,0.0536,21.0,5.64,0,0.439,6.511,21.1,6.8147,4,243,16.8,396.9,5.28,11,25.0,27.68440812644068
46,1.0,0.5341199999999999,20.0,3.97,0,0.647,7.52,89.4,2.1398,5,264,13.0,388.37,7.26,11,43.1,36.725942324560016
50,1.0,0.46296,0.0,6.2,0,0.504,7.412000000000001,76.9,3.6715,8,307,17.4,376.14,5.25,11,31.7,33.24048476693818
