features,VIF Factor
CRIM,1.606667915498865
ZN,2.6090505932930457
INDUS,3.9741690657195443
CHAS,1.2248256433587141
NOX,5.069536976199325
RM,1.6050002907101282
AGE,4.1092503047831945
DIS,5.075525082499823
RAD,12.756898233111485
TAX,13.232638269248033
PTRATIO,2.266003947702344
B,1.3597025306541626
LSTAT,3.599414976644705
