Constant,log_P(atm),log_Fuel(%),log_Oxidizer(%),T0/S_H__T,T0/T,Training_R2,Testing_R2
-2.3709,-0.7216,-0.3549,-0.1386,3.0416,12.4384,0.9480776672412876,0.530999100386273
