,y_predicted,y_actual,Relative Error
4261,3.3659526085916265,3,0.1219842028638755
2357,4.097144129361838,4,0.02428603234045945
1817,4.128120329458481,4,0.03203008236462024
