,y_predicted,y_actual,Relative Error
0,7.54393295375894,7,0.07770470767984859
1,6.961409652790024,7,0.005512906744282223
2,7.036408596479134,6,0.17273476607985572
3,6.917074002938534,7,0.011846571008780822
4,7.034924966232213,6,0.17248749437203545
