,y_predicted,y_actual,Relative Error
0,7.149531617615651,5,0.42990632352313013
1,7.149531617615651,5,0.42990632352313013
2,7.990925236416928,8,0.0011343454478840442
3,7.932123605726844,8,0.008484549284144549
