,y_predicted,y_actual,Relative Error
0,4.653379531313192,4,0.16334488282829795
1,4.671300331041806,6,0.22144994482636568
2,5.258733541060479,6,0.12354440982325343
3,4.527346233160927,4,0.13183655829023166
4,4.915566705963414,7,0.2977761848623694
5,4.6497259018187265,6,0.22504568303021225
6,4.197796710018594,3,0.39926557000619783
7,4.051078741424334,4,0.012769685356083471
