,y_predicted,y_actual,Relative Error
0,4.140343307277504,4,0.03508582681937611
1,3.8242821733047236,7,0.45367397524218234
2,4.103426936029457,6,0.3160955106617571
3,3.8242821733047236,7,0.45367397524218234
4,3.9028077872658233,4,0.024298053183544166
