features,VIF Factor
log_P(atm),1.591252383278381
log_Fuel(%),13.442736349604235
log_Oxidizer(%),13.558950552041734
T0/S_H__T,2.587485566786943
T0/T,3.8492669520199048
