features,VIF Factor
log_P(atm),2.173903695080091
log_Fuel(%),13.8823756530789
log_Oxidizer(%),17.05009718383941
T0/S_H__T,2.0590982969710856
T0/T,4.541319425188898
