features,VIF Factor
log_P(atm),1.9643973553779703
log_Fuel(%),17.525304873189974
log_Oxidizer(%),16.937899975645042
T0/S_H__T,2.9138190497202476
T0/T,4.091702473335465
