,y_predicted,y_actual,Relative Error
437,15.714530390197801,15.6,0.007341691679346245
206,34.26128527800299,36.2,0.05355565530378497
