,y_predicted,y_actual,Relative Error
368,5.212232353193798,5.247024072160486,0.006630752687277562
337,5.182513395793737,5.393627546352362,0.03914140321042357
2,5.175374886644107,5.278114659230517,0.019465240757272184
268,3.9294392747599396,3.828641396489095,0.02632732288881305
30,4.972368986366467,4.762173934797756,0.04413846584493506
219,5.35600058953204,5.5053315359323625,0.027124787204124735
69,5.217875800982085,5.176149732573829,0.008061217422995287
