,y_predicted,y_actual,Relative Error
345,4.821398470807357,4.532599493153256,0.06371597095449258
369,5.010751467161674,4.969813299576001,0.008237365292810028
24,4.397709648925552,4.605170185988092,0.045049483229472984
300,4.796533575355294,4.969813299576001,0.034866445432767026
