,y_predicted,y_actual,Relative Error
323,4.463258838952006,4.465908118654584,0.0005932230650942226
340,4.881511812548267,4.6443908991413725,0.051055330732547005
2,5.0670301143037175,5.278114659230517,0.039992413684619116
297,4.9679241069586375,4.564348191467836,0.08841917806472528
