,y_predicted,y_actual,Relative Error
151,4.702099538279448,4.532599493153256,0.03739576933330005
10,4.537300020474959,4.867534450455582,0.06784429228841202
295,5.1349221680422295,5.318119993844216,0.034447854883688254
37,4.441687494610646,4.564348191467836,0.02687365023695624
