,y_predicted,y_actual,Relative Error
217,4.638368635416339,4.736198448394496,0.020655767287648105
114,7.548073451792564,7.715569534520208,0.02170884235807226
83,5.441409575775513,5.497168225293202,0.010143158665062572
227,7.03976478426666,6.320768294250582,0.113751439151801
36,5.585671315916487,5.537334267018537,0.008729299436708332
