,y_predicted,y_actual,Relative Error
0,4.9287260156974835,4.976733742420574,0.0096464326218386
1,5.666186773853804,5.541263545158426,0.022544177456516646
2,5.631621588309575,5.44673737166631,0.03394402998114523
3,5.909041721732198,6.042632833682381,0.02210809685565041
4,5.772610210099517,5.75890177387728,0.002380390699563355
5,5.597733316867649,5.442417710521793,0.02853797973749522
6,5.3605445020370865,5.356586274672012,0.0007389458812210758
