,y_predicted,y_actual,Relative Error
0,5.139175724118447,5.087596335232384,0.01013826284307739
