,y_predicted,y_actual,Relative Error
0,7.026982087019027,7.112327444710911,0.011999638424317977
1,6.700056163136081,6.723832440821209,0.003536119898047925
2,6.842203053427667,6.90975328164481,0.009776069486675356
3,6.654475331920075,6.659293919683638,0.0007235883896518856
4,8.153363283722353,8.261009786023827,0.013030671199977637
5,7.716889569577762,7.727535110475448,0.0013776114563691718
6,6.566751854619945,6.56244409369372,0.0006564263047001936
