,y_predicted,y_actual,Relative Error
0,3.7637636413661513,3.8918202981106265,0.03290405181519898
