,y_predicted,y_actual,Relative Error
0,4.405419635787323,4.532599493153256,0.028058922381746964
