,y_predicted,y_actual,Relative Error
0,5.068912932334837,5.030437921392435,0.00764844165530458
1,5.09345272080009,5.247024072160486,0.029268276502715285
2,5.082195690357167,5.19295685089021,0.02132911243313267
