features,VIF Factor
len,35.51994216623128
dia,35.96069589634073
hei,4.784992442935618
w_wei,69.54475928339409
s_wei,17.946049489346407
v_wei,13.721090104765278
sh_wei,14.830218437649735
