,Constant,log_P(atm),log_Fuel(%),log_Oxidizer(%),T0/S_H__T,T0/T,Class,Time(μs)_actual,Time(μs)_predicted
8,1.0,2.7606426512213806,-2.3025850929940455,0.7884573603642703,0.08130081300813008,0.8130081300813008,1,6.548219102762372,6.712711746201924
13,1.0,2.7166795278002644,-2.3025850929940455,0.7884573603642703,0.08136696501220504,0.8136696501220505,1,6.56244409369372,6.752869283286512
30,1.0,0.6626879730752367,-2.14729220858801,1.3862943611198906,0.028210336267208307,0.7898894154818326,1,7.022868086082641,7.593874883449463
32,1.0,0.6575200029167941,-0.8675005677047231,1.3862943611198906,0.10105092966855295,0.8084074373484236,1,7.903226808730733,7.655469900849432
33,1.0,1.1314021114911006,-0.8675005677047231,1.3862943611198906,0.1,0.8,1,7.498315870766981,7.205114666255216
34,1.0,0.22314355131420976,-0.05129329438755058,1.8229350866965048,0.19952114924181963,0.7980845969672785,1,7.490529402060711,7.7679930546640295
