,Constant,log_P(atm),log_Fuel(%),log_Oxidizer(%),T0/S_H__T,T0/T,Class,Time(μs)_actual,Time(μs)_predicted
14,1.0,0.1906203596086497,-0.916290731874155,2.174751721484161,0.06983240223463687,0.6983240223463687,6,4.700480365792417,4.476841047976832
