,y_predicted,y_actual,Relative Error
0,4.295081524501006,4.976733742420574,0.13696778915643326
1,7.064026628279203,7.237778191923443,0.024006201770334353
2,6.513011383517792,6.660575149839686,0.022154808406515097
