,y_predicted,y_actual,Relative Error
0,3.9852043556425807,3.8918202981106265,0.023994956184716355
1,5.079659439029168,5.247024072160486,0.03189705837625497
2,5.05369372222066,5.19295685089021,0.026817694170841583
3,4.54313626568412,4.532599493153256,0.0023246643668340347
