,y_predicted,y_actual,Relative Error
0,5.28624774174702,5.030437921392435,0.05085239582556577
1,5.568185527207056,5.442417710521793,0.023108813651351492
