,y_predicted,y_actual,Relative Error
134,25.09193279010772,25.0,0.003677311604308784
365,27.527851997498324,27.5,0.001012799909029964
275,23.47713570556178,22.2,0.05752863538566573
412,22.048817794864135,23.2,0.04961992263516656
161,22.439352590019254,22.5,0.0026954404435886974
