features,VIF Factor
log_P(atm),4.017073202902889
log_Fuel(%),114.74294249905527
log_Oxidizer(%),263.5044395528883
T0/S_H__T,12.79555706454257
T0/T,16.64571551830632
