,Constant,log_P(atm),log_Fuel(%),log_Oxidizer(%),T0/S_H__T,T0/T
313,1.0,0.7080357930536959,-3.506557897319982,-0.5418004280654213,0.040956749672346006,0.6553079947575361
