,y_predicted,y_actual,Relative Error
17,8.223880195470631,6.695798917058491,0.22821492959102124
211,5.263050389163433,5.655991810819852,0.06947347782659918
45,6.993537244170669,6.78105762593618,0.031334288831553016
1,6.529772251559841,6.298949246855942,0.03664468400330605
