dia,hei,len,s_wei,sh_wei,v_wei,w_wei
0.3342105263157896,0.11315789473684212,0.43078947368421056,0.2254473684210527,0.17005263157894734,0.11978947368421056,0.5448157894736843
0.33421052631578957,0.11315789473684212,0.43078947368421056,0.22544736842105267,0.17005263157894737,0.11978947368421054,0.5448157894736843
