dia,hei,len,s_wei,sh_wei,v_wei,w_wei
0.4233582089552238,0.14832089552238806,0.540858208955224,0.3739888059701493,0.267231343283582,0.1965858208955224,0.9024813432835824
0.4233582089552238,0.14832089552238806,0.540858208955224,0.37398880597014933,0.267231343283582,0.1965858208955224,0.9024813432835823
