dia,hei,len,s_wei,sh_wei,v_wei,w_wei
0.4140219629375427,0.14047014413177766,0.5333768016472202,0.3764039121482503,0.23940425531914886,0.1860957446808514,0.8498908716540834
0.4140219629375427,0.14047014413177764,0.5333768016472202,0.37640391214825025,0.23940425531914883,0.1860957446808514,0.8498908716540834
