dia,hei,len,s_wei,sh_wei,v_wei,w_wei
0.4050915750915752,0.14135531135531135,0.5193956043956045,0.3525989010989013,0.23614835164835166,0.1736282051282052,0.8094084249084246
0.40509157509157523,0.14135531135531137,0.5193956043956045,0.3525989010989013,0.23614835164835163,0.1736282051282052,0.8094084249084246
