,y_predicted,y_actual,Relative Error
437,15.99199063593873,15.6,0.025127604867867363
206,34.02990135030031,36.2,0.05994747651104133
388,23.99738662358551,24.3,0.012453225366851506
245,37.646018210008975,37.0,0.017459951621864197
