,y_predicted,y_actual,Relative Error
185,5.774200947947958,5.7745515455444085,6.0714255243099716e-05
110,6.477831994003313,6.525029657843462,0.007233325565565109
236,6.054454331253332,5.886104031450156,0.02860131232877648
308,5.527491793253851,5.3471075307174685,0.03373492332071714
2,6.879655268900146,7.282761179605593,0.05535069745720782
