,y_predicted,y_actual,Relative Error
1613,19.979869300583253,20,0.0010065349708373362
1408,11.99820504275838,11,0.09074591297803458
1371,19.643376596105757,19,0.0338619261108293
2535,18.318568453392682,19,0.035864818242490396
